{"type":"FeatureCollection","features":[{"type":"Feature","properties":{"Major_or_M":"0","Known_or_a":"0"},"geometry":{"type":"MultiLineString","coordinates":[[[26.9707,39.5325],[27.0179,39.6035],[27.101,39.672],[27.1775,39.7108],[27.233,39.7838],[27.3948,39.8487],[27.4098,39.9323],[27.539,40.0071]]]}},{"type":"Feature","properties":{"Major_or_M":"0","Known_or_a":"0"},"geometry":{"type":"MultiLineString","coordinates":[[[26.9707,39.5325],[27.0194,39.5544],[27.1661,39.5718],[27.3525,39.6318],[27.5037,39.6244],[27.8233,39.6652],[27.8898,39.6373]]]}},{"type":"Feature","properties":{"Major_or_M":"1","Known_or_a":"1"},"geometry":{"type":"MultiLineString","coordinates":[[[27.8883,39.638],[28.0077,39.7612],[28.1267,39.8366],[28.1593,39.8742]],[[27.7853,39.0032],[27.7946,39.0893],[27.7838,39.1728],[27.852,39.1971],[27.9273,39.2647],[27.9841,39.3667],[27.986,39.4277],[27.9019,39.5675],[27.8886,39.6361]]]}},{"type":"Feature","properties":{"Major_or_M":"0","Known_or_a":"0"},"geometry":{"type":"MultiLineString","coordinates":[[[26.8072,39.2017],[26.7618,39.2216],[26.6899,39.3123],[26.7586,39.3381],[26.9372,39.4877],[26.9382,39.5061],[26.9707,39.5325],[26.9685,39.5895],[26.9111,39.6009],[26.8229,39.5755],[26.5519,39.5433]]]}},{"type":"Feature","properties":{"Major_or_M":"0","Known_or_a":"0"},"geometry":{"type":"MultiLineString","coordinates":[[[26.3322,39.5027],[26.2929,39.5055],[26.2761,39.5268],[26.1185,39.5307],[26.1058,39.5628],[26.1584,39.63],[26.1748,39.6858],[26.1508,39.759],[26.1879,39.8561],[26.3267,39.9986]]]}},{"type":"Feature","properties":{"Major_or_M":"0","Known_or_a":"0"},"geometry":{"type":"MultiLineString","coordinates":[[[26.4972,40.0458],[26.5356,39.9453],[26.5948,39.9134],[26.659,39.8316],[26.7307,39.772],[26.7182,39.5707]]]}},{"type":"Feature","properties":{"Major_or_M":"0","Known_or_a":"1"},"geometry":{"type":"MultiLineString","coordinates":[[[26.3606,40.0489],[26.3296,40.0126],[26.3187,39.9603],[26.3346,39.8434],[26.4532,39.576],[26.4848,39.5521],[26.5519,39.5433]]]}},{"type":"Feature","properties":{"Major_or_M":"0","Known_or_a":"0"},"geometry":{"type":"MultiLineString","coordinates":[[[27.3346,38.1848],[27.4731,38.1861],[27.6666,38.2226],[27.7069,38.2041],[27.7351,38.1682]]]}},{"type":"Feature","properties":{"Major_or_M":"0","Known_or_a":"1"},"geometry":{"type":"MultiLineString","coordinates":[[[26.3617,40.049],[26.3678,40.076],[26.4166,40.1228],[26.4178,40.196],[26.4993,40.1964],[26.6212,40.2779],[26.749,40.3914],[26.9102,40.3993],[26.9394,40.3736],[27.0566,40.3907]]]}},{"type":"Feature","properties":{"Major_or_M":"0","Known_or_a":"0"},"geometry":{"type":"MultiLineString","coordinates":[[[26.4977,40.0439],[26.4817,40.0953],[26.4901,40.1295],[26.4186,40.1397]]]}},{"type":"Feature","properties":{"Major_or_M":"1","Known_or_a":"0"},"geometry":{"type":"MultiLineString","coordinates":[[[27.0831,40.9739],[26.9263,40.9627],[26.8147,40.9324],[26.3826,40.926]]]}},{"type":"Feature","properties":{"Major_or_M":"1","Known_or_a":"0"},"geometry":{"type":"MultiLineString","coordinates":[[[26.9745,40.9689],[26.9565,40.9063],[26.9219,40.8909],[26.6581,40.8669],[26.0852,40.7315]]]}},{"type":"Feature","properties":{"Major_or_M":"1","Known_or_a":"0"},"geometry":{"type":"MultiLineString","coordinates":[[[26.1381,40.75],[26.1536,40.7887],[26.1323,40.8355],[26.0434,40.8613]]]}},{"type":"Feature","properties":{"Major_or_M":"1","Known_or_a":"1"},"geometry":{"type":"MultiLineString","coordinates":[[[24.7828,41.0839],[24.7687,41.0931],[24.7135,41.0321],[24.6189,40.9939],[24.4189,40.9386],[24.3764,40.9532],[24.2699,41.0446],[24.211,41.0621],[23.9071,40.9822]]]}},{"type":"Feature","properties":{"Major_or_M":"1","Known_or_a":"0"},"geometry":{"type":"MultiLineString","coordinates":[[[26.2658,40.9433],[26.3165,41.2415]]]}},{"type":"Feature","properties":{"Major_or_M":"1","Known_or_a":"1"},"geometry":{"type":"MultiLineString","coordinates":[[[26.3157,41.2394],[26.344,41.2734],[26.4079,41.2802],[26.4936,41.3301],[26.4935,41.3723]]]}},{"type":"Feature","properties":{"Major_or_M":"1","Known_or_a":"0"},"geometry":{"type":"MultiLineString","coordinates":[[[26.4929,41.3735],[26.5135,41.4078],[26.5501,41.4185],[26.563,41.4383],[26.5301,41.4986],[26.5166,41.5998],[26.567,41.6815],[26.2715,41.7424],[26.2042,41.781]]]}},{"type":"Feature","properties":{"Major_or_M":"0","Known_or_a":"0"},"geometry":{"type":"MultiLineString","coordinates":[[[26.2042,41.781],[26.1968,41.8716],[26.174,41.904],[26.1262,41.9284]]]}},{"type":"Feature","properties":{"Major_or_M":"0","Known_or_a":"0"},"geometry":{"type":"MultiLineString","coordinates":[[[26.2042,41.781],[26.1491,41.7908],[26.0677,41.868],[25.9559,41.9022],[25.915,41.945]],[[25.937,41.9199],[25.8542,42.0245],[25.8405,42.0892],[25.7075,42.2239],[25.6411,42.4526],[25.6025,42.5227],[25.5617,42.5595],[25.4525,42.611],[25.364,42.6197],[25.32,42.6445],[24.9977,42.6143],[24.7278,42.6578]]]}},{"type":"Feature","properties":{"Major_or_M":"0","Known_or_a":"0"},"geometry":{"type":"MultiLineString","coordinates":[[[26.563,41.683],[26.6644,41.6295],[26.8106,41.5901],[27.0878,41.4397]]]}},{"type":"Feature","properties":{"Major_or_M":"0","Known_or_a":"0"},"geometry":{"type":"MultiLineString","coordinates":[[[25.845,42.078],[25.5367,42.2151],[25.4413,42.2367],[25.2548,42.2413]]]}},{"type":"Feature","properties":{"Major_or_M":"0","Known_or_a":"0"},"geometry":{"type":"MultiLineString","coordinates":[[[25.3479,42.6356],[25.3303,42.7175],[25.332,42.852],[25.386,43.0053],[25.3301,43.1789],[25.3237,43.3627],[25.1453,43.5892]]]}},{"type":"Feature","properties":{"Major_or_M":"0","Known_or_a":"0"},"geometry":{"type":"MultiLineString","coordinates":[[[25.6399,43.2169],[25.8132,43.1243],[26.1278,43.0076],[26.2811,42.7863],[26.2893,42.721],[26.3584,42.6689],[26.4099,42.5628],[26.5148,42.4983],[26.5416,42.4618],[26.5309,42.201]],[[25.6694,43.4541],[25.6637,43.4814]]]}},{"type":"Feature","properties":{"Major_or_M":"1","Known_or_a":"0"},"geometry":{"type":"MultiLineString","coordinates":[[[27.7017,42.4207],[27.6622,42.4042],[27.5787,42.4404],[27.355,42.3959],[27.3045,42.4015],[27.2665,42.3752],[27.1425,42.3478],[26.979,42.3925],[26.8863,42.4003],[26.7196,42.4792],[26.1017,42.5213],[25.6413,42.437],[25.406,42.2876],[25.2085,42.223],[24.8735,42.2147],[24.7272,42.1707],[24.7353,42.1459],[24.4412,42.1316],[23.9628,42.3172],[23.8569,42.3797],[23.7813,42.4429],[23.7248,42.5589],[23.6626,42.6059]],[[27.6967,42.4172],[27.6964,42.3726],[27.7556,42.3006],[27.7368,42.2658],[27.7477,42.2332],[27.961,42.0772],[28.0249,41.9642],[28.047,41.8926],[27.9811,41.8926],[27.963,41.8357]]]}},{"type":"Feature","properties":{"Major_or_M":"0","Known_or_a":"0"},"geometry":{"type":"MultiLineString","coordinates":[[[27.259,44.1199],[27.4468,43.9595],[27.4533,43.674],[27.4354,43.5819],[27.4281,43.3132],[27.6362,43.1194],[27.6292,43.0374],[27.6783,42.8937],[27.6298,42.8067],[27.6045,42.7059],[27.5981,42.6201],[27.6224,42.5774],[27.4181,42.5578],[27.3085,42.5181],[27.2928,42.482],[27.3045,42.4015],[27.355,42.3959],[27.4974,42.425],[27.5077,42.3691],[27.4951,42.2732],[27.4571,42.2102],[27.4428,42.0175],[27.3203,41.8414]]]}},{"type":"Feature","properties":{"Major_or_M":"0","Known_or_a":"0"},"geometry":{"type":"MultiLineString","coordinates":[[[27.9087,43.2191],[27.7593,43.2256],[27.6231,43.2504],[27.4357,43.3157],[27.2518,43.3363],[26.9378,43.3188],[26.133,43.362],[26.0288,43.3456],[25.66,43.2378],[25.3117,43.2473],[24.7418,43.1426],[24.0601,43.2111],[23.6446,43.2776]]]}},{"type":"Feature","properties":{"Major_or_M":"0","Known_or_a":"0"},"geometry":{"type":"MultiLineString","coordinates":[[[27.7125,42.6656],[27.6338,42.6461],[27.6101,42.6094],[27.6224,42.5774]],[[28.7743,44.5527],[28.7336,44.5063],[28.5973,44.4414],[28.5316,44.3893],[28.5659,44.2501],[28.6437,44.1937],[28.6172,44.1401],[28.6372,44.0159],[28.578,43.9188],[28.5587,43.7654],[28.5287,43.6833],[28.5556,43.5791],[28.583,43.5605],[28.5844,43.5119],[28.5262,43.4363],[28.4396,43.4054],[28.4633,43.3856],[28.381,43.4266],[28.1239,43.4097],[28.0762,43.3766],[28.0113,43.2593],[27.9087,43.2191],[27.89,43.2003],[27.9246,43.1601],[27.8674,43.0357],[27.8848,42.9265],[27.866,42.8514],[27.8781,42.7225],[27.851,42.7089],[27.7071,42.7204],[27.6893,42.7007],[27.7128,42.6637]],[[29.148,45.011],[28.941,45.0389],[28.891,45.0389],[28.846,45.0181],[28.8103,44.9646],[28.8339,44.9439],[28.8375,44.8918],[28.9213,44.7697],[28.8193,44.7476],[28.7379,44.6898],[28.7208,44.6598],[28.7265,44.6155],[28.6708,44.4813]]]}},{"type":"Feature","properties":{"Major_or_M":"1","Known_or_a":"0"},"geometry":{"type":"MultiLineString","coordinates":[[[27.9656,41.8361],[28.0225,41.7391],[28.0886,41.6776],[28.0827,41.6336],[28.176,41.5392],[28.2183,41.5161],[28.3344,41.4581],[28.8605,41.269],[29.0901,41.2348],[29.0973,41.2109],[29.024,41.153],[29.0557,41.1151],[29.0299,41.0578],[28.9773,41.0354]]]}},{"type":"Feature","properties":{"Major_or_M":"0","Known_or_a":"0"},"geometry":{"type":"MultiLineString","coordinates":[[[27.3203,41.8414],[27.3768,41.767],[27.5171,41.663],[27.5353,41.633],[27.6817,41.6164],[27.8521,41.5404],[27.9069,41.4765],[27.9366,41.3916],[27.9845,41.3429],[28.0182,41.2792],[28.0685,41.2464],[28.1494,41.2453],[28.2959,41.1983],[28.3667,41.2033],[28.6406,41.1264],[28.7215,41.0639],[28.9562,41.0184]]]}},{"type":"Feature","properties":{"Major_or_M":"0","Known_or_a":"0"},"geometry":{"type":"MultiLineString","coordinates":[[[27.0771,41.4442],[27.1612,41.4233],[27.2951,41.4273],[27.3926,41.4089],[27.5738,41.2873],[27.6818,41.2574],[27.8063,41.1711],[27.8667,41.0277],[27.9463,40.9741]]]}},{"type":"Feature","properties":{"Major_or_M":"0","Known_or_a":"0"},"geometry":{"type":"MultiLineString","coordinates":[[[27.0647,40.9778],[27.0826,41.028]]]}},{"type":"Feature","properties":{"Major_or_M":"1","Known_or_a":"0"},"geometry":{"type":"MultiLineString","coordinates":[[[27.0586,40.972],[27.1881,40.9828],[27.2304,40.9602],[27.2977,40.9552],[27.4571,40.9666],[27.6679,41.0204],[27.746,41.0254],[27.8392,41.0042],[27.8772,40.9797],[27.9463,40.9741],[28.0205,41.049],[28.2299,41.0886],[28.4307,41.052],[28.5125,41.0156],[28.6145,41.0255],[28.8143,40.9811],[28.9413,41.0089]]]}},{"type":"Feature","properties":{"Major_or_M":"1","Known_or_a":"0"},"geometry":{"type":"MultiLineString","coordinates":[[[29.0263,40.9977],[29.1053,40.9577],[29.1456,40.9183],[29.3169,40.8546],[29.372,40.8062],[29.9253,40.7666]]]}},{"type":"Feature","properties":{"Major_or_M":"0","Known_or_a":"0"},"geometry":{"type":"MultiLineString","coordinates":[[[29.0263,40.9977],[29.0207,41.0246],[29.0565,41.0485],[29.1058,41.1238],[29.088,41.1634],[29.1718,41.2158],[29.254,41.2264],[29.5888,41.1646],[29.6217,41.1785],[29.7284,41.1521],[29.7607,41.1604],[29.8599,41.1334],[30.1738,41.1388],[30.2873,41.1981],[30.3395,41.1877]]]}},{"type":"Feature","properties":{"Major_or_M":"0","Known_or_a":"0"},"geometry":{"type":"MultiLineString","coordinates":[[[29.621,41.1738],[29.6956,41.0624],[29.6975,40.9922],[29.7469,40.9229],[29.7812,40.922],[29.8213,40.8844],[29.9393,40.8335],[29.9253,40.7666]]]}},{"type":"Feature","properties":{"Major_or_M":"1","Known_or_a":"1"},"geometry":{"type":"MultiLineString","coordinates":[[[11.1802,42.5607],[11.2405,42.5041],[11.2914,42.414],[11.372,42.4113],[11.5944,42.3581],[11.7106,42.2505],[11.7802,42.1163],[11.8421,42.0432],[11.9227,42.0401],[12.1282,41.9397],[12.2992,41.9077],[12.3349,41.8858],[12.465,41.9027]],[[11.7397,42.1967],[11.7081,42.2174],[11.7128,42.2466]],[[11.2866,42.4259],[11.304,42.4136]]]}},{"type":"Feature","properties":{"Major_or_M":"1","Known_or_a":"1"},"geometry":{"type":"MultiLineString","coordinates":[[[12.409,41.8926],[12.46,41.8921]]]}},{"type":"Feature","properties":{"Major_or_M":"1","Known_or_a":"1"},"geometry":{"type":"MultiLineString","coordinates":[[[12.4641,41.8666],[12.4438,41.8372],[12.3421,41.8176],[12.2734,41.783]]]}},{"type":"Feature","properties":{"Major_or_M":"1","Known_or_a":"1"},"geometry":{"type":"MultiLineString","coordinates":[[[12.2937,41.7585],[12.4107,41.7945],[12.4749,41.8493],[12.489,41.8844]]]}},{"type":"Feature","properties":{"Major_or_M":"1","Known_or_a":"1"},"geometry":{"type":"MultiLineString","coordinates":[[[12.4652,41.8452],[12.4191,41.7159],[12.4757,41.6662]]]}},{"type":"Feature","properties":{"Major_or_M":"1","Known_or_a":"1"},"geometry":{"type":"MultiLineString","coordinates":[[[12.4824,41.8955],[12.4544,41.9584],[12.3738,42.0163],[12.3402,42.1525],[12.2758,42.2224],[12.1754,42.2522],[12.0615,42.3401],[12.0598,42.4996],[12.038,42.5158]]]}},{"type":"Feature","properties":{"Major_or_M":"1","Known_or_a":"1"},"geometry":{"type":"MultiLineString","coordinates":[[[12.5508,42.0434],[12.519,42.0198],[12.5025,41.9767],[12.5095,41.9308],[12.4897,41.9098]],[[12.5186,42.0148],[12.526,42.0216]]]}},{"type":"Feature","properties":{"Major_or_M":"1","Known_or_a":"1"},"geometry":{"type":"MultiLineString","coordinates":[[[12.4994,41.8978],[12.5782,41.9312],[12.7929,41.9695]]]}},{"type":"Feature","properties":{"Major_or_M":"1","Known_or_a":"1"},"geometry":{"type":"MultiLineString","coordinates":[[[12.7997,41.9677],[12.8156,41.9585],[12.8878,42.0189],[12.9489,42.0409],[12.9995,42.0236],[13.0321,42.0435]]]}},{"type":"Feature","properties":{"Major_or_M":"1","Known_or_a":"1"},"geometry":{"type":"MultiLineString","coordinates":[[[12.6423,42.0205],[12.6114,41.9704],[12.5294,41.9335],[12.4869,41.8948]]]}},{"type":"Feature","properties":{"Major_or_M":"0","Known_or_a":"1"},"geometry":{"type":"MultiLineString","coordinates":[[[12.6313,41.4529],[12.7027,41.5554],[12.6919,41.6725]]]}},{"type":"Feature","properties":{"Major_or_M":"0","Known_or_a":"0"},"geometry":{"type":"MultiLineString","coordinates":[[[12.6562,41.458],[12.7313,41.5653]]]}},{"type":"Feature","properties":{"Major_or_M":"0","Known_or_a":"1"},"geometry":{"type":"MultiLineString","coordinates":[[[12.7737,41.6844],[12.7581,41.6105],[12.7313,41.5653]]]}},{"type":"Feature","properties":{"Major_or_M":"0","Known_or_a":"0"},"geometry":{"type":"MultiLineString","coordinates":[[[12.7815,41.684],[12.8072,41.6712],[12.858,41.6018],[12.9539,41.5546],[12.9791,41.5558]]]}},{"type":"Feature","properties":{"Major_or_M":"0","Known_or_a":"0"},"geometry":{"type":"MultiLineString","coordinates":[[[12.7305,41.5399],[12.8251,41.5978]]]}},{"type":"Feature","properties":{"Major_or_M":"1","Known_or_a":"1"},"geometry":{"type":"MultiLineString","coordinates":[[[12.5417,41.609],[12.545,41.7026],[12.5178,41.7556],[12.5155,41.8347],[12.4814,41.8772]]]}},{"type":"Feature","properties":{"Major_or_M":"1","Known_or_a":"1"},"geometry":{"type":"MultiLineString","coordinates":[[[12.3492,41.8198],[12.4409,41.8532],[12.4792,41.8878]]]}},{"type":"Feature","properties":{"Major_or_M":"1","Known_or_a":"0"},"geometry":{"type":"MultiLineString","coordinates":[[[12.6196,41.4536],[12.6542,41.6425],[12.6455,41.7062],[12.6129,41.7309],[12.6197,41.7538]]]}},{"type":"Feature","properties":{"Major_or_M":"1","Known_or_a":"1"},"geometry":{"type":"MultiLineString","coordinates":[[[11.9823,42.6482],[12.003,42.8373],[12.019,42.8727]]]}},{"type":"Feature","properties":{"Major_or_M":"1","Known_or_a":"0"},"geometry":{"type":"MultiLineString","coordinates":[[[12.5146,42.5223],[12.5788,42.5539],[12.6356,42.5584],[12.729,42.6119],[12.734,42.6613],[12.7141,42.7107],[12.7672,42.8206],[12.702,42.9597]]]}},{"type":"Feature","properties":{"Major_or_M":"1","Known_or_a":"0"},"geometry":{"type":"MultiLineString","coordinates":[[[13.7574,42.2187],[13.6484,42.2918],[13.3364,42.3671],[13.3006,42.3691],[13.2295,42.3424],[13.177,42.3633]]]}},{"type":"Feature","properties":{"Major_or_M":"1","Known_or_a":"0"},"geometry":{"type":"MultiLineString","coordinates":[[[13.2823,42.36],[13.3605,42.4871],[13.5245,42.5677],[13.5537,42.5627],[13.5844,42.5841],[13.6589,42.5802],[13.7199,42.612],[13.8035,42.6192],[13.9629,42.5846]]]}},{"type":"Feature","properties":{},"geometry":{"type":"MultiLineString","coordinates":[[[13.7779,41.2423],[13.9222,41.234],[14.0468,41.2569]]]}},{"type":"Feature","properties":{"Major_or_M":"0","Known_or_a":"0"},"geometry":{"type":"MultiLineString","coordinates":[[[12.1717,42.1328],[12.0181,42.2863],[11.9494,42.3342],[11.9211,42.3862],[11.7243,42.4978]]]}},{"type":"Feature","properties":{"Major_or_M":"0","Known_or_a":"1"},"geometry":{"type":"MultiLineString","coordinates":[[[12.3493,42.1335],[12.3329,42.2133],[12.3602,42.3091],[12.3535,42.4511],[12.3895,42.4896],[12.3878,42.5074]]]}},{"type":"Feature","properties":{"Major_or_M":"1","Known_or_a":"0"},"geometry":{"type":"MultiLineString","coordinates":[[[12.6074,42.0855],[12.6599,42.1419],[12.7892,42.1734],[12.8145,42.1969],[12.8478,42.2597],[12.8603,42.4059]]]}},{"type":"Feature","properties":{"Major_or_M":"1","Known_or_a":"0"},"geometry":{"type":"MultiLineString","coordinates":[[[38.7399,39.9982],[38.7665,39.9564],[38.8075,39.9372],[39.0249,39.9456],[39.0503,39.9583]]]}},{"type":"Feature","properties":{"Major_or_M":"0","Known_or_a":"0"},"geometry":{"type":"MultiLineString","coordinates":[[[38.7804,39.9458],[38.8237,39.8525]]]}},{"type":"Feature","properties":{"Major_or_M":"0","Known_or_a":"0"},"geometry":{"type":"MultiLineString","coordinates":[[[38.8512,39.8269],[38.8712,39.7997],[39.006,39.7739],[39.0346,39.7326]]]}},{"type":"Feature","properties":{"Major_or_M":"0","Known_or_a":"0"},"geometry":{"type":"MultiLineString","coordinates":[[[39.0324,39.68],[39.0407,39.6596]]]}},{"type":"Feature","properties":{"Major_or_M":"0","Known_or_a":"0"},"geometry":{"type":"MultiLineString","coordinates":[[[38.9083,39.9443],[38.9447,39.8719],[38.9226,39.8139],[38.9544,39.7805]]]}},{"type":"Feature","properties":{"Major_or_M":"0","Known_or_a":"1"},"geometry":{"type":"MultiLineString","coordinates":[[[38.8223,39.8556],[38.8575,39.8241]]]}},{"type":"Feature","properties":{"Major_or_M":"0","Known_or_a":"1"},"geometry":{"type":"MultiLineString","coordinates":[[[39.0325,39.737],[39.0207,39.6968],[39.0347,39.6774]]]}},{"type":"Feature","properties":{"Major_or_M":"0","Known_or_a":"1"},"geometry":{"type":"MultiLineString","coordinates":[[[36.508,38.0285],[36.5104,38.0011]]]}},{"type":"Feature","properties":{"Major_or_M":"0","Known_or_a":"1"},"geometry":{"type":"MultiLineString","coordinates":[[[36.5089,38.0009],[36.4976,37.9414]]]}},{"type":"Feature","properties":{"Major_or_M":"0","Known_or_a":"0"},"geometry":{"type":"MultiLineString","coordinates":[[[36.4964,37.9424],[36.4664,37.9092]]]}},{"type":"Feature","properties":{"Major_or_M":"0","Known_or_a":"0"},"geometry":{"type":"MultiLineString","coordinates":[[[36.4976,37.9424],[36.5196,37.9026]]]}},{"type":"Feature","properties":{"Major_or_M":"0","Known_or_a":"0"},"geometry":{"type":"MultiLineString","coordinates":[[[35.6981,36.9854],[35.7586,37.0415],[35.825,37.1647],[35.8698,37.1892],[35.9065,37.2369],[35.9209,37.2339]]]}},{"type":"Feature","properties":{"Major_or_M":"0","Known_or_a":"0"},"geometry":{"type":"MultiLineString","coordinates":[[[35.9354,37.2424],[36.1317,37.3957]]]}},{"type":"Feature","properties":{"Major_or_M":"0","Known_or_a":"0"},"geometry":{"type":"MultiLineString","coordinates":[[[36.247,37.1013],[36.1659,37.1821],[36.1287,37.2421],[36.0977,37.3164],[36.0986,37.3653]]]}},{"type":"Feature","properties":{"Major_or_M":"0","Known_or_a":"0"},"geometry":{"type":"MultiLineString","coordinates":[[[35.9523,37.2489],[36.0296,37.1367],[36.1278,37.0731],[36.1411,37.0212],[36.1227,36.9322],[36.1418,36.8754]]]}},{"type":"Feature","properties":{"Major_or_M":"0","Known_or_a":"0"},"geometry":{"type":"MultiLineString","coordinates":[[[36.1823,37.1636],[36.1243,37.0789]]]}},{"type":"Feature","properties":{"Major_or_M":"1","Known_or_a":"0"},"geometry":{"type":"MultiLineString","coordinates":[[[35.5356,36.9904],[35.6415,36.9504],[35.6981,36.9835],[35.782,37.002],[35.9301,37.0639],[36.1961,37.0732],[36.4265,37.1927],[36.5055,37.1837],[36.5863,37.1996],[36.7922,37.1823],[36.9456,37.1945],[37.0398,37.178],[37.171,37.1893],[37.367,37.169],[37.7192,37.3223],[37.8152,37.3415],[37.9543,37.4466],[38.0864,37.4595],[38.1719,37.4344]]]}},{"type":"Feature","properties":{"Major_or_M":"1","Known_or_a":"0"},"geometry":{"type":"MultiLineString","coordinates":[[[35.7185,36.9891],[35.9744,36.9224],[36.0307,36.9352],[36.1407,36.8783],[36.2106,36.7949],[36.2085,36.6992],[36.2242,36.6491],[36.199,36.5844],[36.1626,36.5437],[36.1821,36.509],[36.2335,36.4757],[36.2445,36.4344],[36.1715,36.2776],[36.1689,36.2078]]]}},{"type":"Feature","properties":{"Major_or_M":"1","Known_or_a":"0"},"geometry":{"type":"MultiLineString","coordinates":[[[35.7933,36.7795],[35.9232,36.9355]]]}},{"type":"Feature","properties":{"Major_or_M":"1","Known_or_a":"1"},"geometry":{"type":"MultiLineString","coordinates":[[[35.5334,36.7508],[35.7921,36.7786]]]}},{"type":"Feature","properties":{"Major_or_M":"0","Known_or_a":"0"},"geometry":{"type":"MultiLineString","coordinates":[[[36.1942,36.5806],[36.0425,36.5289],[35.902,36.4156],[35.966,36.4197]]]}},{"type":"Feature","properties":{"Major_or_M":"1","Known_or_a":"1"},"geometry":{"type":"MultiLineString","coordinates":[[[35.9399,36.1245],[35.9828,36.0858],[36.0238,36.0042]]]}},{"type":"Feature","properties":{"Major_or_M":"1","Known_or_a":"1"},"geometry":{"type":"MultiLineString","coordinates":[[[35.9713,36.1022],[36.056,36.1003],[36.1226,36.13],[36.1858,36.2286],[36.2145,36.2464],[36.3374,36.2523]]]}},{"type":"Feature","properties":{"Major_or_M":"1","Known_or_a":"1"},"geometry":{"type":"MultiLineString","coordinates":[[[36.158,36.1678],[36.168,36.0769]]]}},{"type":"Feature","properties":{"Major_or_M":"1","Known_or_a":"1"},"geometry":{"type":"MultiLineString","coordinates":[[[36.4769,36.2386],[36.5657,36.2495],[36.7001,36.2404],[36.7804,36.2025],[36.7948,36.1744],[36.8389,36.1525]]]}},{"type":"Feature","properties":{"Major_or_M":"1","Known_or_a":"0"},"geometry":{"type":"MultiLineString","coordinates":[[[36.3403,36.2523],[36.4051,36.0028]]]}},{"type":"Feature","properties":{"Major_or_M":"1","Known_or_a":"0"},"geometry":{"type":"MultiLineString","coordinates":[[[36.8378,36.1525],[36.9204,36.0848],[36.9837,36.0079]]]}},{"type":"Feature","properties":{"Major_or_M":"1","Known_or_a":"0"},"geometry":{"type":"MultiLineString","coordinates":[[[36.3427,36.2522],[36.3724,36.2613],[36.4497,36.2333],[36.4793,36.2405]]]}},{"type":"Feature","properties":{"Major_or_M":"1","Known_or_a":"0"},"geometry":{"type":"MultiLineString","coordinates":[[[36.5823,36.2492],[36.6576,36.3665],[36.7874,36.4328],[36.8689,36.5001],[36.8843,36.5342],[36.8687,36.6045],[36.9081,36.6831],[36.9238,36.7614],[36.8668,36.8383],[36.7235,36.9141],[36.649,37.0229],[36.5521,37.1129],[36.4259,37.1927]]]}},{"type":"Feature","properties":{"Major_or_M":"1","Known_or_a":"0"},"geometry":{"type":"MultiLineString","coordinates":[[[36.168,36.0779],[36.1501,36.0045]]]}},{"type":"Feature","properties":{"Major_or_M":"0","Known_or_a":"0"},"geometry":{"type":"MultiLineString","coordinates":[[[36.8383,36.1515],[37.1485,36.2201]]]}},{"type":"Feature","properties":{"Major_or_M":"0","Known_or_a":"0"},"geometry":{"type":"MultiLineString","coordinates":[[[36.2446,36.4373],[36.3757,36.5234],[36.3977,36.5987],[36.6368,37.0336],[36.641,37.0969],[36.7563,37.2253],[36.7681,37.2567]]]}},{"type":"Feature","properties":{"Major_or_M":"0","Known_or_a":"0"},"geometry":{"type":"MultiLineString","coordinates":[[[36.8767,37.6033],[37.3988,37.5131],[37.6909,37.5395],[37.7935,37.5633],[37.8828,37.5595],[38.069,37.4841]]]}},{"type":"Feature","properties":{"Major_or_M":"0","Known_or_a":"0"},"geometry":{"type":"MultiLineString","coordinates":[[[36.9305,37.5859],[36.8654,37.5161]]]}},{"type":"Feature","properties":{"Major_or_M":"0","Known_or_a":"0"},"geometry":{"type":"MultiLineString","coordinates":[[[37.2527,37.5428],[37.3189,37.3883],[37.2683,37.2378],[37.2958,37.2035],[37.3699,37.166],[37.385,37.0677],[37.2728,36.896],[37.2423,36.7568],[37.178,36.7239],[37.1196,36.7224]]]}},{"type":"Feature","properties":{"Major_or_M":"1","Known_or_a":"0"},"geometry":{"type":"MultiLineString","coordinates":[[[29.8634,40.4258],[29.9386,40.4216],[29.9814,40.3759]],[[29.6585,40.5455],[29.6687,40.4897],[29.7297,40.4341],[29.867,40.426]],[[29.9775,40.3794],[30.1109,40.3172],[30.1261,40.282],[30.1605,40.2608],[30.4918,40.2865]],[[29.9253,40.7666],[29.9491,40.7666],[29.9487,40.7185],[29.8329,40.6984],[29.6921,40.6351],[29.6725,40.5999],[29.6387,40.5868],[29.6615,40.5641],[29.6575,40.5427]]]}},{"type":"Feature","properties":{"Major_or_M":"0","Known_or_a":"0"},"geometry":{"type":"MultiLineString","coordinates":[[[29.7224,40.4346],[29.6991,40.401]]]}},{"type":"Feature","properties":{"Major_or_M":"0","Known_or_a":"0"},"geometry":{"type":"MultiLineString","coordinates":[[[29.5116,40.7301],[29.5056,40.6568],[29.5601,40.6048],[29.5295,40.5639],[29.5661,40.5005],[29.6653,40.4997]]]}},{"type":"Feature","properties":{"Major_or_M":"0","Known_or_a":"0"},"geometry":{"type":"MultiLineString","coordinates":[[[29.2787,40.6571],[29.3126,40.5529],[29.3113,40.4836],[29.264,40.4391],[29.2243,40.4256],[29.1611,40.4402]]]}},{"type":"Feature","properties":{"Major_or_M":"0","Known_or_a":"0"},"geometry":{"type":"MultiLineString","coordinates":[[[28.9039,40.3617],[28.9632,40.2514],[29.0322,40.2172]]]}},{"type":"Feature","properties":{"Major_or_M":"0","Known_or_a":"0"},"geometry":{"type":"MultiLineString","coordinates":[[[28.9042,40.3591],[28.9658,40.3525]]]}},{"type":"Feature","properties":{"Major_or_M":"0","Known_or_a":"0"},"geometry":{"type":"MultiLineString","coordinates":[[[29.0885,40.1974],[29.209,40.1945]]]}},{"type":"Feature","properties":{"Major_or_M":"0","Known_or_a":"0"},"geometry":{"type":"MultiLineString","coordinates":[[[28.0882,40.1534],[28.0601,40.1369],[27.9742,40.1329]],[[27.049,40.3169],[27.1271,40.3191],[27.2285,40.2835],[27.3379,40.2861],[27.5145,40.21],[27.6567,40.2085]]]}},{"type":"Feature","properties":{"Major_or_M":"0","Known_or_a":"0"},"geometry":{"type":"MultiLineString","coordinates":[[[28.0661,40.139],[27.8788,40.0729],[27.8469,40.0297]]]}},{"type":"Feature","properties":{"Major_or_M":"0","Known_or_a":"0"},"geometry":{"type":"MultiLineString","coordinates":[[[27.833,40.3046],[27.7138,40.2417],[27.6572,40.1189],[27.5538,40.0355],[27.539,40.0071]]]}},{"type":"Feature","properties":{"Major_or_M":"0","Known_or_a":"1"},"geometry":{"type":"MultiLineString","coordinates":[[[27.0541,40.3898],[27.0775,40.4239]]]}},{"type":"Feature","properties":{"Major_or_M":"0","Known_or_a":"0"},"geometry":{"type":"MultiLineString","coordinates":[[[29.1611,40.4402],[29.143,40.4024],[29.1473,40.3298],[29.1017,40.2629],[29.0867,40.1996],[29.0596,40.1856],[29.0149,40.2179],[28.9006,40.1859],[28.8198,40.1815],[28.6022,40.2221],[28.4518,40.2249],[28.3566,40.0829],[28.2859,40.0629],[28.2128,39.9969],[28.1593,39.8742],[28.147,39.9046],[28.1724,39.9874],[28.168,40.0817],[28.0925,40.1441],[28.0633,40.2683],[27.9827,40.3409],[27.8885,40.3848],[27.833,40.3046],[27.6616,40.3041],[27.6115,40.2881],[27.4838,40.2972],[27.3167,40.3629],[27.2968,40.3997],[27.3221,40.4138],[27.2738,40.4443],[27.1885,40.4244],[27.1391,40.4403],[27.0775,40.4239]]]}},{"type":"Feature","properties":{"Major_or_M":"0","Known_or_a":"1"},"geometry":{"type":"MultiLineString","coordinates":[[[27.049,40.3169],[26.9188,40.2913]]]}},{"type":"Feature","properties":{"Major_or_M":"1","Known_or_a":"1"},"geometry":{"type":"MultiLineString","coordinates":[[[28.622,39.5873],[28.6663,39.6263],[28.7249,39.6459],[28.8538,39.602],[28.968,39.6141],[29.005,39.646],[29.1503,39.6701],[29.2798,39.6514],[29.367,39.6144],[29.4395,39.5801],[29.4848,39.5192],[29.688,39.4823],[29.7989,39.4896],[29.8868,39.4503],[29.9415,39.4496],[29.9837,39.4151]]]}},{"type":"Feature","properties":{"Major_or_M":"0","Known_or_a":"0"},"geometry":{"type":"MultiLineString","coordinates":[[[29.1119,39.6722],[28.9943,39.8113],[28.9898,39.9299]]]}},{"type":"Feature","properties":{"Major_or_M":"1","Known_or_a":"1"},"geometry":{"type":"MultiLineString","coordinates":[[[28.7813,39.1653],[28.8797,39.1627],[28.9736,39.0916],[29.0632,39.0809],[29.1555,39.0335],[29.2004,38.9757],[29.3194,38.9399],[29.3876,38.9753],[29.4112,39.0457],[29.5757,39.1723],[29.7306,39.2576],[29.9276,39.3937],[30.0596,39.4293],[30.2003,39.5296],[30.3586,39.5828],[30.3826,39.6235],[30.4719,39.6657],[30.529,39.8147]]]}},{"type":"Feature","properties":{"Major_or_M":"1","Known_or_a":"0"},"geometry":{"type":"MultiLineString","coordinates":[[[28.5876,38.5875],[28.6672,38.5976],[28.7144,38.6367],[28.8651,38.6075],[28.9345,38.6149],[29.0138,38.6614],[29.1403,38.6724],[29.3312,38.6486],[29.4183,38.6796],[29.5833,38.6923]]]}},{"type":"Feature","properties":{"Major_or_M":"1","Known_or_a":"1"},"geometry":{"type":"MultiLineString","coordinates":[[[29.5758,38.6932],[29.7477,38.7206],[29.8396,38.8167],[29.9543,38.8727],[29.9709,38.8975],[29.9681,38.9809],[29.9957,39.0274],[29.9837,39.1609],[29.9365,39.2006],[29.8322,39.2169],[29.6153,39.198]]]}},{"type":"Feature","properties":{"Major_or_M":"1","Known_or_a":"1"},"geometry":{"type":"MultiLineString","coordinates":[[[29.9764,39.177],[30.2861,39.074]]]}},{"type":"Feature","properties":{"Major_or_M":"0","Known_or_a":"0"},"geometry":{"type":"MultiLineString","coordinates":[[[28.7367,38.6364],[28.7329,38.7437]]]}},{"type":"Feature","properties":{"Major_or_M":"0","Known_or_a":"0"},"geometry":{"type":"MultiLineString","coordinates":[[[28.7375,38.7237],[28.7658,38.733]]]}},{"type":"Feature","properties":{"Major_or_M":"1","Known_or_a":"0"},"geometry":{"type":"MultiLineString","coordinates":[[[28.5938,38.3281],[28.6986,38.2547],[28.837,38.1909],[28.8636,38.0894]]]}},{"type":"Feature","properties":{"Major_or_M":"1","Known_or_a":"1"},"geometry":{"type":"MultiLineString","coordinates":[[[28.596,38.3393],[28.7167,38.3229],[28.9003,38.3363],[29.1215,38.2812],[29.3176,38.4477],[29.417,38.6805]]]}},{"type":"Feature","properties":{"Major_or_M":"1","Known_or_a":"1"},"geometry":{"type":"MultiLineString","coordinates":[[[29.746,38.7183],[29.6653,38.4944]]]}},{"type":"Feature","properties":{"Major_or_M":"0","Known_or_a":"1"},"geometry":{"type":"MultiLineString","coordinates":[[[29.4183,38.6796],[29.6849,38.535]]]}},{"type":"Feature","properties":{"Major_or_M":"0","Known_or_a":"1"},"geometry":{"type":"MultiLineString","coordinates":[[[29.7302,38.6871],[29.7766,38.6659],[29.7824,38.6415],[29.7686,38.6012],[29.7231,38.5757],[29.6888,38.5306]]]}},{"type":"Feature","properties":{"Major_or_M":"0","Known_or_a":"1"},"geometry":{"type":"MultiLineString","coordinates":[[[29.1284,38.2817],[29.2002,38.1946],[29.3034,38.1617]]]}},{"type":"Feature","properties":{"Major_or_M":"0","Known_or_a":"1"},"geometry":{"type":"MultiLineString","coordinates":[[[29.8567,38.322],[30.0753,38.2065],[30.0898,38.1475],[30.1727,38.0749]]]}},{"type":"Feature","properties":{"Major_or_M":"0","Known_or_a":"1"},"geometry":{"type":"MultiLineString","coordinates":[[[29.7578,38.3531],[29.6177,38.1498]]]}},{"type":"Feature","properties":{"Major_or_M":"0","Known_or_a":"1"},"geometry":{"type":"MultiLineString","coordinates":[[[30.1896,38.1023],[30.1959,38.1714],[30.1676,38.2961],[30.1981,38.4571],[30.1773,38.5326],[30.2083,38.6118],[30.2892,38.6797]]]}},{"type":"Feature","properties":{"Major_or_M":"0","Known_or_a":"0"},"geometry":{"type":"MultiLineString","coordinates":[[[29.6638,38.4945],[29.6186,38.4796]]]}},{"type":"Feature","properties":{"Major_or_M":"0","Known_or_a":"0"},"geometry":{"type":"MultiLineString","coordinates":[[[29.7011,38.4278],[29.6546,38.392]]]}},{"type":"Feature","properties":{"Major_or_M":"0","Known_or_a":"0"},"geometry":{"type":"MultiLineString","coordinates":[[[29.8567,38.322],[29.9247,38.356]]]}},{"type":"Feature","properties":{"Major_or_M":"0","Known_or_a":"0"},"geometry":{"type":"MultiLineString","coordinates":[[[30.1944,38.4752],[30.1363,38.4677]]]}},{"type":"Feature","properties":{"Major_or_M":"0","Known_or_a":"1"},"geometry":{"type":"MultiLineString","coordinates":[[[30.857,36.9668],[30.7945,36.8592]]]}},{"type":"Feature","properties":{"Major_or_M":"0","Known_or_a":"1"},"geometry":{"type":"MultiLineString","coordinates":[[[30.334,37.0203],[30.1615,37.0713]]]}},{"type":"Feature","properties":{"Major_or_M":"0","Known_or_a":"0"},"geometry":{"type":"MultiLineString","coordinates":[[[29.5864,37.1473],[29.6684,37.1973],[29.8767,37.2572],[29.9908,37.3174]]]}},{"type":"Feature","properties":{"Major_or_M":"0","Known_or_a":"0"},"geometry":{"type":"MultiLineString","coordinates":[[[30.1095,37.4828],[30.0499,37.3753],[29.9908,37.3174],[30.0012,37.2972]]]}},{"type":"Feature","properties":{"Major_or_M":"0","Known_or_a":"0"},"geometry":{"type":"MultiLineString","coordinates":[[[30.1806,37.0746],[30.2343,37.1451],[30.3064,37.2963],[30.3389,37.324]]]}},{"type":"Feature","properties":{"Major_or_M":"1","Known_or_a":"0"},"geometry":{"type":"MultiLineString","coordinates":[[[30.4866,37.1573],[30.5121,37.1776],[30.528,37.2382]]]}},{"type":"Feature","properties":{"Major_or_M":"1","Known_or_a":"0"},"geometry":{"type":"MultiLineString","coordinates":[[[31.397,36.7752],[31.3667,36.8305],[31.3194,36.8687],[31.195,36.9345],[31.0239,36.9662],[30.8823,36.9625],[30.7209,36.9921],[30.5801,37.2094],[30.5328,37.2324],[30.4628,37.2998],[30.3389,37.324]]]}},{"type":"Feature","properties":{"Major_or_M":"1","Known_or_a":"0"},"geometry":{"type":"MultiLineString","coordinates":[[[30.4628,37.2998],[30.5169,37.3382],[30.6092,37.4659],[30.7108,37.5024]]]}},{"type":"Feature","properties":{"Major_or_M":"1","Known_or_a":"1"},"geometry":{"type":"MultiLineString","coordinates":[[[30.3389,37.324],[30.288,37.3482],[30.2552,37.4289],[30.113,37.476],[30.0456,37.6642],[30.1116,37.7607],[30.2335,37.8211],[30.343,37.9694],[30.4714,38.0719]]]}},{"type":"Feature","properties":{"Major_or_M":"0","Known_or_a":"0"},"geometry":{"type":"MultiLineString","coordinates":[[[29.2996,37.5537],[29.3943,37.5481],[29.5328,37.515],[29.6313,37.5226]]]}},{"type":"Feature","properties":{"Major_or_M":"0","Known_or_a":"0"},"geometry":{"type":"MultiLineString","coordinates":[[[29.737,37.5349],[29.9421,37.5953]]]}},{"type":"Feature","properties":{"Major_or_M":"0","Known_or_a":"1"},"geometry":{"type":"MultiLineString","coordinates":[[[29.6334,37.5227],[29.6983,37.5057],[29.738,37.5359]]]}},{"type":"Feature","properties":{"Major_or_M":"0","Known_or_a":"1"},"geometry":{"type":"MultiLineString","coordinates":[[[29.9389,37.5943],[30.077,37.5889]]]}},{"type":"Feature","properties":{"Major_or_M":"1","Known_or_a":"1"},"geometry":{"type":"MultiLineString","coordinates":[[[29.5519,37.8322],[29.7296,37.8306],[29.7977,37.8771]]]}},{"type":"Feature","properties":{"Major_or_M":"1","Known_or_a":"0"},"geometry":{"type":"MultiLineString","coordinates":[[[29.8003,37.8781],[30.094,38.0362]]]}},{"type":"Feature","properties":{"Major_or_M":"0","Known_or_a":"1"},"geometry":{"type":"MultiLineString","coordinates":[[[30.1727,38.0749],[30.234,37.9848],[30.3758,37.9151],[30.4544,37.9133],[30.522,37.9572]]]}},{"type":"Feature","properties":{"Major_or_M":"0","Known_or_a":"0"},"geometry":{"type":"MultiLineString","coordinates":[[[30.523,37.959],[30.5738,37.776],[30.5469,37.7465],[30.528,37.6827]]]}},{"type":"Feature","properties":{"Major_or_M":"0","Known_or_a":"0"},"geometry":{"type":"MultiLineString","coordinates":[[[30.528,37.6827],[30.5989,37.5605],[30.7108,37.5024]]]}},{"type":"Feature","properties":{"Major_or_M":"0","Known_or_a":"1"},"geometry":{"type":"MultiLineString","coordinates":[[[30.7108,37.5024],[30.8364,37.4418],[30.8892,37.445],[30.9165,37.4606],[30.9335,37.5143],[30.9861,37.5627],[30.9987,37.6275]]]}},{"type":"Feature","properties":{"Major_or_M":"0","Known_or_a":"1"},"geometry":{"type":"MultiLineString","coordinates":[[[31.1803,36.938],[31.2301,37.023],[31.2375,37.0829],[31.2057,37.1932],[31.13,37.2247]]]}},{"type":"Feature","properties":{"Major_or_M":"0","Known_or_a":"1"},"geometry":{"type":"MultiLineString","coordinates":[[[31.397,36.7752],[31.4644,36.8525],[31.4364,36.9269],[31.4604,37.0001],[31.4388,37.0256],[31.4935,37.1589],[31.4438,37.369],[31.4933,37.3951],[31.5262,37.4771],[31.5455,37.589],[31.6023,37.6311],[31.6949,37.6557],[31.7328,37.6828]]]}},{"type":"Feature","properties":{"Major_or_M":"0","Known_or_a":"1"},"geometry":{"type":"MultiLineString","coordinates":[[[31.5799,36.872],[31.6211,36.9045],[31.654,36.9675],[31.7581,36.9879],[31.8549,37.0373]]]}},{"type":"Feature","properties":{"Major_or_M":"0","Known_or_a":"0"},"geometry":{"type":"MultiLineString","coordinates":[[[31.5864,37.0788],[31.6694,37.011]]]}},{"type":"Feature","properties":{"Major_or_M":"0","Known_or_a":"0"},"geometry":{"type":"MultiLineString","coordinates":[[[31.8558,37.0381],[31.8541,37.0697]]]}},{"type":"Feature","properties":{"Major_or_M":"0","Known_or_a":"0"},"geometry":{"type":"MultiLineString","coordinates":[[[31.8549,37.0373],[31.8869,37.055]]]}},{"type":"Feature","properties":{"Major_or_M":"0","Known_or_a":"0"},"geometry":{"type":"MultiLineString","coordinates":[[[31.4583,36.7912],[31.667,36.6615],[31.7528,36.6481],[31.8234,36.6032],[32.0614,36.5279]]]}},{"type":"Feature","properties":{"Major_or_M":"0","Known_or_a":"1"},"geometry":{"type":"MultiLineString","coordinates":[[[31.4992,37.9568],[31.6976,37.7487],[31.8572,37.5127],[31.9525,37.451],[32.078,37.4031]]]}},{"type":"Feature","properties":{"Major_or_M":"0","Known_or_a":"0"},"geometry":{"type":"MultiLineString","coordinates":[[[31.7328,37.6828],[31.7417,37.5275]]]}},{"type":"Feature","properties":{"Major_or_M":"1","Known_or_a":"1"},"geometry":{"type":"MultiLineString","coordinates":[[[31.4025,38.0809],[31.4972,37.959],[31.7167,37.8628],[31.8223,37.8689],[31.9551,37.9007],[32.012,37.8708],[32.0899,37.8582]]]}},{"type":"Feature","properties":{"Major_or_M":"1","Known_or_a":"1"},"geometry":{"type":"MultiLineString","coordinates":[[[32.0904,37.8584],[32.1202,37.8798],[32.2169,37.8991],[32.3661,37.8709],[32.5801,37.8555],[32.784,37.8648],[33.0399,37.9328],[33.131,37.9775],[33.1227,37.9947],[33.1617,38.025]]]}},{"type":"Feature","properties":{"Major_or_M":"1","Known_or_a":"0"},"geometry":{"type":"MultiLineString","coordinates":[[[32.5006,37.997],[32.5128,37.8659],[32.5724,37.8237],[32.8809,37.6777],[33.1156,37.6259]]]}},{"type":"Feature","properties":{"Major_or_M":"0","Known_or_a":"0"},"geometry":{"type":"MultiLineString","coordinates":[[[30.2887,38.6727],[30.3172,38.7718],[30.4164,38.8937]]]}},{"type":"Feature","properties":{"Major_or_M":"0","Known_or_a":"0"},"geometry":{"type":"MultiLineString","coordinates":[[[29.9154,38.9389],[30.0582,38.8655],[30.1557,38.8349]]]}},{"type":"Feature","properties":{"Major_or_M":"0","Known_or_a":"0"},"geometry":{"type":"MultiLineString","coordinates":[[[29.8859,38.8334],[29.953,38.8441],[30.0961,38.803]]]}},{"type":"Feature","properties":{"Major_or_M":"0","Known_or_a":"0"},"geometry":{"type":"MultiLineString","coordinates":[[[29.5314,39.2729],[29.5852,39.2516],[29.682,39.1208]]]}},{"type":"Feature","properties":{"Major_or_M":"0","Known_or_a":"0"},"geometry":{"type":"MultiLineString","coordinates":[[[29.8906,39.2109],[29.8425,39.2816],[29.8479,39.3335]]]}},{"type":"Feature","properties":{"Major_or_M":"0","Known_or_a":"0"},"geometry":{"type":"MultiLineString","coordinates":[[[29.9246,40.0077],[29.9776,39.9764],[29.9862,39.9322],[30.0356,39.9138]]]}},{"type":"Feature","properties":{"Major_or_M":"0","Known_or_a":"0"},"geometry":{"type":"MultiLineString","coordinates":[[[30.1041,39.8991],[30.1177,39.8472]]]}},{"type":"Feature","properties":{"Major_or_M":"1","Known_or_a":"1"},"geometry":{"type":"MultiLineString","coordinates":[[[30.032,39.9163],[30.3854,39.811],[30.595,39.8229],[30.9044,39.7903],[31.3864,39.578],[31.6173,39.5142]]]}},{"type":"Feature","properties":{"Major_or_M":"1","Known_or_a":"0"},"geometry":{"type":"MultiLineString","coordinates":[[[30.5304,39.8137],[30.5566,39.8981]]]}},{"type":"Feature","properties":{"Major_or_M":"0","Known_or_a":"1"},"geometry":{"type":"MultiLineString","coordinates":[[[30.5291,39.8155],[30.6456,39.6826],[30.7197,39.5469],[30.7302,39.4941],[30.7044,39.4529]]]}},{"type":"Feature","properties":{"Major_or_M":"0","Known_or_a":"1"},"geometry":{"type":"MultiLineString","coordinates":[[[30.5315,39.8131],[30.6814,39.7218],[31.0267,39.6022],[31.1997,39.5137],[31.402,39.4593],[31.5671,39.4464]]]}},{"type":"Feature","properties":{"Major_or_M":"0","Known_or_a":"1"},"geometry":{"type":"MultiLineString","coordinates":[[[30.7064,39.4538],[30.7812,39.4597],[30.8777,39.4325],[31.033,39.242],[31.1552,39.1765],[31.2953,39.0471],[31.3235,39.039]]]}},{"type":"Feature","properties":{"Major_or_M":"0","Known_or_a":"0"},"geometry":{"type":"MultiLineString","coordinates":[[[31.3235,39.039],[31.3813,39.0355]]]}},{"type":"Feature","properties":{"Major_or_M":"0","Known_or_a":"0"},"geometry":{"type":"MultiLineString","coordinates":[[[30.6242,39.3937],[30.579,39.3],[30.5869,39.2546],[30.6162,39.2227],[30.7126,39.2073]]]}},{"type":"Feature","properties":{"Major_or_M":"0","Known_or_a":"0"},"geometry":{"type":"MultiLineString","coordinates":[[[30.6405,39.2131],[30.5964,39.1752],[30.5462,39.0937],[30.4897,39.0527],[30.4663,38.9867]]]}},{"type":"Feature","properties":{"Major_or_M":"0","Known_or_a":"0"},"geometry":{"type":"MultiLineString","coordinates":[[[30.6395,39.2113],[30.745,39.0906]]]}},{"type":"Feature","properties":{"Major_or_M":"1","Known_or_a":"1"},"geometry":{"type":"MultiLineString","coordinates":[[[29.9836,39.4145],[30.1699,39.3712],[30.3045,39.2257],[30.3572,39.21],[30.3909,39.1514],[30.4169,39.0429],[30.5399,38.8785],[30.5485,38.8099]]]}},{"type":"Feature","properties":{"Major_or_M":"1","Known_or_a":"1"},"geometry":{"type":"MultiLineString","coordinates":[[[30.7052,39.4559],[30.5689,39.3595],[30.4852,39.2672],[30.4335,39.2447],[30.4,39.2097],[30.3631,39.2029]]]}},{"type":"Feature","properties":{"Major_or_M":"1","Known_or_a":"0"},"geometry":{"type":"MultiLineString","coordinates":[[[30.5495,38.8108],[30.5787,38.7091]]]}},{"type":"Feature","properties":{"Major_or_M":"1","Known_or_a":"1"},"geometry":{"type":"MultiLineString","coordinates":[[[30.5804,38.7076],[30.6503,38.7225],[30.7042,38.7533],[30.7488,38.8643],[30.7985,38.8258],[30.8782,38.8209],[30.9352,38.8735],[31.0532,38.9131],[31.1377,38.9745],[31.3946,39.0757],[31.5337,39.1723],[31.5985,39.2434],[31.5608,39.4245],[31.6343,39.533],[31.7417,39.5543],[31.9314,39.6432],[32.028,39.6688]]]}},{"type":"Feature","properties":{"Major_or_M":"0","Known_or_a":"1"},"geometry":{"type":"MultiLineString","coordinates":[[[31.6172,39.514],[31.7401,39.4518]]]}},{"type":"Feature","properties":{"Major_or_M":"0","Known_or_a":"0"},"geometry":{"type":"MultiLineString","coordinates":[[[31.7408,39.4523],[31.828,39.3258],[31.7925,39.3023]]]}},{"type":"Feature","properties":{"Major_or_M":"0","Known_or_a":"1"},"geometry":{"type":"MultiLineString","coordinates":[[[30.5517,38.8192],[30.7451,38.6769],[30.8622,38.6251],[30.9901,38.6031]]]}},{"type":"Feature","properties":{"Major_or_M":"0","Known_or_a":"1"},"geometry":{"type":"MultiLineString","coordinates":[[[30.7271,38.7799],[30.7449,38.7062],[30.7709,38.6701]]]}},{"type":"Feature","properties":{"Major_or_M":"0","Known_or_a":"1"},"geometry":{"type":"MultiLineString","coordinates":[[[30.5824,38.5843],[30.7709,38.6701]]]}},{"type":"Feature","properties":{"Major_or_M":"1","Known_or_a":"1"},"geometry":{"type":"MultiLineString","coordinates":[[[30.5784,38.709],[30.6123,38.6773],[30.6142,38.6528],[30.5524,38.5253],[30.5678,38.4967],[30.6472,38.449],[30.6838,38.404],[30.6694,38.3692],[30.6059,38.3313]]]}},{"type":"Feature","properties":{"Major_or_M":"1","Known_or_a":"1"},"geometry":{"type":"MultiLineString","coordinates":[[[30.1956,38.1047],[30.3125,38.2058],[30.3438,38.2042],[30.5218,38.3138],[30.7078,38.3544],[30.9104,38.55],[30.9896,38.6002]]]}},{"type":"Feature","properties":{"Major_or_M":"1","Known_or_a":"1"},"geometry":{"type":"MultiLineString","coordinates":[[[30.9866,38.6001],[31.1807,38.6132],[31.242,38.603],[31.2946,38.5101],[31.3637,38.4225],[31.4204,38.3852],[31.4251,38.3592],[31.7081,38.3002],[31.913,38.282],[32.0277,38.2954],[32.2385,38.2537]]]}},{"type":"Feature","properties":{"Major_or_M":"1","Known_or_a":"1"},"geometry":{"type":"MultiLineString","coordinates":[[[30.4714,38.0719],[30.6638,38.1662],[30.7982,38.2739],[31.0223,38.3307],[31.1822,38.3003],[31.4053,38.0775]]]}},{"type":"Feature","properties":{"Major_or_M":"0","Known_or_a":"1"},"geometry":{"type":"MultiLineString","coordinates":[[[31.181,38.3007],[31.2003,38.3303],[31.357,38.3779],[31.3964,38.4032]]]}},{"type":"Feature","properties":{"Major_or_M":"0","Known_or_a":"1"},"geometry":{"type":"MultiLineString","coordinates":[[[30.9063,38.5434],[30.9064,38.4737],[30.9395,38.4189],[31.0877,38.3588],[31.1781,38.3017]]]}},{"type":"Feature","properties":{"Major_or_M":"0","Known_or_a":"0"},"geometry":{"type":"MultiLineString","coordinates":[[[31.0131,38.6044],[31.0253,38.7176]]]}},{"type":"Feature","properties":{"Major_or_M":"1","Known_or_a":"1"},"geometry":{"type":"MultiLineString","coordinates":[[[30.1741,38.0782],[30.242,38.1],[30.298,38.0618],[30.3539,38.0889],[30.3746,38.0737],[30.4714,38.0719]]]}},{"type":"Feature","properties":{"Major_or_M":"1","Known_or_a":"1"},"geometry":{"type":"MultiLineString","coordinates":[[[30.0885,38.0329],[30.1323,38.0549]]]}},{"type":"Feature","properties":{"Major_or_M":"1","Known_or_a":"0"},"geometry":{"type":"MultiLineString","coordinates":[[[30.1275,38.0536],[30.2031,38.1091]]]}},{"type":"Feature","properties":{"Major_or_M":"1","Known_or_a":"0"},"geometry":{"type":"MultiLineString","coordinates":[[[28.6192,37.8916],[28.7499,37.9467],[28.8864,37.9254],[29.2097,37.8036],[29.4231,37.8456],[29.5341,37.8432],[29.9467,37.597]]]}},{"type":"Feature","properties":{"Major_or_M":"1","Known_or_a":"1"},"geometry":{"type":"MultiLineString","coordinates":[[[20.7716,38.9504],[20.7763,38.9293],[20.8004,38.9165],[20.9245,38.9314],[21.0178,38.8877]]]}},{"type":"Feature","properties":{"Major_or_M":"0","Known_or_a":"0"},"geometry":{"type":"MultiLineString","coordinates":[[[30.6781,41.1164],[30.7079,41.1022]]]}},{"type":"Feature","properties":{"Major_or_M":"0","Known_or_a":"0"},"geometry":{"type":"MultiLineString","coordinates":[[[30.3395,41.1877],[30.423,41.1567],[30.6531,41.1259],[30.793,41.0772],[31.0019,41.0707],[31.2628,41.101],[31.3432,41.1402],[31.3935,41.1844],[31.4747,41.2163]]]}},{"type":"Feature","properties":{"Major_or_M":"0","Known_or_a":"0"},"geometry":{"type":"MultiLineString","coordinates":[[[30.7601,40.2514],[30.7572,40.3479],[30.7753,40.3895],[30.8142,40.418],[30.9274,40.452],[31.2173,40.4688],[31.2067,40.4905],[31.4497,40.621],[31.593,40.7253],[31.591,40.8067],[31.5366,40.9388],[31.548,40.9765],[31.5177,41.0418],[31.5258,41.0608],[31.4951,41.1347],[31.4956,41.1743],[31.4144,41.3054],[31.512,41.351],[31.6122,41.3582],[31.6726,41.4081],[32.0281,41.5669]]]}},{"type":"Feature","properties":{"Major_or_M":"0","Known_or_a":"0"},"geometry":{"type":"MultiLineString","coordinates":[[[30.7124,41.1025],[30.7616,41.0849]]]}},{"type":"Feature","properties":{"Major_or_M":"0","Known_or_a":"0"},"geometry":{"type":"MultiLineString","coordinates":[[[31.1329,41.0879],[31.1703,41.0603],[31.1767,41.0349],[31.1402,40.9204],[31.1546,40.8906],[31.1494,40.8555]]]}},{"type":"Feature","properties":{"Major_or_M":"1","Known_or_a":"0"},"geometry":{"type":"MultiLineString","coordinates":[[[31.7623,40.7493],[31.7769,40.787],[31.8426,40.8428],[31.9187,40.8803],[31.9887,40.8907],[32.0565,40.9441],[32.2102,40.9417],[32.3871,41.0015],[32.4275,40.991],[32.4684,40.9397],[32.5384,40.952],[32.5659,40.9911],[32.6082,41.0085],[32.6616,41.0891],[32.6657,41.1369],[32.6297,41.185],[32.6589,41.2242],[32.859,41.1998],[32.9651,41.2091],[33.0198,41.2324],[33.2853,41.2317],[33.4206,41.2817],[33.6128,41.3161],[33.6904,41.3674],[33.772,41.3836],[33.822,41.4344],[33.9306,41.5044],[34.089,41.4909],[34.205,41.5094],[34.483,41.4705],[34.6317,41.4864],[34.8007,41.4787],[34.869,41.4718],[34.9852,41.4253],[35.1153,41.4182]]]}},{"type":"Feature","properties":{"Major_or_M":"0","Known_or_a":"1"},"geometry":{"type":"MultiLineString","coordinates":[[[32.0279,41.5704],[32.062,41.5434],[32.0634,41.3743],[32.0914,41.2865]]]}},{"type":"Feature","properties":{"Major_or_M":"0","Known_or_a":"0"},"geometry":{"type":"MultiLineString","coordinates":[[[32.0789,41.2885],[31.9663,41.2278],[31.9399,41.1768],[31.8924,41.1438],[31.9026,41.1278],[31.8827,41.0969],[31.9069,41.079],[31.9048,41.0079],[31.9795,40.9637],[31.9605,40.892]]]}},{"type":"Feature","properties":{"Major_or_M":"0","Known_or_a":"0"},"geometry":{"type":"MultiLineString","coordinates":[[[32.0607,40.9406],[32.0944,40.8834],[32.063,40.8405],[32.0478,40.7818]]]}},{"type":"Feature","properties":{"Major_or_M":"0","Known_or_a":"1"},"geometry":{"type":"MultiLineString","coordinates":[[[32.0567,41.5499],[32.1357,41.5546],[32.2903,41.6023],[32.3492,41.6366],[32.3719,41.7447],[32.419,41.7378]]]}},{"type":"Feature","properties":{"Major_or_M":"0","Known_or_a":"0"},"geometry":{"type":"MultiLineString","coordinates":[[[32.4144,41.7376],[32.5191,41.8],[32.5751,41.8037],[32.6129,41.8292],[32.6925,41.8311],[32.7758,41.8541],[32.8796,41.8378],[33.0388,41.9241],[33.3549,42.0187],[33.7694,41.9747],[34.1027,41.9761],[34.2972,41.938],[34.4533,41.9612],[34.6036,41.9421],[34.7709,41.9508],[34.943,41.9219],[34.9993,41.9265],[35.0258,41.9429],[35.0415,41.9849],[35.1465,42.021]]]}},{"type":"Feature","properties":{"Major_or_M":"0","Known_or_a":"0"},"geometry":{"type":"MultiLineString","coordinates":[[[35.0384,42.055],[35.0353,42.0351],[35.0995,42.0129],[35.0821,41.9043],[35.2298,41.7395],[35.3012,41.6927]]]}},{"type":"Feature","properties":{"Major_or_M":"0","Known_or_a":"0"},"geometry":{"type":"MultiLineString","coordinates":[[[35.0901,42.0094],[35.0383,41.8296],[35.0024,41.7958],[34.9089,41.7561],[34.8809,41.7082],[34.8748,41.6604],[34.8453,41.6347],[34.8409,41.5402],[34.7651,41.4841]]]}},{"type":"Feature","properties":{"Major_or_M":"0","Known_or_a":"0"},"geometry":{"type":"MultiLineString","coordinates":[[[32.6549,41.227],[32.8126,41.2961],[32.9205,41.3859],[32.9898,41.3956],[33.1163,41.4973],[33.1969,41.5],[33.3564,41.4574],[33.4703,41.4885],[33.5818,41.4925],[33.7316,41.4538],[33.7705,41.3797],[33.7368,41.3027],[33.744,41.2585],[33.5944,41.1306],[33.5998,41.0399],[33.5831,40.9732],[33.6398,40.9143],[33.5825,40.7575],[33.5892,40.675],[33.6571,40.5248],[33.7388,40.4829],[33.8686,40.4648],[33.9623,40.4182],[34.1132,40.4918],[34.3983,40.5906],[34.6827,40.7455],[34.8123,40.8401],[34.829,40.8959],[34.8211,40.9751]]]}},{"type":"Feature","properties":{"Major_or_M":"0","Known_or_a":"0"},"geometry":{"type":"MultiLineString","coordinates":[[[34.8062,40.84],[34.8476,40.8145],[35.0314,40.7821]]]}},{"type":"Feature","properties":{"Major_or_M":"1","Known_or_a":"0"},"geometry":{"type":"MultiLineString","coordinates":[[[30.4918,40.2865],[30.763,40.2479],[30.8351,40.2021],[30.9916,40.1555],[31.1625,40.16],[31.3118,40.1966]]]}},{"type":"Feature","properties":{"Major_or_M":"1","Known_or_a":"1"},"geometry":{"type":"MultiLineString","coordinates":[[[31.3138,40.1986],[31.4339,40.1695],[31.5673,40.0966],[31.6449,40.0878],[31.7219,40.1173],[31.862,39.9943],[32.3149,40.027],[32.4207,40.0904],[32.5966,40.0103]]]}},{"type":"Feature","properties":{"Major_or_M":"1","Known_or_a":"0"},"geometry":{"type":"MultiLineString","coordinates":[[[32.8729,39.949],[33.0359,40.003],[33.2562,39.9841],[33.3236,39.9945],[33.3814,39.9721],[33.456,39.9763],[33.5271,39.887],[33.5717,39.8831],[33.7165,39.9233],[33.8657,39.9961],[34.0369,40.0456],[34.1169,40.0487],[34.4171,39.9782],[34.4924,39.9293],[34.5353,39.8594]]]}},{"type":"Feature","properties":{"Major_or_M":"1","Known_or_a":"1"},"geometry":{"type":"MultiLineString","coordinates":[[[34.5353,39.8594],[34.5326,39.9334],[34.5581,40.0251],[34.642,40.1137],[34.8022,40.156],[35.0549,40.1852]]]}},{"type":"Feature","properties":{"Major_or_M":"1","Known_or_a":"0"},"geometry":{"type":"MultiLineString","coordinates":[[[34.5353,39.8594],[34.5852,39.8668],[34.6869,39.8469],[35.0592,39.8218],[35.4368,39.6901],[35.3869,39.4628],[35.232,39.2998]]]}},{"type":"Feature","properties":{"Major_or_M":"1","Known_or_a":"0"},"geometry":{"type":"MultiLineString","coordinates":[[[34.1168,40.0533],[34.5351,40.2386],[34.7966,40.4359],[35.0628,40.4884]]]}},{"type":"Feature","properties":{"Major_or_M":"0","Known_or_a":"0"},"geometry":{"type":"MultiLineString","coordinates":[[[32.9908,40.1114],[33.1182,40.2767],[33.2896,40.3752],[33.3243,40.4328],[33.4075,40.504],[33.5979,40.5605],[33.626,40.5958]]]}},{"type":"Feature","properties":{"Major_or_M":"0","Known_or_a":"0"},"geometry":{"type":"MultiLineString","coordinates":[[[32.6127,40.1792],[32.4986,40.2575],[32.4561,40.3227],[32.4472,40.3829],[32.4252,40.3997],[32.3295,40.4284],[32.2824,40.4271],[32.2432,40.4492],[32.2418,40.5073],[32.2128,40.539],[32.224,40.5882],[32.1997,40.6166],[32.2187,40.6625],[32.1975,40.8074]]]}},{"type":"Feature","properties":{"Major_or_M":"0","Known_or_a":"1"},"geometry":{"type":"MultiLineString","coordinates":[[[32.6065,40.0083],[32.6143,40.1781]]]}},{"type":"Feature","properties":{"Major_or_M":"0","Known_or_a":"1"},"geometry":{"type":"MultiLineString","coordinates":[[[32.8834,39.9534],[32.9535,40.0142],[32.9749,40.089],[32.9997,40.1139],[33.1048,40.1393],[33.3147,40.1515],[33.394,40.132],[33.407,40.102]]]}},{"type":"Feature","properties":{"Major_or_M":"0","Known_or_a":"1"},"geometry":{"type":"MultiLineString","coordinates":[[[33.5942,40.6762],[33.531,40.7163],[33.4279,40.7147],[33.2986,40.822],[33.2402,40.8521]]]}},{"type":"Feature","properties":{"Major_or_M":"1","Known_or_a":"0"},"geometry":{"type":"MultiLineString","coordinates":[[[30.4972,40.7652],[30.6666,40.777],[30.8077,40.8309],[31.0386,40.862],[31.2309,40.8362],[31.2794,40.7982],[31.4326,40.7393],[31.4987,40.7293],[31.8628,40.7509],[32.5991,40.8796],[32.6595,40.8499],[32.7496,40.8534],[33.007,40.8131],[33.1549,40.8509],[33.3714,40.8512],[33.6254,40.9262],[33.7732,40.9282],[34.0172,40.9672],[34.1623,41.0396],[34.4332,41.0989],[34.4696,41.0804],[34.5553,41.0759],[34.676,41.0004],[34.7746,40.9982],[34.8504,40.9697],[34.9243,40.9648],[35.087,40.9996]]]}},{"type":"Feature","properties":{"Major_or_M":"1","Known_or_a":"0"},"geometry":{"type":"MultiLineString","coordinates":[[[28.8636,38.0894],[28.8788,38.068],[28.9759,38.0428],[29.0553,38.001],[29.119,37.9224],[29.1509,37.9082],[29.1163,37.8435]]]}},{"type":"Feature","properties":{"Major_or_M":"0","Known_or_a":"1"},"geometry":{"type":"MultiLineString","coordinates":[[[28.5817,37.8752],[28.5852,37.8278],[28.6462,37.7545],[28.8293,37.6916],[28.9048,37.6345],[29.0246,37.618]]]}},{"type":"Feature","properties":{"Major_or_M":"0","Known_or_a":"0"},"geometry":{"type":"MultiLineString","coordinates":[[[29.0233,37.6179],[29.1231,37.6081],[29.2285,37.6313],[29.2805,37.6126]]]}},{"type":"Feature","properties":{"Major_or_M":"1","Known_or_a":"0"},"geometry":{"type":"MultiLineString","coordinates":[[[29.5721,36.8306],[29.524,36.7875],[29.4752,36.7772],[29.4436,36.7407]]]}},{"type":"Feature","properties":{"Major_or_M":"0","Known_or_a":"0"},"geometry":{"type":"MultiLineString","coordinates":[[[28.6399,36.8301],[28.7377,36.8488],[28.8042,36.8216],[28.8448,36.7596],[28.9588,36.7638],[28.9836,36.7436],[29.0325,36.7414],[29.0449,36.7204],[29.132,36.676],[29.1412,36.6521],[29.1283,36.6239]]]}},{"type":"Feature","properties":{"Major_or_M":"0","Known_or_a":"0"},"geometry":{"type":"MultiLineString","coordinates":[[[29.1272,36.6238],[29.1942,36.6428],[29.2633,36.629],[29.3173,36.6434],[29.3892,36.6362]]]}},{"type":"Feature","properties":{"Major_or_M":"0","Known_or_a":"0"},"geometry":{"type":"MultiLineString","coordinates":[[[29.2461,36.7345],[29.3846,36.7069]]]}},{"type":"Feature","properties":{"Major_or_M":"0","Known_or_a":"1"},"geometry":{"type":"MultiLineString","coordinates":[[[29.2179,36.3385],[29.3188,36.3523],[29.3583,36.4085],[29.3726,36.4931],[29.4049,36.5443],[29.3884,36.586],[29.3832,36.7095],[29.4046,36.7337],[29.4505,36.7393],[29.4996,36.7232],[29.5134,36.7085],[29.5053,36.6744],[29.6726,36.6135],[29.7191,36.5744],[29.7208,36.5554]]]}},{"type":"Feature","properties":{"Major_or_M":"0","Known_or_a":"1"},"geometry":{"type":"MultiLineString","coordinates":[[[29.3312,36.3631],[29.3943,36.3389],[29.3903,36.2986],[29.3631,36.2896]]]}},{"type":"Feature","properties":{"Major_or_M":"0","Known_or_a":"1"},"geometry":{"type":"MultiLineString","coordinates":[[[29.3211,36.2597],[29.3461,36.2913],[29.4201,36.2814],[29.4636,36.2487],[29.518,36.2548],[29.6587,36.2016],[29.7682,36.2436],[29.8259,36.2379],[29.9313,36.264],[29.9309,36.2421],[30.0101,36.2475],[30.0576,36.2829],[30.1279,36.2868],[30.1738,36.3429]]]}},{"type":"Feature","properties":{"Major_or_M":"0","Known_or_a":"1"},"geometry":{"type":"MultiLineString","coordinates":[[[29.9449,36.2229],[29.9708,36.2226],[29.9947,36.2447]]]}},{"type":"Feature","properties":{"Major_or_M":"0","Known_or_a":"0"},"geometry":{"type":"MultiLineString","coordinates":[[[29.9947,36.2447],[29.9817,36.2777]]]}},{"type":"Feature","properties":{"Major_or_M":"0","Known_or_a":"1"},"geometry":{"type":"MultiLineString","coordinates":[[[29.9817,36.2777],[29.8438,36.3016],[29.6733,36.3852],[29.6405,36.436],[29.6604,36.4763],[29.6554,36.5187],[29.8039,36.6222],[29.941,36.6947],[30.0278,36.8025],[30.0304,36.8509],[30.0614,36.8863],[30.0623,36.9155]]]}},{"type":"Feature","properties":{"Major_or_M":"0","Known_or_a":"1"},"geometry":{"type":"MultiLineString","coordinates":[[[29.831,36.6347],[29.8773,36.6219],[29.9223,36.5726],[30.1056,36.4728],[30.1362,36.4427],[30.1553,36.3628],[30.1751,36.3412]]]}},{"type":"Feature","properties":{"Major_or_M":"0","Known_or_a":"1"},"geometry":{"type":"MultiLineString","coordinates":[[[30.5438,36.5268],[30.5679,36.5943],[30.5488,36.638],[30.5704,36.7974],[30.6089,36.8712],[30.6537,36.8943],[30.7022,36.8967]]]}},{"type":"Feature","properties":{"Major_or_M":"0","Known_or_a":"1"},"geometry":{"type":"MultiLineString","coordinates":[[[30.2899,36.3655],[30.3568,36.3163],[30.3474,36.2931]]]}},{"type":"Feature","properties":{"Major_or_M":"1","Known_or_a":"1"},"geometry":{"type":"MultiLineString","coordinates":[[[29.1163,37.8435],[29.1083,37.8011],[29.1254,37.7604],[29.1569,37.7378],[29.2044,37.7312],[29.2283,37.6874],[29.26,37.6677],[29.3154,37.4836],[29.3803,37.3519],[29.5036,37.2364],[29.5195,37.1574],[29.6042,37.1416],[29.6517,37.1089],[29.7019,37.1073],[29.765,37.0399],[29.9063,37.0362],[29.9243,36.9615],[29.9507,36.932],[30.0093,36.9117],[30.0702,36.915],[30.1727,36.9516],[30.2332,36.9466],[30.2878,37.0015],[30.4132,37.039],[30.4544,37.0064],[30.4751,37.0029],[30.5052,37.0245],[30.5539,37.0124],[30.6479,36.9564],[30.7022,36.8967]]]}},{"type":"Feature","properties":{"Major_or_M":"1","Known_or_a":"1"},"geometry":{"type":"MultiLineString","coordinates":[[[30.4863,37.0095],[30.4706,37.0438],[30.4866,37.1573]]]}},{"type":"Feature","properties":{"Major_or_M":"1","Known_or_a":"0"},"geometry":{"type":"MultiLineString","coordinates":[[[36.9168,36.7816],[36.9619,36.7768],[36.9989,36.7434],[37.0508,36.7307],[37.2819,36.7021]]]}},{"type":"Feature","properties":{"Major_or_M":"1","Known_or_a":"0"},"geometry":{"type":"MultiLineString","coordinates":[[[36.9816,36.761],[36.9589,36.6178],[36.979,36.581],[37.0698,36.5282],[37.1059,36.4785],[37.1433,36.3666],[37.1509,36.22]]]}},{"type":"Feature","properties":{"Major_or_M":"1","Known_or_a":"0"},"geometry":{"type":"MultiLineString","coordinates":[[[37.1202,36.4485],[37.2468,36.6254],[37.2906,36.7124],[37.3758,36.7859],[37.5858,36.8722],[37.8746,37.061]]]}},{"type":"Feature","properties":{"Major_or_M":"1","Known_or_a":"0"},"geometry":{"type":"MultiLineString","coordinates":[[[37.0092,36.0121],[37.1497,36.2201],[37.3741,36.3387],[37.6165,36.4429],[37.9779,36.558],[38.1125,36.654],[38.1279,36.6736],[38.1263,36.7101],[38.3163,36.8461],[38.4221,36.9803],[38.5621,37.0383],[38.6859,37.138],[38.7539,37.1495]]]}},{"type":"Feature","properties":{"Major_or_M":"1","Known_or_a":"0"},"geometry":{"type":"MultiLineString","coordinates":[[[38.098,36.0055],[38.0519,36.0693],[38.0501,36.1477],[38.0974,36.2609],[38.1695,36.3043],[38.1714,36.4038],[38.1853,36.4416],[38.2445,36.4835],[38.2442,36.5621],[38.2097,36.6266],[38.1262,36.6641],[38.0623,36.672],[38.0315,36.6961],[37.9906,36.9421],[37.9486,37.0318],[37.8733,37.0601]]]}},{"type":"Feature","properties":{"Major_or_M":"1","Known_or_a":"0"},"geometry":{"type":"MultiLineString","coordinates":[[[37.3713,37.1708],[37.6471,37.1141],[37.7958,37.0664],[37.8711,37.0631]]]}},{"type":"Feature","properties":{"Major_or_M":"1","Known_or_a":"0"},"geometry":{"type":"MultiLineString","coordinates":[[[37.8748,37.0658],[38.0025,37.078],[38.1756,37.1315],[38.456,37.1663],[38.7041,37.142]]]}},{"type":"Feature","properties":{"Major_or_M":"0","Known_or_a":"0"},"geometry":{"type":"MultiLineString","coordinates":[[[37.9794,37.073],[38.129,37.0035],[38.428,36.9792]]]}},{"type":"Feature","properties":{"Major_or_M":"0","Known_or_a":"0"},"geometry":{"type":"MultiLineString","coordinates":[[[37.8674,37.0613],[37.8505,37.0829],[37.8691,37.1428],[37.8334,37.1987],[37.8307,37.2401],[37.8877,37.3949]]]}},{"type":"Feature","properties":{"Major_or_M":"0","Known_or_a":"0"},"geometry":{"type":"MultiLineString","coordinates":[[[37.8762,37.0696],[37.9047,37.1839],[38.1458,37.3103],[38.3977,37.3589],[38.5125,37.4631],[38.5239,37.5108]]]}},{"type":"Feature","properties":{"Major_or_M":"0","Known_or_a":"0"},"geometry":{"type":"MultiLineString","coordinates":[[[38.5038,37.4587],[38.5695,37.4089],[38.6319,37.3853]]]}},{"type":"Feature","properties":{"Major_or_M":"0","Known_or_a":"0"},"geometry":{"type":"MultiLineString","coordinates":[[[38.0803,37.4587],[37.9893,37.5628],[37.9432,37.6538],[37.8863,37.6768],[37.779,37.761],[37.7354,37.8634],[37.6822,37.8958],[37.6909,37.9495],[37.6427,37.9866],[37.661,38.013]]]}},{"type":"Feature","properties":{"Major_or_M":"0","Known_or_a":"0"},"geometry":{"type":"MultiLineString","coordinates":[[[37.6461,37.9817],[37.6144,37.9797]]]}},{"type":"Feature","properties":{"Major_or_M":"0","Known_or_a":"0"},"geometry":{"type":"MultiLineString","coordinates":[[[37.3146,37.4028],[37.3529,37.4537],[37.5122,37.5408],[37.5839,37.6292],[37.7166,37.6224],[37.7833,37.6762],[37.9881,37.7033],[38.0907,37.6951],[38.2704,37.7658]]]}},{"type":"Feature","properties":{"Major_or_M":"0","Known_or_a":"1"},"geometry":{"type":"MultiLineString","coordinates":[[[38.0156,38.0038],[38.0171,37.9833],[37.9797,37.957],[37.853,37.9224],[37.7477,37.8451]]]}},{"type":"Feature","properties":{"Major_or_M":"1","Known_or_a":"1"},"geometry":{"type":"MultiLineString","coordinates":[[[38.2595,37.4942],[38.3102,37.4872]]]}},{"type":"Feature","properties":{"Major_or_M":"1","Known_or_a":"0"},"geometry":{"type":"MultiLineString","coordinates":[[[38.1719,37.4342],[38.2272,37.5106],[38.2595,37.4931]]]}},{"type":"Feature","properties":{"Major_or_M":"1","Known_or_a":"0"},"geometry":{"type":"MultiLineString","coordinates":[[[38.3077,37.4873],[38.4645,37.5038],[38.5171,37.5293]]]}},{"type":"Feature","properties":{"Major_or_M":"1","Known_or_a":"0"},"geometry":{"type":"MultiLineString","coordinates":[[[38.5136,37.5335],[38.387,37.6187],[38.2725,37.7666],[38.6056,37.9394]]]}},{"type":"Feature","properties":{"Major_or_M":"1","Known_or_a":"1"},"geometry":{"type":"MultiLineString","coordinates":[[[38.6209,37.998],[38.6068,37.9384]]]}},{"type":"Feature","properties":{"Major_or_M":"0","Known_or_a":"1"},"geometry":{"type":"MultiLineString","coordinates":[[[38.6998,38.0019],[38.6507,37.9397]]]}},{"type":"Feature","properties":{"Major_or_M":"0","Known_or_a":"0"},"geometry":{"type":"MultiLineString","coordinates":[[[38.6508,37.9407],[38.7286,37.91]]]}},{"type":"Feature","properties":{"Major_or_M":"0","Known_or_a":"0"},"geometry":{"type":"MultiLineString","coordinates":[[[38.5153,37.5239],[38.6389,37.628],[38.7491,37.6424],[38.8086,37.7158],[38.8682,37.7298],[38.9194,37.7806],[38.8931,37.788],[38.8895,37.808],[38.9632,37.8514],[38.9695,37.9136],[39.0088,37.9332]]]}},{"type":"Feature","properties":{"Major_or_M":"0","Known_or_a":"0"},"geometry":{"type":"MultiLineString","coordinates":[[[38.7926,37.1613],[38.7647,37.2019]]]}},{"type":"Feature","properties":{"Major_or_M":"1","Known_or_a":"1"},"geometry":{"type":"MultiLineString","coordinates":[[[38.7504,37.1496],[38.7915,37.1605]]]}},{"type":"Feature","properties":{"Major_or_M":"1","Known_or_a":"0"},"geometry":{"type":"MultiLineString","coordinates":[[[38.7916,37.1613],[38.9939,37.1667]]]}},{"type":"Feature","properties":{"Major_or_M":"1","Known_or_a":"0"},"geometry":{"type":"MultiLineString","coordinates":[[[38.4293,36.9817],[38.7051,36.8896],[38.8364,36.8738],[39.099,36.8724]]]}},{"type":"Feature","properties":{"Major_or_M":"1","Known_or_a":"0"},"geometry":{"type":"MultiLineString","coordinates":[[[38.9899,36.9112],[39.0201,36.8799],[39.0302,36.8283]]]}},{"type":"Feature","properties":{"Major_or_M":"1","Known_or_a":"1"},"geometry":{"type":"MultiLineString","coordinates":[[[39.041,39.9576],[39.4606,39.9631]]]}},{"type":"Feature","properties":{"Major_or_M":"0","Known_or_a":"0"},"geometry":{"type":"MultiLineString","coordinates":[[[39.0382,39.6628],[39.0591,39.6171]]]}},{"type":"Feature","properties":{"Major_or_M":"1","Known_or_a":"0"},"geometry":{"type":"MultiLineString","coordinates":[[[39.0373,39.6124],[39.325,39.6484],[39.3602,39.667],[39.5087,39.7684],[39.6277,39.8927],[39.6547,39.9232],[39.6614,40.0025]]]}},{"type":"Feature","properties":{"Major_or_M":"1","Known_or_a":"0"},"geometry":{"type":"MultiLineString","coordinates":[[[39.4587,39.9632],[39.6571,40.0186],[39.6927,39.9937],[39.8556,39.9636],[40.1219,39.9943],[40.1349,39.9718],[40.1215,39.9494],[40.2435,39.8471],[40.3222,39.8064],[40.4112,39.7955],[40.4967,39.8064],[40.6463,39.8742],[40.691,39.9251],[40.7159,39.9293],[40.8816,39.9118],[41.0891,39.9506],[41.2912,39.9227],[41.4089,39.9639]]]}},{"type":"Feature","properties":{"Major_or_M":"1","Known_or_a":"0"},"geometry":{"type":"MultiLineString","coordinates":[[[42.2769,39.9829],[42.3496,39.9336],[42.3713,39.8985],[42.5525,39.8593],[42.5889,39.8229],[42.6913,39.8145],[42.8368,39.7646],[43.2274,39.709],[43.3918,39.6521],[43.5012,39.6421],[43.6439,39.6056],[43.7112,39.6153],[43.7678,39.6521],[43.8109,39.7105],[43.8416,39.8196],[43.8631,39.8364],[44.1036,39.8641],[44.1672,39.8942],[44.2558,39.9713],[44.4627,39.9417],[44.5263,39.9483],[44.5531,39.9718]]]}},{"type":"Feature","properties":{"Major_or_M":"1","Known_or_a":"0"},"geometry":{"type":"MultiLineString","coordinates":[[[44.5083,39.9429],[44.4987,39.9308],[44.5179,39.856]]]}},{"type":"Feature","properties":{"Major_or_M":"1","Known_or_a":"0"},"geometry":{"type":"MultiLineString","coordinates":[[[39.0089,38.483],[39.0767,38.5088],[39.2069,38.5115],[39.2481,38.4995],[39.3221,38.4371],[39.5302,38.4989],[39.6127,38.4775],[39.6909,38.4044],[39.6894,38.3642],[39.7107,38.3343],[39.9152,38.2487],[39.9682,38.1883],[40.0864,38.1443],[40.2214,37.9885],[40.2634,37.8927],[40.2871,37.874],[40.3907,37.8766],[40.531,37.8465],[40.5619,37.7728],[40.5289,37.5636],[40.6647,37.4231],[40.7028,37.336],[40.6902,37.2995],[40.6503,37.259],[40.6271,37.1873]]]}},{"type":"Feature","properties":{"Major_or_M":"0","Known_or_a":"0"},"geometry":{"type":"MultiLineString","coordinates":[[[39.0155,38.3065],[39.0967,38.3309],[39.1265,38.2893],[39.1005,38.2071],[39.1162,38.1719],[39.157,38.1571],[39.2082,38.1849],[39.2446,38.1602],[39.2152,38.1328],[39.2273,38.0992],[39.1838,38.0524],[39.0816,38.0211],[39.0007,37.9285]]]}},{"type":"Feature","properties":{"Major_or_M":"1","Known_or_a":"0"},"geometry":{"type":"MultiLineString","coordinates":[[[39.0896,36.8738],[39.2022,36.8607],[39.8728,36.8689],[40.0664,36.8423],[40.1477,36.8125]]]}},{"type":"Feature","properties":{"Major_or_M":"1","Known_or_a":"0"},"geometry":{"type":"MultiLineString","coordinates":[[[38.9863,37.1656],[39.1765,37.1648],[39.2019,37.1729],[39.2629,37.2376],[39.46,37.2373],[39.5747,37.2209],[39.6969,37.2371],[40.0166,37.2357],[40.1072,37.2107],[40.6207,37.1906],[40.9478,37.1006],[41.0894,37.1096],[41.2564,37.0769],[41.736,37.1429],[41.8706,37.1871],[41.9876,37.2617],[42.0987,37.2729],[42.1591,37.304],[42.1919,37.3399]]]}},{"type":"Feature","properties":{"Major_or_M":"1","Known_or_a":"0"},"geometry":{"type":"MultiLineString","coordinates":[[[40.9316,37.1043],[40.9095,37.0342]]]}},{"type":"Feature","properties":{"Major_or_M":"1","Known_or_a":"0"},"geometry":{"type":"MultiLineString","coordinates":[[[41.2464,37.0763],[41.2721,37.0387]]]}},{"type":"Feature","properties":{"Major_or_M":"1","Known_or_a":"0"},"geometry":{"type":"MultiLineString","coordinates":[[[32.6533,37.9797],[32.5139,37.87],[32.405,37.6928]]]}},{"type":"Feature","properties":{"Major_or_M":"0","Known_or_a":"0"},"geometry":{"type":"MultiLineString","coordinates":[[[32.5164,37.8721],[32.6646,37.925],[32.8616,38.0225]]]}},{"type":"Feature","properties":{"Major_or_M":"0","Known_or_a":"0"},"geometry":{"type":"MultiLineString","coordinates":[[[32.1215,37.8778],[32.1846,37.8237],[32.1907,37.7536]]]}},{"type":"Feature","properties":{"Major_or_M":"0","Known_or_a":"0"},"geometry":{"type":"MultiLineString","coordinates":[[[32.2484,37.655],[32.3115,37.6271],[32.347,37.5916]]]}},{"type":"Feature","properties":{"Major_or_M":"0","Known_or_a":"1"},"geometry":{"type":"MultiLineString","coordinates":[[[32.1903,37.7533],[32.2011,37.7065],[32.2497,37.6531]]]}},{"type":"Feature","properties":{"Major_or_M":"0","Known_or_a":"1"},"geometry":{"type":"MultiLineString","coordinates":[[[32.0699,37.407],[32.1664,37.2592],[32.222,37.2033],[32.2687,37.1807],[32.3621,37.1855]]]}},{"type":"Feature","properties":{"Major_or_M":"0","Known_or_a":"1"},"geometry":{"type":"MultiLineString","coordinates":[[[32.3466,37.1821],[32.3646,37.1567]]]}},{"type":"Feature","properties":{"Major_or_M":"0","Known_or_a":"1"},"geometry":{"type":"MultiLineString","coordinates":[[[32.5705,37.1952],[32.5746,37.1559]]]}},{"type":"Feature","properties":{"Major_or_M":"1","Known_or_a":"1"},"geometry":{"type":"MultiLineString","coordinates":[[[32.4029,37.6913],[32.3482,37.5916],[32.4927,37.3563],[32.5658,37.1931],[32.7477,37.268]]]}},{"type":"Feature","properties":{"Major_or_M":"1","Known_or_a":"1"},"geometry":{"type":"MultiLineString","coordinates":[[[32.8973,37.2534],[32.9891,37.2382]]]}},{"type":"Feature","properties":{"Major_or_M":"1","Known_or_a":"1"},"geometry":{"type":"MultiLineString","coordinates":[[[32.3633,37.1855],[32.4002,37.2182],[32.4355,37.3163],[32.4791,37.3358],[32.4901,37.3601]]]}},{"type":"Feature","properties":{"Major_or_M":"1","Known_or_a":"1"},"geometry":{"type":"MultiLineString","coordinates":[[[33.1108,37.6281],[33.3988,37.5769],[33.6487,37.481],[33.7633,37.4827]]]}},{"type":"Feature","properties":{"Major_or_M":"1","Known_or_a":"0"},"geometry":{"type":"MultiLineString","coordinates":[[[32.7453,37.2689],[32.9009,37.2534]]]}},{"type":"Feature","properties":{"Major_or_M":"1","Known_or_a":"0"},"geometry":{"type":"MultiLineString","coordinates":[[[32.9879,37.2401],[33.0541,37.2002],[33.2334,37.1828],[33.2897,37.2684],[33.4811,37.438],[33.5191,37.4569],[33.6035,37.4433],[33.6645,37.4784]]]}},{"type":"Feature","properties":{"Major_or_M":"0","Known_or_a":"1"},"geometry":{"type":"MultiLineString","coordinates":[[[33.1018,37.5721],[33.0819,37.5188],[33.0904,37.4786]]]}},{"type":"Feature","properties":{"Major_or_M":"0","Known_or_a":"0"},"geometry":{"type":"MultiLineString","coordinates":[[[33.1413,37.622],[33.1019,37.5702]]]}},{"type":"Feature","properties":{"Major_or_M":"0","Known_or_a":"0"},"geometry":{"type":"MultiLineString","coordinates":[[[33.0892,37.4796],[33.1067,37.3886],[33.1825,37.2384],[33.3311,37.0825],[33.427,36.8626],[33.5069,36.8161],[33.518,36.7549],[33.5025,36.7096]]]}},{"type":"Feature","properties":{"Major_or_M":"0","Known_or_a":"0"},"geometry":{"type":"MultiLineString","coordinates":[[[33.2323,37.1814],[33.1237,37.1254],[33.0809,37.0794],[33.0982,37.0279],[33.0133,36.957],[33.0173,36.9082],[32.9847,36.8844],[32.9401,36.7957],[32.9936,36.6982],[32.99,36.6646],[32.9682,36.6411],[32.9102,36.6359]]]}},{"type":"Feature","properties":{"Major_or_M":"0","Known_or_a":"1"},"geometry":{"type":"MultiLineString","coordinates":[[[33.0249,36.9664],[32.9906,36.9551]]]}},{"type":"Feature","properties":{"Major_or_M":"0","Known_or_a":"0"},"geometry":{"type":"MultiLineString","coordinates":[[[32.0596,36.5286],[32.1188,36.4845],[32.2242,36.3395],[32.2867,36.2926],[32.2905,36.2612],[32.3453,36.2513],[32.3602,36.2097],[32.3972,36.1725],[32.5556,36.1082],[32.7185,36.0714],[32.8002,36.0257]]]}},{"type":"Feature","properties":{"Major_or_M":"0","Known_or_a":"1"},"geometry":{"type":"MultiLineString","coordinates":[[[32.8026,36.0267],[32.8234,36.0674]]]}},{"type":"Feature","properties":{"Major_or_M":"0","Known_or_a":"0"},"geometry":{"type":"MultiLineString","coordinates":[[[32.915,36.6351],[32.9798,36.5494],[32.929,36.5071],[32.9277,36.4783],[32.7666,36.4448],[32.6829,36.4034],[32.6538,36.3624],[32.7017,36.2584],[32.7005,36.1981],[32.7173,36.1603],[32.8089,36.0775],[32.8606,36.0788]]]}},{"type":"Feature","properties":{"Major_or_M":"0","Known_or_a":"0"},"geometry":{"type":"MultiLineString","coordinates":[[[32.864,36.0827],[32.9316,36.1025]]]}},{"type":"Feature","properties":{"Major_or_M":"0","Known_or_a":"1"},"geometry":{"type":"MultiLineString","coordinates":[[[32.934,36.1025],[32.9865,36.1152],[33.0189,36.0997]]]}},{"type":"Feature","properties":{"Major_or_M":"0","Known_or_a":"0"},"geometry":{"type":"MultiLineString","coordinates":[[[33.0201,36.0988],[33.0811,36.1039],[33.1576,36.1438],[33.2897,36.1417],[33.3281,36.1558],[33.3774,36.2083]]]}},{"type":"Feature","properties":{"Major_or_M":"0","Known_or_a":"0"},"geometry":{"type":"MultiLineString","coordinates":[[[33.3223,36.1547],[33.3867,36.1702],[33.5578,36.1646],[33.8035,36.2524]]]}},{"type":"Feature","properties":{"Major_or_M":"0","Known_or_a":"1"},"geometry":{"type":"MultiLineString","coordinates":[[[33.8053,36.2524],[33.8153,36.2812],[33.8653,36.323],[33.944,36.3489],[33.9593,36.4208],[33.951,36.4839],[33.974,36.5262],[33.9213,36.5505],[33.9125,36.5772],[34.0395,36.5825],[34.0578,36.5482],[34.1527,36.4688]]]}},{"type":"Feature","properties":{"Major_or_M":"0","Known_or_a":"1"},"geometry":{"type":"MultiLineString","coordinates":[[[33.941,36.3852],[34.0048,36.3869]]]}},{"type":"Feature","properties":{"Major_or_M":"0","Known_or_a":"0"},"geometry":{"type":"MultiLineString","coordinates":[[[33.9387,36.3765],[33.8986,36.3703],[33.8226,36.3885],[33.7806,36.4157],[33.6388,36.4059],[33.6062,36.4322],[33.6112,36.4706],[33.594,36.4952],[33.5267,36.5295],[33.4792,36.5335],[33.4415,36.6104],[33.4524,36.6489],[33.2748,36.706],[33.2023,36.7027],[33.1253,36.6532],[33.0169,36.6259],[32.8497,36.647]]]}},{"type":"Feature","properties":{"Major_or_M":"0","Known_or_a":"1"},"geometry":{"type":"MultiLineString","coordinates":[[[33.4523,36.6508],[33.5066,36.714]]]}},{"type":"Feature","properties":{"Major_or_M":"0","Known_or_a":"1"},"geometry":{"type":"MultiLineString","coordinates":[[[33.4928,36.6937],[33.5412,36.7089]]]}},{"type":"Feature","properties":{"Major_or_M":"0","Known_or_a":"0"},"geometry":{"type":"MultiLineString","coordinates":[[[33.5436,36.7098],[33.8307,36.7486],[33.9128,36.6912],[33.9196,36.5821]]]}},{"type":"Feature","properties":{"Major_or_M":"0","Known_or_a":"0"},"geometry":{"type":"MultiLineString","coordinates":[[[34.0072,36.3859],[34.0871,36.4203],[34.2697,36.5885],[34.3864,36.6679],[34.6161,36.7985]]]}},{"type":"Feature","properties":{"Major_or_M":"0","Known_or_a":"0"},"geometry":{"type":"MultiLineString","coordinates":[[[34.5362,36.7616],[34.2904,37.0109],[34.2146,37.003],[34.1549,37.0488],[34.0908,37.0136],[33.9596,36.994],[33.9048,36.9561],[33.833,36.9752],[33.8073,37.0139],[33.8057,37.0894],[33.7531,37.2095],[33.8276,37.2933]]]}},{"type":"Feature","properties":{"Major_or_M":"0","Known_or_a":"0"},"geometry":{"type":"MultiLineString","coordinates":[[[33.6165,37.447],[33.8368,37.2898],[33.8548,37.2418]]]}},{"type":"Feature","properties":{"Major_or_M":"1","Known_or_a":"0"},"geometry":{"type":"MultiLineString","coordinates":[[[33.7551,37.4845],[33.9108,37.471],[34.1464,37.5438],[34.39,37.6642],[34.5166,37.7416],[34.6125,37.825],[34.6695,37.9323],[34.7546,38.0356]]]}},{"type":"Feature","properties":{"Major_or_M":"1","Known_or_a":"0"},"geometry":{"type":"MultiLineString","coordinates":[[[34.2878,37.9875],[34.6172,37.8299],[34.6439,37.7042]]]}},{"type":"Feature","properties":{"Major_or_M":"1","Known_or_a":"0"},"geometry":{"type":"MultiLineString","coordinates":[[[34.1725,37.5634],[34.3487,37.5758],[34.5724,37.5197]]]}},{"type":"Feature","properties":{"Major_or_M":"1","Known_or_a":"1"},"geometry":{"type":"MultiLineString","coordinates":[[[34.6439,37.7042],[34.6757,37.6632],[34.7503,37.6507]]]}},{"type":"Feature","properties":{"Major_or_M":"1","Known_or_a":"1"},"geometry":{"type":"MultiLineString","coordinates":[[[34.5688,37.5203],[34.6591,37.5271]]]}},{"type":"Feature","properties":{"Major_or_M":"1","Known_or_a":"1"},"geometry":{"type":"MultiLineString","coordinates":[[[34.8537,37.4975],[34.88,37.4785],[34.8915,37.4384],[34.8847,37.4047],[34.846,37.37],[34.812,37.3008],[34.8203,37.2125]]]}},{"type":"Feature","properties":{"Major_or_M":"1","Known_or_a":"1"},"geometry":{"type":"MultiLineString","coordinates":[[[34.8649,37.1016],[34.8979,37.0634],[34.9015,36.9734]]]}},{"type":"Feature","properties":{"Major_or_M":"1","Known_or_a":"1"},"geometry":{"type":"MultiLineString","coordinates":[[[34.8723,36.9027],[34.9357,36.9273]]]}},{"type":"Feature","properties":{"Major_or_M":"1","Known_or_a":"1"},"geometry":{"type":"MultiLineString","coordinates":[[[35.4901,36.7524],[35.5398,36.7521]]]}},{"type":"Feature","properties":{"Major_or_M":"0","Known_or_a":"0"},"geometry":{"type":"MultiLineString","coordinates":[[[34.6184,37.8281],[34.5519,37.6591],[34.541,37.5779],[34.5562,37.5397],[34.5873,37.5207]]]}},{"type":"Feature","properties":{"Major_or_M":"1","Known_or_a":"0"},"geometry":{"type":"MultiLineString","coordinates":[[[34.7514,37.6498],[34.8539,37.4978]]]}},{"type":"Feature","properties":{"Major_or_M":"1","Known_or_a":"0"},"geometry":{"type":"MultiLineString","coordinates":[[[34.6582,37.5255],[34.7405,37.5249],[34.855,37.4978]]]}},{"type":"Feature","properties":{"Major_or_M":"1","Known_or_a":"0"},"geometry":{"type":"MultiLineString","coordinates":[[[34.8203,37.2143],[34.8216,37.1616],[34.8683,37.0989]]]}},{"type":"Feature","properties":{"Major_or_M":"1","Known_or_a":"0"},"geometry":{"type":"MultiLineString","coordinates":[[[34.9015,36.9743],[34.9004,36.9171]]]}},{"type":"Feature","properties":{"Major_or_M":"1","Known_or_a":"0"},"geometry":{"type":"MultiLineString","coordinates":[[[34.669,36.8175],[34.8778,36.9043]]]}},{"type":"Feature","properties":{"Major_or_M":"1","Known_or_a":"0"},"geometry":{"type":"MultiLineString","coordinates":[[[34.9344,36.928],[34.9763,36.948],[35.2415,36.9968],[35.5373,36.9919]]]}},{"type":"Feature","properties":{"Major_or_M":"1","Known_or_a":"0"},"geometry":{"type":"MultiLineString","coordinates":[[[35.357,36.9873],[35.3748,36.9236],[35.491,36.7468],[35.4189,36.6182],[35.351,36.5522]]]}},{"type":"Feature","properties":{"Major_or_M":"0","Known_or_a":"1"},"geometry":{"type":"MultiLineString","coordinates":[[[34.616,36.7982],[34.6656,36.8165],[34.8102,36.8242]]]}},{"type":"Feature","properties":{"Major_or_M":"0","Known_or_a":"0"},"geometry":{"type":"MultiLineString","coordinates":[[[34.8057,36.8251],[34.9616,36.848],[35.4933,36.754]]]}},{"type":"Feature","properties":{"Major_or_M":"1","Known_or_a":"1"},"geometry":{"type":"MultiLineString","coordinates":[[[32.028,39.6688],[32.2622,39.7025],[32.5217,39.7945]]]}},{"type":"Feature","properties":{"Major_or_M":"1","Known_or_a":"0"},"geometry":{"type":"MultiLineString","coordinates":[[[32.8762,39.6276],[32.8941,39.5288],[32.8889,39.4366],[32.9517,39.2551],[32.9499,38.9321],[32.9284,38.7427],[32.8675,38.5608],[32.8638,38.4642],[32.891,38.3278],[32.7952,38.1467]],[[32.6533,37.9797],[32.7963,38.1496]]]}},{"type":"Feature","properties":{"Major_or_M":"0","Known_or_a":"0"},"geometry":{"type":"MultiLineString","coordinates":[[[32.8634,38.0201],[33.0794,38.1868]]]}},{"type":"Feature","properties":{"Major_or_M":"0","Known_or_a":"0"},"geometry":{"type":"MultiLineString","coordinates":[[[32.3962,38.1969],[32.7532,38.1273],[32.9235,38.142],[33.0769,38.1868]]]}},{"type":"Feature","properties":{"Major_or_M":"0","Known_or_a":"0"},"geometry":{"type":"MultiLineString","coordinates":[[[32.5594,38.6356],[32.5276,38.6589]]]}},{"type":"Feature","properties":{"Major_or_M":"1","Known_or_a":"0"},"geometry":{"type":"MultiLineString","coordinates":[[[32.2385,38.2537],[32.439,38.1689],[32.5017,38.0936],[32.5006,37.997]]]}},{"type":"Feature","properties":{"Major_or_M":"1","Known_or_a":"1"},"geometry":{"type":"MultiLineString","coordinates":[[[33.1568,38.0217],[33.4111,38.1576],[34.107,38.408],[34.1938,38.4214],[34.4122,38.4028],[34.6037,38.3556],[34.733,38.2019],[34.7546,38.0356]]]}},{"type":"Feature","properties":{"Major_or_M":"0","Known_or_a":"1"},"geometry":{"type":"MultiLineString","coordinates":[[[32.5594,38.6356],[32.734,38.5165],[32.9177,38.2999],[33.0856,38.1841],[33.5625,38.1321],[34.0554,38.1192]]]}},{"type":"Feature","properties":{"Major_or_M":"1","Known_or_a":"0"},"geometry":{"type":"MultiLineString","coordinates":[[[34.1907,38.4252],[34.2725,38.4548]]]}},{"type":"Feature","properties":{"Major_or_M":"0","Known_or_a":"1"},"geometry":{"type":"MultiLineString","coordinates":[[[34.0535,38.3805],[34.1216,38.2587],[34.2118,38.1873],[34.2804,38.1686],[34.3081,38.1014],[34.3731,38.0643]]]}},{"type":"Feature","properties":{"Major_or_M":"0","Known_or_a":"0"},"geometry":{"type":"MultiLineString","coordinates":[[[33.554,39.135],[33.8777,38.992],[34.1698,38.8328],[34.3878,38.7722],[34.8554,38.7181],[35.145,38.7374],[35.3116,38.7708]]]}},{"type":"Feature","properties":{"Major_or_M":"0","Known_or_a":"0"},"geometry":{"type":"MultiLineString","coordinates":[[[34.5913,38.3611],[34.7175,38.37],[35.0004,38.3319]]]}},{"type":"Feature","properties":{"Major_or_M":"0","Known_or_a":"0"},"geometry":{"type":"MultiLineString","coordinates":[[[32.9623,39.5976],[33.1384,39.5722],[33.284,39.4782],[33.3904,39.4298],[34.186,39.134],[34.3054,39.1224],[35.0103,38.981]]]}},{"type":"Feature","properties":{"Major_or_M":"0","Known_or_a":"0"},"geometry":{"type":"MultiLineString","coordinates":[[[34.4837,39.6384],[34.1766,39.4803],[34.0698,39.3699],[34.0747,39.2993],[34.1503,39.154]]]}},{"type":"Feature","properties":{"Major_or_M":"0","Known_or_a":"0"},"geometry":{"type":"MultiLineString","coordinates":[[[35.0592,39.8218],[35.4018,39.8116]]]}},{"type":"Feature","properties":{"Major_or_M":"1","Known_or_a":"1"},"geometry":{"type":"MultiLineString","coordinates":[[[34.5353,39.8594],[34.4868,39.6461]],[[34.488,39.6481],[34.4611,39.5782],[34.4628,39.5317]],[[34.5652,39.3876],[34.6333,39.2756],[34.7083,39.2092],[34.9198,39.08],[35.0215,38.9747]],[[34.463,39.5341],[34.5674,39.3821]],[[35.0212,38.9734],[35.1375,38.9048]],[[35.1349,38.9058],[35.1806,38.8771],[35.2235,38.8188],[35.3069,38.7726]],[[35.3082,38.7725],[35.4284,38.7437]]]}},{"type":"Feature","properties":{"Major_or_M":"1","Known_or_a":"1"},"geometry":{"type":"MultiLineString","coordinates":[[[35.4368,39.6901],[35.5081,39.6723],[35.6449,39.6879]],[[35.6442,39.6885],[35.8939,39.7183],[35.9484,39.7773],[36.0764,39.8103],[36.1947,39.797],[36.6049,39.8651],[36.7005,39.8356],[36.7381,39.7823],[36.8309,39.7212],[36.9555,39.7235],[37.0316,39.7479],[37.1558,39.8183],[37.3014,39.8287],[37.3764,39.8565],[37.4437,39.853],[37.5536,39.8806],[37.6369,39.8643],[37.7728,39.9019]]]}},{"type":"Feature","properties":{"Major_or_M":"1","Known_or_a":"0"},"geometry":{"type":"MultiLineString","coordinates":[[[34.5142,39.743],[34.6181,39.6932],[34.9976,39.5803],[35.0505,39.5454],[35.2203,39.323],[35.3201,39.0623],[35.5012,38.7216]]]}},{"type":"Feature","properties":{"Major_or_M":"1","Known_or_a":"0"},"geometry":{"type":"MultiLineString","coordinates":[[[35.5012,38.7216],[35.4095,38.7437],[35.3327,38.7204],[35.1182,38.4422],[34.9847,38.3168],[34.7546,38.0356]]]}},{"type":"Feature","properties":{"Major_or_M":"1","Known_or_a":"1"},"geometry":{"type":"MultiLineString","coordinates":[[[35.5012,38.7216],[35.5524,38.7445],[35.7246,38.8916],[35.8944,38.9731],[35.8907,39.0424],[36.0016,39.155],[36.087,39.1938],[36.1934,39.2733],[36.4238,39.354],[36.5031,39.4174],[36.7501,39.4886],[36.7907,39.5162],[36.8619,39.6381],[36.9234,39.664],[36.9783,39.7295]]]}},{"type":"Feature","properties":{"Major_or_M":"0","Known_or_a":"0"},"geometry":{"type":"MultiLineString","coordinates":[[[35.3027,41.6932],[35.4104,41.6752],[35.4804,41.6381],[35.6239,41.6069],[35.8981,41.5672],[35.9855,41.5147],[36.0619,41.5051],[36.2454,41.3463],[36.3261,41.3084],[36.3536,41.2657],[36.4383,41.2269],[36.8182,41.1973],[36.9763,41.2101],[37.0883,41.1526],[37.2692,41.1324],[37.3197,41.1025],[37.3924,41.0991],[37.595,40.9859],[37.8561,41.0112],[37.886,40.9791],[38.0507,40.9644],[38.1878,40.9319],[38.2765,40.9361],[38.3579,40.9061],[38.5286,40.9086],[38.5784,40.9291],[38.664,40.9099],[38.7949,40.991],[38.8761,41.0053],[38.9104,41.0271],[39.0718,41.0267],[39.1628,41.0707],[39.2859,41.0372],[39.4194,41.0951],[39.4872,41.0839],[39.5594,41.0245],[39.6452,40.9907],[39.7888,40.9908],[39.8483,40.9486],[39.9875,40.9589],[40.0937,40.9101],[40.1893,40.9065],[40.2645,40.9319],[40.3986,41.0188],[40.546,41.0239],[40.7214,41.0831],[40.7876,41.1383],[40.8545,41.1695],[41.0513,41.194],[41.1563,41.273],[41.434,41.3918],[41.471,41.443],[41.5439,41.4902],[41.585,41.5644]]]}},{"type":"Feature","properties":{"Major_or_M":"1","Known_or_a":"0"},"geometry":{"type":"MultiLineString","coordinates":[[[40.533,37.8465],[40.5666,37.8644],[40.8673,37.8534],[41.179,37.8659],[41.3187,37.9453],[41.3731,37.9508],[41.5068,38.0319],[41.6902,38.1024],[41.8372,38.2167],[41.9487,38.2576],[42.025,38.3545],[42.0957,38.3783],[42.1518,38.486],[42.2039,38.5086],[42.2727,38.5019],[42.3661,38.4623],[42.5431,38.4652],[42.6388,38.3944],[42.6459,38.3711],[42.6832,38.3586],[42.7989,38.3862],[42.8893,38.341],[43.0148,38.3046],[43.1891,38.3145],[43.2054,38.333],[43.2107,38.3908],[43.3434,38.4495],[43.3546,38.502],[43.3429,38.5499],[43.298,38.6262],[43.3694,38.7736],[43.4245,38.8294],[43.4953,38.8443],[43.5693,38.9031],[43.6529,38.922],[43.6756,38.9467],[43.6433,38.9819],[43.4109,39.0236],[42.9651,39.2268],[42.829,39.264],[42.7744,39.3048],[42.7514,39.3751],[42.7874,39.5329],[42.9128,39.5505],[42.9707,39.6032],[43.1705,39.6166],[43.3487,39.6705]]]}},{"type":"Feature","properties":{"Major_or_M":"0","Known_or_a":"0"},"geometry":{"type":"MultiLineString","coordinates":[[[40.2498,37.9327],[40.5318,37.9765],[40.9172,38.0016],[41.1819,37.9914],[41.3255,37.9468]]]}},{"type":"Feature","properties":{"Major_or_M":"0","Known_or_a":"0"},"geometry":{"type":"MultiLineString","coordinates":[[[40.2823,37.8801],[40.4029,37.9027],[40.6148,37.8997],[40.8019,37.8829],[40.8929,37.8585]]]}},{"type":"Feature","properties":{"Major_or_M":"1","Known_or_a":"1"},"geometry":{"type":"MultiLineString","coordinates":[[[36.0226,36.0042],[36.0693,35.9206]]]}},{"type":"Feature","properties":{"Major_or_M":"1","Known_or_a":"0"},"geometry":{"type":"MultiLineString","coordinates":[[[36.1506,36.0076],[36.1304,35.9711],[36.0294,35.8782],[35.7738,35.5169],[35.8439,35.5089],[35.8794,35.4866],[35.9261,35.4214],[35.9326,35.2864],[35.97,35.199],[35.9097,35.0999],[35.8818,34.896],[35.9581,34.7201],[36.0311,34.6605],[36.0419,34.5414]]]}},{"type":"Feature","properties":{"Major_or_M":"1","Known_or_a":"1"},"geometry":{"type":"MultiLineString","coordinates":[[[36.0409,34.5398],[35.9567,34.5098],[35.9216,34.4727],[35.8337,34.4418],[35.8334,34.4263]]]}},{"type":"Feature","properties":{"Major_or_M":"1","Known_or_a":"0"},"geometry":{"type":"MultiLineString","coordinates":[[[35.8343,34.4277],[35.7461,34.3577],[35.7334,34.3174],[35.6776,34.2689]]]}},{"type":"Feature","properties":{"Major_or_M":"1","Known_or_a":"1"},"geometry":{"type":"MultiLineString","coordinates":[[[35.6767,34.2689],[35.6389,34.1534],[35.6605,34.0759],[35.6386,34.0402],[35.6542,34.008]]]}},{"type":"Feature","properties":{"Major_or_M":"1","Known_or_a":"1"},"geometry":{"type":"MultiLineString","coordinates":[[[36.3276,34.1727],[36.3607,34.1893],[36.3616,34.2289],[36.4061,34.2515]]]}},{"type":"Feature","properties":{"Major_or_M":"1","Known_or_a":"1"},"geometry":{"type":"MultiLineString","coordinates":[[[36.5477,34.5136],[36.5438,34.5814],[36.5841,34.611]]]}},{"type":"Feature","properties":{"Major_or_M":"1","Known_or_a":"0"},"geometry":{"type":"MultiLineString","coordinates":[[[36.2011,34.02],[36.2248,34.0841],[36.3313,34.1711]]]}},{"type":"Feature","properties":{"Major_or_M":"1","Known_or_a":"0"},"geometry":{"type":"MultiLineString","coordinates":[[[36.4033,34.2516],[36.5323,34.3901],[36.5579,34.4721],[36.5458,34.5152]]]}},{"type":"Feature","properties":{"Major_or_M":"1","Known_or_a":"0"},"geometry":{"type":"MultiLineString","coordinates":[[[36.0437,34.567],[36.1214,34.6439],[36.2788,34.6892],[36.3088,34.7246],[36.3854,34.8918],[36.3737,35.124],[36.4212,35.3216],[36.4199,35.3873],[36.3836,35.4672],[36.3959,35.621],[36.3683,35.7952],[36.3364,35.827],[36.2112,35.8155],[36.1845,35.7775],[36.0384,35.6635],[35.9767,35.647],[35.9251,35.5905],[35.7825,35.5238]]]}},{"type":"Feature","properties":{"Major_or_M":"1","Known_or_a":"0"},"geometry":{"type":"MultiLineString","coordinates":[[[36.323,35.828],[36.3185,35.8453]]]}},{"type":"Feature","properties":{"Major_or_M":"1","Known_or_a":"1"},"geometry":{"type":"MultiLineString","coordinates":[[[36.408,36.0052],[36.3194,35.8413]]]}},{"type":"Feature","properties":{"Major_or_M":"0","Known_or_a":"1"},"geometry":{"type":"MultiLineString","coordinates":[[[36.4782,35.8455],[36.4988,35.8991]]]}},{"type":"Feature","properties":{"Major_or_M":"0","Known_or_a":"0"},"geometry":{"type":"MultiLineString","coordinates":[[[36.4988,35.8991],[36.5243,35.9559]]]}},{"type":"Feature","properties":{"Major_or_M":"0","Known_or_a":"0"},"geometry":{"type":"MultiLineString","coordinates":[[[36.4782,35.8455],[36.4487,35.7818]]]}},{"type":"Feature","properties":{"Major_or_M":"1","Known_or_a":"0"},"geometry":{"type":"MultiLineString","coordinates":[[[36.4092,35.4183],[36.601,35.519],[36.6874,35.5987],[37.0102,36.0167]]]}},{"type":"Feature","properties":{"Major_or_M":"1","Known_or_a":"0"},"geometry":{"type":"MultiLineString","coordinates":[[[36.9801,36.0111],[36.9921,35.9967]]]}},{"type":"Feature","properties":{"Major_or_M":"1","Known_or_a":"0"},"geometry":{"type":"MultiLineString","coordinates":[[[36.728,35.6433],[36.7517,35.5067],[36.7496,35.147]]]}},{"type":"Feature","properties":{"Major_or_M":"1","Known_or_a":"0"},"geometry":{"type":"MultiLineString","coordinates":[[[36.411,35.4132],[36.4696,35.3888],[36.5515,35.3085],[36.5787,35.2572],[36.663,35.2096],[36.7539,35.1305],[36.713,34.7379],[36.665,34.6741],[36.5822,34.6087]]]}},{"type":"Feature","properties":{"Major_or_M":"1","Known_or_a":"0"},"geometry":{"type":"MultiLineString","coordinates":[[[36.4734,35.3883],[36.7076,35.3052],[36.9836,35.151],[37.0745,35.1153],[37.4209,35.0596]]]}},{"type":"Feature","properties":{"Major_or_M":"0","Known_or_a":"0"},"geometry":{"type":"MultiLineString","coordinates":[[[36.7337,34.0257],[36.7726,34.1111],[36.7516,34.159],[36.9484,34.2301],[37.0725,34.2459],[37.2479,34.2299],[37.6047,34.3836],[37.9562,34.5074],[38.1932,34.5224],[38.2987,34.5589],[38.6634,34.5622]]]}},{"type":"Feature","properties":{"Major_or_M":"0","Known_or_a":"1"},"geometry":{"type":"MultiLineString","coordinates":[[[37.0154,34.025],[37.0626,34.0961],[37.0757,34.1774],[37.0647,34.2391],[37.0924,34.282]]]}},{"type":"Feature","properties":{"Major_or_M":"1","Known_or_a":"0"},"geometry":{"type":"MultiLineString","coordinates":[[[37.3185,34.0236],[37.4876,34.0756]]]}},{"type":"Feature","properties":{"Major_or_M":"1","Known_or_a":"0"},"geometry":{"type":"MultiLineString","coordinates":[[[37.6053,34.1608],[37.7468,34.189],[37.8653,34.2591]]]}},{"type":"Feature","properties":{"Major_or_M":"1","Known_or_a":"1"},"geometry":{"type":"MultiLineString","coordinates":[[[37.4885,34.0748],[37.6033,34.1585]]]}},{"type":"Feature","properties":{"Major_or_M":"1","Known_or_a":"1"},"geometry":{"type":"MultiLineString","coordinates":[[[37.8649,34.2606],[37.991,34.31],[38.1901,34.4212],[38.2413,34.5338],[38.2823,34.5588]]]}},{"type":"Feature","properties":{"Major_or_M":"1","Known_or_a":"0"},"geometry":{"type":"MultiLineString","coordinates":[[[36.7135,34.7386],[36.7739,34.7047],[37.1148,34.6098],[37.6228,34.55]]]}},{"type":"Feature","properties":{"Major_or_M":"1","Known_or_a":"0"},"geometry":{"type":"MultiLineString","coordinates":[[[37.769,34.5564],[37.9759,34.608]]]}},{"type":"Feature","properties":{"Major_or_M":"1","Known_or_a":"1"},"geometry":{"type":"MultiLineString","coordinates":[[[37.6237,34.5492],[37.7699,34.5564]]]}},{"type":"Feature","properties":{"Major_or_M":"0","Known_or_a":"0"},"geometry":{"type":"MultiLineString","coordinates":[[[36.715,34.7398],[36.8354,34.8176],[36.9868,34.9648],[37.0439,35.0259],[37.055,35.0732],[37.0966,35.1214],[37.605,35.3151],[38.4829,35.5256],[38.6687,35.5885],[38.7464,35.6345]]]}},{"type":"Feature","properties":{"Major_or_M":"0","Known_or_a":"0"},"geometry":{"type":"MultiLineString","coordinates":[[[36.9935,35.994],[37.0439,36.0038],[37.0752,35.9866],[37.1091,35.9106],[37.3021,35.6521],[37.3543,35.5435],[37.4908,35.4659]]]}},{"type":"Feature","properties":{"Major_or_M":"0","Known_or_a":"0"},"geometry":{"type":"MultiLineString","coordinates":[[[37.5159,35.4495],[37.6931,35.3755],[37.7725,35.3589]]]}},{"type":"Feature","properties":{"Major_or_M":"0","Known_or_a":"0"},"geometry":{"type":"MultiLineString","coordinates":[[[37.4897,35.7797],[37.5583,35.7002],[37.6335,35.6432],[37.7019,35.4839],[37.7792,35.3595]]]}},{"type":"Feature","properties":{"Major_or_M":"1","Known_or_a":"0"},"geometry":{"type":"MultiLineString","coordinates":[[[37.2443,35.7401],[37.4267,35.7301],[37.5856,35.832],[37.6386,35.8439],[37.7146,35.8341],[37.85,35.8936],[38.0137,35.9219],[38.1122,35.9875],[38.093,36.0091]]]}},{"type":"Feature","properties":{"Major_or_M":"1","Known_or_a":"1"},"geometry":{"type":"MultiLineString","coordinates":[[[37.422,35.0599],[37.6017,34.9755],[37.6642,34.9117]]]}},{"type":"Feature","properties":{"Major_or_M":"1","Known_or_a":"0"},"geometry":{"type":"MultiLineString","coordinates":[[[37.663,34.9124],[37.6845,34.8853],[37.7178,34.7641],[37.7855,34.6973],[38.0097,34.5963],[38.2803,34.5586]]]}},{"type":"Feature","properties":{"Major_or_M":"0","Known_or_a":"0"},"geometry":{"type":"MultiLineString","coordinates":[[[38.3219,34.5596],[38.4268,34.4356],[38.767,34.1825],[38.8688,34.15],[38.9592,34.1451]]]}},{"type":"Feature","properties":{"Major_or_M":"1","Known_or_a":"0"},"geometry":{"type":"MultiLineString","coordinates":[[[38.2823,34.5601],[38.3386,34.5989],[38.5121,34.6354]]]}},{"type":"Feature","properties":{"Major_or_M":"1","Known_or_a":"1"},"geometry":{"type":"MultiLineString","coordinates":[[[38.5103,34.6354],[38.638,34.672]]]}},{"type":"Feature","properties":{"Major_or_M":"1","Known_or_a":"0"},"geometry":{"type":"MultiLineString","coordinates":[[[38.6369,34.6701],[38.8714,34.8919],[38.9143,34.9767],[38.9316,35.1049]]]}},{"type":"Feature","properties":{"Major_or_M":"0","Known_or_a":"0"},"geometry":{"type":"MultiLineString","coordinates":[[[38.9299,35.1064],[38.9922,35.1108]]]}},{"type":"Feature","properties":{"Major_or_M":"1","Known_or_a":"1"},"geometry":{"type":"MultiLineString","coordinates":[[[38.9328,35.1066],[38.9196,35.2635],[38.8526,35.411],[38.7878,35.4992],[38.7473,35.6395],[38.7944,35.8272],[38.8019,35.944],[39.048,35.951],[39.0724,35.9845]]]}},{"type":"Feature","properties":{"Major_or_M":"1","Known_or_a":"1"},"geometry":{"type":"MultiLineString","coordinates":[[[38.1105,35.9913],[38.1963,35.9379],[38.2938,35.9179],[38.3844,35.8732],[38.5911,35.8478],[38.7442,35.8496],[38.8288,35.918],[38.9975,35.9158]]]}},{"type":"Feature","properties":{"Major_or_M":"1","Known_or_a":"1"},"geometry":{"type":"MultiLineString","coordinates":[[[19.9783,44.9568],[20.0848,44.8658],[20.2714,44.8016],[20.3552,44.7992],[20.4294,44.8192]]]}},{"type":"Feature","properties":{"Major_or_M":"1","Known_or_a":"1"},"geometry":{"type":"MultiLineString","coordinates":[[[18.6252,43.9133],[18.6329,43.9642],[18.6626,43.9963]]]}},{"type":"Feature","properties":{"Major_or_M":"1","Known_or_a":"0"},"geometry":{"type":"MultiLineString","coordinates":[[[18.7774,43.927],[18.9456,43.793]]]}},{"type":"Feature","properties":{"Major_or_M":"0","Known_or_a":"0"},"geometry":{"type":"MultiLineString","coordinates":[[[18.8148,43.5889],[18.7565,43.5943],[18.7404,43.6151],[18.7267,43.7162],[18.7362,43.7609]]]}},{"type":"Feature","properties":{"Major_or_M":"1","Known_or_a":"1"},"geometry":{"type":"MultiLineString","coordinates":[[[18.47,43.8563],[18.5473,43.8164],[18.6602,43.8007],[18.7167,43.7579],[18.7615,43.7734],[18.8096,43.7615],[18.8822,43.7859],[19.0339,43.793],[19.1339,43.8209],[19.226,43.8697],[19.2719,43.8549],[19.3081,43.796]]]}},{"type":"Feature","properties":{"Major_or_M":"1","Known_or_a":"1"},"geometry":{"type":"MultiLineString","coordinates":[[[19.3081,43.796],[19.2641,43.7561],[19.1779,43.7317],[19.1487,43.6948],[18.9911,43.6829],[18.959,43.6413],[18.8299,43.6044],[18.8037,43.5815],[18.7793,43.5101],[18.7436,43.4887],[18.7746,43.3947],[18.6538,43.2939],[18.6318,43.2535]]]}},{"type":"Feature","properties":{"Major_or_M":"1","Known_or_a":"1"},"geometry":{"type":"MultiLineString","coordinates":[[[19.3737,43.3591],[19.1712,43.3976],[19.1251,43.4279],[19.0177,43.4294],[18.9142,43.454],[18.8703,43.4833],[18.8129,43.4847],[18.7793,43.5101],[18.8148,43.5889]]]}},{"type":"Feature","properties":{"Major_or_M":"0","Known_or_a":"0"},"geometry":{"type":"MultiLineString","coordinates":[[[19.3085,43.796],[19.4704,43.7694],[19.64,43.8586],[19.8349,43.8646],[19.9865,43.8254],[20.0465,43.8429]]]}},{"type":"Feature","properties":{"Major_or_M":"0","Known_or_a":"0"},"geometry":{"type":"MultiLineString","coordinates":[[[22.255,43.5982],[22.0723,43.6075],[22.0494,43.6411],[21.8738,43.6607],[21.7311,43.6489],[21.6199,43.6025],[21.5141,43.6057],[21.4523,43.5782],[21.2765,43.6075],[21.129,43.6128],[20.9548,43.6474],[20.8452,43.7229],[20.7667,43.739],[20.5585,43.8576],[20.4438,43.8973],[20.2212,43.9269],[20.1305,43.9016],[20.0465,43.8429]]]}},{"type":"Feature","properties":{"Major_or_M":"0","Known_or_a":"0"},"geometry":{"type":"MultiLineString","coordinates":[[[21.3799,43.9355],[21.3892,43.9321]]]}},{"type":"Feature","properties":{"Major_or_M":"0","Known_or_a":"0"},"geometry":{"type":"MultiLineString","coordinates":[[[21.3892,43.9321],[21.3126,43.9595],[21.1335,44.148],[21.1017,44.238],[20.9866,44.4064],[20.9664,44.5464],[20.8727,44.6146],[20.7905,44.6457]]]}},{"type":"Feature","properties":{"Major_or_M":"0","Known_or_a":"0"},"geometry":{"type":"MultiLineString","coordinates":[[[21.0064,44.365],[21.2832,44.3798],[21.3388,44.4124]]]}},{"type":"Feature","properties":{"Major_or_M":"0","Known_or_a":"0"},"geometry":{"type":"MultiLineString","coordinates":[[[21.386,44.2738],[21.1631,44.2262],[21.0951,44.1519],[21.0172,44.137],[20.9952,44.1072],[20.9946,44.0576],[20.875,44.0052],[20.7863,43.9034],[20.8219,43.7925],[20.816,43.7562],[20.6993,43.7292]]]}},{"type":"Feature","properties":{"Major_or_M":"0","Known_or_a":"0"},"geometry":{"type":"MultiLineString","coordinates":[[[21.355,44.0038],[21.2023,44.2709],[21.2301,44.3897],[21.2182,44.5426],[21.1944,44.5783],[21.0807,44.6699],[21.0649,44.7062]]]}},{"type":"Feature","properties":{"Major_or_M":"1","Known_or_a":"0"},"geometry":{"type":"MultiLineString","coordinates":[[[21.3189,44.5027],[21.4467,44.3557],[21.4497,44.323],[21.4229,44.2718],[21.3564,44.2195]]]}},{"type":"Feature","properties":{"Major_or_M":"0","Known_or_a":"0"},"geometry":{"type":"MultiLineString","coordinates":[[[21.3421,44.4019],[21.4353,44.3723],[21.6922,44.4719]]]}},{"type":"Feature","properties":{"Major_or_M":"0","Known_or_a":"0"},"geometry":{"type":"MultiLineString","coordinates":[[[21.7379,44.4448],[21.7808,44.2913],[21.7383,44.2254]]]}},{"type":"Feature","properties":{"Major_or_M":"0","Known_or_a":"0"},"geometry":{"type":"MultiLineString","coordinates":[[[21.3564,44.1486],[21.4364,44.1116],[21.5139,44.0422],[21.839,43.9755],[21.9727,43.8994],[22.0611,43.9346],[22.1504,43.9481],[22.2799,43.9124],[22.3351,43.8083]]]}},{"type":"Feature","properties":{"Major_or_M":"0","Known_or_a":"0"},"geometry":{"type":"MultiLineString","coordinates":[[[21.3344,44.8367],[21.3848,44.8277],[21.4157,44.7938],[21.5881,44.7813],[21.7118,44.6717],[21.797,44.6741],[22.0018,44.6437],[22.0428,44.6134],[22.0595,44.5539],[22.1428,44.4861],[22.1671,44.4879],[22.2564,44.6318],[22.3046,44.6753],[22.3793,44.6901],[22.4449,44.7272],[22.5213,44.7036],[22.612,44.6358],[22.7219,44.6144],[22.7747,44.563],[22.774,44.5202],[22.7234,44.5038],[22.6077,44.5223],[22.5156,44.4381],[22.7047,44.29],[22.711,44.2255],[22.8448,44.202],[22.9287,44.1332],[23.0378,44.1165],[23.0848,44.0577],[23.0854,44.0309],[23.0328,44.0059],[22.9198,43.9931],[22.8937,44.0043]]]}},{"type":"Feature","properties":{"Major_or_M":"1","Known_or_a":"1"},"geometry":{"type":"MultiLineString","coordinates":[[[22.6552,44.6323],[22.707,44.6964],[22.8807,44.7458],[22.917,44.769],[22.9336,44.8404],[23.1121,44.9689],[23.2204,45.0043],[23.3144,45.0691],[23.3822,45.1691],[23.4226,45.2006],[23.3471,45.2309],[23.3001,45.3074],[23.2977,45.3633],[23.3822,45.3722],[23.3869,45.4008],[23.3688,45.428],[23.1612,45.472],[23.1166,45.5053],[23.0036,45.5404],[22.9712,45.588]]]}},{"type":"Feature","properties":{"Major_or_M":"0","Known_or_a":"1"},"geometry":{"type":"MultiLineString","coordinates":[[[23.3065,45.37],[23.1374,45.3227]]]}},{"type":"Feature","properties":{"Major_or_M":"0","Known_or_a":"0"},"geometry":{"type":"MultiLineString","coordinates":[[[23.4554,46.0048],[23.4833,45.9137]]]}},{"type":"Feature","properties":{"Major_or_M":"1","Known_or_a":"1"},"geometry":{"type":"MultiLineString","coordinates":[[[18.6557,47.7385],[18.7104,47.7397],[18.7746,47.7902],[18.852,47.789],[18.9132,47.751],[18.9537,47.7462],[19.012,47.7843],[19.0518,47.7831],[19.0733,47.7296],[19.0565,47.5643]],[[18.5425,47.7416],[18.6541,47.7373]]]}},{"type":"Feature","properties":{"Major_or_M":"1","Known_or_a":"1"},"geometry":{"type":"MultiLineString","coordinates":[[[19.0565,47.5643],[18.8897,47.6606],[18.7905,47.6732],[18.7525,47.704],[18.6647,47.7155],[18.6541,47.7373]]]}},{"type":"Feature","properties":{"Major_or_M":"1","Known_or_a":"0"},"geometry":{"type":"MultiLineString","coordinates":[[[18.1784,47.7287],[18.3164,47.6573],[18.3854,47.5717],[18.5296,47.4849],[18.6292,47.4606],[19.0328,47.4306]]]}},{"type":"Feature","properties":{"Major_or_M":"0","Known_or_a":"0"},"geometry":{"type":"MultiLineString","coordinates":[[[18.4958,47.3663],[18.5738,47.307],[18.58,47.2691],[18.5636,47.2184]]]}},{"type":"Feature","properties":{"Major_or_M":"1","Known_or_a":"0"},"geometry":{"type":"MultiLineString","coordinates":[[[18.447,47.3548],[18.5568,47.3919],[18.6345,47.4603]]]}},{"type":"Feature","properties":{"Major_or_M":"1","Known_or_a":"0"},"geometry":{"type":"MultiLineString","coordinates":[[[18.4965,45.9114],[18.351,46.0488],[18.2864,46.0845],[18.2166,46.2094],[18.1904,46.2332],[18.1404,46.2285],[18.1119,46.2784],[18.1119,46.3189],[18.1559,46.3891],[18.3831,46.5104],[18.4069,46.6615],[18.5092,46.7367],[18.5187,46.7843],[18.4911,46.8633],[18.5111,46.9585],[18.4549,47.0289]]]}},{"type":"Feature","properties":{"Major_or_M":"0","Known_or_a":"0"},"geometry":{"type":"MultiLineString","coordinates":[[[18.2864,46.0845],[18.4523,46.1416],[18.4749,46.2296],[18.5282,46.2956],[18.7424,46.4069]]]}},{"type":"Feature","properties":{"Major_or_M":"1","Known_or_a":"1"},"geometry":{"type":"MultiLineString","coordinates":[[[18.7164,46.3746],[18.849,46.5272],[18.8598,46.6133],[18.9152,46.772],[18.9364,46.7856],[18.9186,46.8471],[18.9371,46.9769],[18.8767,47.0898],[18.8641,47.1637],[18.9382,47.362],[19.0328,47.4306],[19.0322,47.516],[19.0565,47.5643]]]}},{"type":"Feature","properties":{"Major_or_M":"1","Known_or_a":"1"},"geometry":{"type":"MultiLineString","coordinates":[[[18.4576,47.1377],[18.5636,47.2184],[18.6837,47.246],[18.7378,47.2811],[18.9092,47.3035]]]}},{"type":"Feature","properties":{"Major_or_M":"0","Known_or_a":"0"},"geometry":{"type":"MultiLineString","coordinates":[[[18.3962,47.0755],[18.714,47.0904],[18.8634,47.1345]]]}},{"type":"Feature","properties":{"Major_or_M":"0","Known_or_a":"0"},"geometry":{"type":"MultiLineString","coordinates":[[[18.5094,46.8142],[18.6486,46.8855],[18.8484,46.9485],[18.9323,46.998]]]}},{"type":"Feature","properties":{"Major_or_M":"0","Known_or_a":"0"},"geometry":{"type":"MultiLineString","coordinates":[[[35.2608,41.7177],[35.1831,41.6773]]]}},{"type":"Feature","properties":{"Major_or_M":"1","Known_or_a":"0"},"geometry":{"type":"MultiLineString","coordinates":[[[35.1071,41.4212],[35.1359,41.4037],[35.1646,41.3297],[35.2701,41.2599],[35.2776,41.2163],[35.2967,41.1989],[35.5034,41.127],[35.6683,40.981]]]}},{"type":"Feature","properties":{"Major_or_M":"1","Known_or_a":"0"},"geometry":{"type":"MultiLineString","coordinates":[[[35.0776,40.9964],[35.4417,41.0852],[35.4629,41.1011],[35.4709,41.1431]]]}},{"type":"Feature","properties":{"Major_or_M":"1","Known_or_a":"0"},"geometry":{"type":"MultiLineString","coordinates":[[[36.3358,41.2944],[36.3196,41.2613],[36.2209,41.235],[36.1565,41.0981],[35.9164,41.0616],[35.7279,41.0023],[35.6605,40.9637],[35.6249,40.8582],[35.7191,40.7706],[35.8137,40.7264],[35.8414,40.6697]]]}},{"type":"Feature","properties":{"Major_or_M":"1","Known_or_a":"1"},"geometry":{"type":"MultiLineString","coordinates":[[[35.1043,40.9978],[35.268,40.8294],[35.4368,40.7202]]]}},{"type":"Feature","properties":{"Major_or_M":"1","Known_or_a":"0"},"geometry":{"type":"MultiLineString","coordinates":[[[35.0635,40.4891],[35.3619,40.5701],[35.8312,40.63]]]}},{"type":"Feature","properties":{"Major_or_M":"1","Known_or_a":"0"},"geometry":{"type":"MultiLineString","coordinates":[[[35.4385,40.721],[35.5403,40.691],[35.8175,40.6475]]]}},{"type":"Feature","properties":{"Major_or_M":"1","Known_or_a":"0"},"geometry":{"type":"MultiLineString","coordinates":[[[35.3437,40.1944],[35.8415,40.2714],[35.9911,40.3408],[36.0726,40.3988],[36.0892,40.4427],[36.0474,40.4499],[36.0098,40.5038],[35.8294,40.5109],[35.7947,40.5326],[35.831,40.6139],[35.8227,40.6488],[35.8459,40.6713],[35.9237,40.6947],[36.1845,40.7186],[36.4587,40.708],[36.5898,40.6189],[36.6869,40.5771],[36.7466,40.58],[36.8538,40.6341]]]}},{"type":"Feature","properties":{"Major_or_M":"1","Known_or_a":"1"},"geometry":{"type":"MultiLineString","coordinates":[[[35.0518,40.1843],[35.3481,40.197]]]}},{"type":"Feature","properties":{"Major_or_M":"0","Known_or_a":"0"},"geometry":{"type":"MultiLineString","coordinates":[[[35.9047,40.2922],[35.9599,40.2516],[35.9763,40.1966],[36.0123,40.1601],[36.1702,40.1329],[36.155,40.0716],[36.1269,40.06],[36.1191,40.0186],[36.0991,39.9989]]]}},{"type":"Feature","properties":{"Major_or_M":"1","Known_or_a":"0"},"geometry":{"type":"MultiLineString","coordinates":[[[36.0796,40.396],[36.1378,40.4207]]]}},{"type":"Feature","properties":{"Major_or_M":"1","Known_or_a":"0"},"geometry":{"type":"MultiLineString","coordinates":[[[35.9065,40.2935],[36.1678,40.2653],[36.304,40.2715],[36.4026,40.3062],[36.3898,40.3518]]]}},{"type":"Feature","properties":{"Major_or_M":"1","Known_or_a":"0"},"geometry":{"type":"MultiLineString","coordinates":[[[36.0813,40.3933],[36.2936,40.3492],[36.4844,40.3584],[36.5626,40.3411]]]}},{"type":"Feature","properties":{"Major_or_M":"1","Known_or_a":"1"},"geometry":{"type":"MultiLineString","coordinates":[[[36.4856,40.0817],[36.5279,39.9741]]]}},{"type":"Feature","properties":{"Major_or_M":"1","Known_or_a":"0"},"geometry":{"type":"MultiLineString","coordinates":[[[36.4857,40.083],[36.4798,40.1887],[36.4983,40.2271],[36.548,40.2584],[36.5679,40.3437],[36.6848,40.3965],[36.7531,40.4514],[36.7793,40.5031],[36.9373,40.6097]]]}},{"type":"Feature","properties":{"Major_or_M":"1","Known_or_a":"0"},"geometry":{"type":"MultiLineString","coordinates":[[[36.6404,40.3732],[36.6977,40.3615],[36.9904,40.3811],[37.2015,40.3671],[37.3567,40.3967]]]}},{"type":"Feature","properties":{"Major_or_M":"1","Known_or_a":"0"},"geometry":{"type":"MultiLineString","coordinates":[[[35.777,41.0188],[35.9644,41.0077],[36.107,40.8882],[36.189,40.8444],[36.3716,40.8151],[36.4517,40.7778],[36.536,40.7684],[36.807,40.6538],[36.9375,40.6151],[36.9579,40.5959],[36.9794,40.5111],[37.0204,40.4808],[37.432,40.3787],[37.4967,40.3396],[37.7734,40.2797],[37.811,40.2973],[37.8662,40.2849],[38.0312,40.2342],[38.0871,40.1735],[38.2527,40.1144],[38.344,40.0979],[38.4887,40.0992],[38.5899,40.0754],[38.6933,40.0339],[38.7413,39.9972]]]}},{"type":"Feature","properties":{"Major_or_M":"1","Known_or_a":"0"},"geometry":{"type":"MultiLineString","coordinates":[[[38.1057,40.1636],[38.0146,40.1879],[37.9689,40.18],[37.9372,40.1423],[37.9375,40.0487],[37.9196,40.0065],[37.8736,39.9905]]]}},{"type":"Feature","properties":{"Major_or_M":"0","Known_or_a":"0"},"geometry":{"type":"MultiLineString","coordinates":[[[37.4997,41.0225],[37.4986,40.9582],[37.4428,40.8578],[37.457,40.7824],[37.354,40.6819],[37.2722,40.6598],[37.2094,40.672],[37.17,40.6984],[37.1048,40.6972],[36.9537,40.6027]]]}},{"type":"Feature","properties":{"Major_or_M":"0","Known_or_a":"0"},"geometry":{"type":"MultiLineString","coordinates":[[[37.5048,40.9781],[37.5436,40.9396],[37.5641,40.8479],[37.6249,40.7551],[37.6122,40.6363],[37.6388,40.6061],[37.677,40.5956],[37.6918,40.5042],[37.7454,40.4544],[37.7837,40.4493],[37.8053,40.4259],[37.803,40.3805],[37.8506,40.2867]]]}},{"type":"Feature","properties":{"Major_or_M":"0","Known_or_a":"0"},"geometry":{"type":"MultiLineString","coordinates":[[[38.1995,40.1283],[38.2164,40.0889],[38.1795,40.0528],[38.1774,39.9902],[38.2202,39.942],[38.2514,39.9298],[38.2395,39.8739]]]}},{"type":"Feature","properties":{"Major_or_M":"0","Known_or_a":"0"},"geometry":{"type":"MultiLineString","coordinates":[[[38.764,40.0364],[38.7667,40.0764],[38.8337,40.1379],[38.9548,40.1249],[39.0142,40.1023],[39.1327,40.1265],[39.2351,40.0979],[39.3415,40.1211],[39.427,40.0783],[39.6578,40.0256]]]}},{"type":"Feature","properties":{"Major_or_M":"1","Known_or_a":"0"},"geometry":{"type":"MultiLineString","coordinates":[[[38.6675,40.0496],[38.7535,40.0355]]]}},{"type":"Feature","properties":{"Major_or_M":"1","Known_or_a":"0"},"geometry":{"type":"MultiLineString","coordinates":[[[38.9882,40.0325],[39.065,40.0358],[39.2026,39.9909]]]}},{"type":"Feature","properties":{"Major_or_M":"1","Known_or_a":"0"},"geometry":{"type":"MultiLineString","coordinates":[[[39.6474,40.0475],[39.662,39.9932]]]}},{"type":"Feature","properties":{"Major_or_M":"1","Known_or_a":"0"},"geometry":{"type":"MultiLineString","coordinates":[[[39.6316,40.2531],[39.6706,40.1775]]]}},{"type":"Feature","properties":{"Major_or_M":"1","Known_or_a":"0"},"geometry":{"type":"MultiLineString","coordinates":[[[39.649,40.3769],[39.6789,40.378],[39.6945,40.3558]]]}},{"type":"Feature","properties":{"Major_or_M":"1","Known_or_a":"0"},"geometry":{"type":"MultiLineString","coordinates":[[[39.6325,40.4098],[39.5395,40.4291],[39.4851,40.4719]]]}},{"type":"Feature","properties":{"Major_or_M":"1","Known_or_a":"0"},"geometry":{"type":"MultiLineString","coordinates":[[[39.4123,40.5263],[39.362,40.534],[39.3248,40.5746],[39.3494,40.5976],[39.4191,40.6104],[39.4194,40.6359],[39.4705,40.6804],[39.5642,40.7269],[39.5888,40.7887],[39.6171,40.8102]]]}},{"type":"Feature","properties":{"Major_or_M":"1","Known_or_a":"0"},"geometry":{"type":"MultiLineString","coordinates":[[[39.6776,40.877],[39.7321,40.9548],[39.7359,40.9989]]]}},{"type":"Feature","properties":{"Major_or_M":"1","Known_or_a":"1"},"geometry":{"type":"MultiLineString","coordinates":[[[39.674,40.8758],[39.621,40.8355],[39.6249,40.7977],[39.5526,40.6295],[39.6581,40.5252],[39.6281,40.461],[39.6353,40.3802],[39.6509,40.3781]]]}},{"type":"Feature","properties":{"Major_or_M":"1","Known_or_a":"1"},"geometry":{"type":"MultiLineString","coordinates":[[[39.414,40.5262],[39.4548,40.5095],[39.478,40.4709]]]}},{"type":"Feature","properties":{"Major_or_M":"1","Known_or_a":"1"},"geometry":{"type":"MultiLineString","coordinates":[[[39.6928,40.3559],[39.6352,40.2543]]]}},{"type":"Feature","properties":{"Major_or_M":"1","Known_or_a":"1"},"geometry":{"type":"MultiLineString","coordinates":[[[39.6706,40.1775],[39.6742,40.1586],[39.6463,40.1172],[39.6512,40.0513]]]}},{"type":"Feature","properties":{"Major_or_M":"1","Known_or_a":"1"},"geometry":{"type":"MultiLineString","coordinates":[[[38.7499,40.033],[38.8421,40.0078],[38.9882,40.0325]]]}},{"type":"Feature","properties":{"Major_or_M":"1","Known_or_a":"0"},"geometry":{"type":"MultiLineString","coordinates":[[[41.4069,39.9633],[41.5405,40.0171],[41.8105,39.9857],[42.0335,40.0523],[42.1755,40.0562],[42.2822,39.9781]]]}},{"type":"Feature","properties":{"Major_or_M":"0","Known_or_a":"1"},"geometry":{"type":"MultiLineString","coordinates":[[[35.4018,39.8116],[35.5326,39.8175],[35.6446,39.9113],[35.7586,39.9497],[35.7976,39.9926],[35.8397,39.9746],[36.0991,39.9989]]]}},{"type":"Feature","properties":{"Major_or_M":"0","Known_or_a":"0"},"geometry":{"type":"MultiLineString","coordinates":[[[35.8009,38.2209],[35.8306,38.2153],[35.8712,38.1776],[36.0531,38.2124],[36.0803,38.2006],[36.0703,38.1526],[36.1302,38.1393],[36.1752,38.1838],[36.1956,38.2485],[36.2318,38.2637],[36.2859,38.3285]]]}},{"type":"Feature","properties":{"Major_or_M":"0","Known_or_a":"0"},"geometry":{"type":"MultiLineString","coordinates":[[[35.5896,38.6517],[35.6457,38.5252],[35.6971,38.4793],[35.8064,38.4523],[35.7432,38.3597],[35.7378,38.3229],[35.7531,38.2685],[35.8009,38.2209],[35.8179,38.1722],[35.7282,38.1356]]]}},{"type":"Feature","properties":{"Major_or_M":"0","Known_or_a":"1"},"geometry":{"type":"MultiLineString","coordinates":[[[35.5524,38.7445],[35.6757,38.8005],[35.7135,38.8014],[35.7253,38.8212],[35.8144,38.8585],[35.8569,38.8599],[35.9386,38.8157],[36.0385,38.7212],[36.1683,38.6745]]]}},{"type":"Feature","properties":{"Major_or_M":"0","Known_or_a":"1"},"geometry":{"type":"MultiLineString","coordinates":[[[36.2325,38.6749],[36.2898,38.6771],[36.3535,38.7032],[36.6435,38.8667],[36.8612,38.8963],[36.9199,38.8535],[37.0103,38.8359],[37.0288,38.7505],[37.1299,38.7534],[37.2635,38.7252],[37.4081,38.7159],[37.45,38.6717],[37.4529,38.6105],[37.4957,38.5732],[37.5354,38.5075],[37.6214,38.5132],[37.6728,38.4736],[37.8707,38.4963],[37.8825,38.4803],[37.8464,38.4409],[37.9069,38.4291],[37.9005,38.3825]]]}},{"type":"Feature","properties":{"Major_or_M":"0","Known_or_a":"0"},"geometry":{"type":"MultiLineString","coordinates":[[[36.3799,38.6516],[36.3682,38.6765],[36.4041,38.7314]]]}},{"type":"Feature","properties":{"Major_or_M":"0","Known_or_a":"0"},"geometry":{"type":"MultiLineString","coordinates":[[[36.6575,38.8694],[36.6809,38.9305],[36.662,39.0979],[36.6955,39.1336],[36.699,39.2506],[36.9,39.3832],[37.0741,39.6061]]]}},{"type":"Feature","properties":{"Major_or_M":"0","Known_or_a":"0"},"geometry":{"type":"MultiLineString","coordinates":[[[37.0323,39.7486],[37.0004,39.774],[36.9347,39.9115],[36.8817,39.9477],[36.8708,39.9987]]]}},{"type":"Feature","properties":{"Major_or_M":"1","Known_or_a":"1"},"geometry":{"type":"MultiLineString","coordinates":[[[37.0316,39.7479],[37.0778,39.6435],[37.0906,39.416],[37.1429,39.399],[37.1739,39.3511],[37.2263,39.3282],[37.241,39.3055],[37.3302,39.2821],[37.4209,39.2242],[37.5068,39.1495],[37.6771,39.0847],[37.819,38.9932],[37.9034,38.9681],[37.8897,38.9329],[37.9227,38.8252],[37.9606,38.7999],[38.0066,38.7044],[38.3546,38.5051]]]}},{"type":"Feature","properties":{"Major_or_M":"0","Known_or_a":"0"},"geometry":{"type":"MultiLineString","coordinates":[[[37.3911,39.2386],[37.2322,39.0875],[37.3091,39.0088],[37.2938,38.9861],[37.301,38.9253],[37.2305,38.8427],[37.299,38.7676],[37.2839,38.7282]]]}},{"type":"Feature","properties":{"Major_or_M":"1","Known_or_a":"0"},"geometry":{"type":"MultiLineString","coordinates":[[[35.5012,38.7216],[35.5729,38.6879],[35.5896,38.6517],[35.6681,38.6716],[35.7467,38.6355],[35.998,38.6018],[36.0272,38.5232],[36.1018,38.4928],[36.2359,38.4953],[36.3083,38.4799],[36.3328,38.4139],[36.2744,38.3347],[36.4435,38.3484],[36.4462,38.2375],[36.4746,38.1903],[36.4773,38.0847],[36.507,38.0301],[36.7432,38.1738],[36.8764,38.2162],[36.9214,38.2463],[37.0505,38.2227],[37.1961,38.2449],[37.5027,38.235],[37.5478,38.2712],[37.6807,38.3247],[37.8049,38.3403],[37.8867,38.3777],[37.9289,38.3763],[37.9719,38.3494],[38.2149,38.3362],[38.3243,38.3647],[38.3729,38.4255]]]}},{"type":"Feature","properties":{"Major_or_M":"0","Known_or_a":"1"},"geometry":{"type":"MultiLineString","coordinates":[[[38.1943,38.3384],[38.1158,38.3068],[38.0638,38.2668],[38.024,38.1728],[37.894,38.101],[37.935,38.0238],[38.0204,38.0016]]]}},{"type":"Feature","properties":{"Major_or_M":"1","Known_or_a":"0"},"geometry":{"type":"MultiLineString","coordinates":[[[37.8784,39.9914],[37.8218,39.9838],[37.7728,39.9019]]]}},{"type":"Feature","properties":{"Major_or_M":"0","Known_or_a":"0"},"geometry":{"type":"MultiLineString","coordinates":[[[37.7728,39.9019],[37.841,39.866],[37.9776,39.8949],[38.108,39.87],[38.2395,39.8739],[38.263,39.8083],[38.3219,39.7598],[38.3745,39.7435],[38.4662,39.6649],[38.5546,39.5144]]]}},{"type":"Feature","properties":{"Major_or_M":"1","Known_or_a":"1"},"geometry":{"type":"MultiLineString","coordinates":[[[38.6197,37.9959],[38.6699,38.0543],[38.6642,38.0757],[38.699,38.1017],[38.7078,38.1406],[38.6337,38.1904],[38.5937,38.2568],[38.5303,38.2923]],[[38.5295,38.293],[38.3729,38.4255]]]}},{"type":"Feature","properties":{"Major_or_M":"0","Known_or_a":"1"},"geometry":{"type":"MultiLineString","coordinates":[[[38.7092,38.1369],[38.7727,38.0831],[38.789,38.0444],[38.7547,38.0266],[38.7212,38.031],[38.6953,37.9972]]]}},{"type":"Feature","properties":{"Major_or_M":"0","Known_or_a":"0"},"geometry":{"type":"MultiLineString","coordinates":[[[38.5937,38.2568],[38.832,38.2377],[39.0155,38.3065]]]}},{"type":"Feature","properties":{"Major_or_M":"1","Known_or_a":"0"},"geometry":{"type":"MultiLineString","coordinates":[[[38.4839,38.3365],[38.5316,38.3397],[38.6488,38.3887],[38.713,38.4366],[38.7823,38.4407],[38.9336,38.4829],[39.0185,38.4824]]]}},{"type":"Feature","properties":{"Major_or_M":"1","Known_or_a":"1"},"geometry":{"type":"MultiLineString","coordinates":[[[38.4761,38.7631],[38.5276,38.783]],[[38.6948,38.8382],[38.7592,38.9472],[38.7538,38.9677],[38.6794,38.9926],[38.5884,39.0856],[38.5409,39.1087],[38.4685,39.119],[38.3666,39.1065],[38.3307,39.1503],[38.3343,39.1833],[38.3627,39.2186],[38.3509,39.3266],[38.3301,39.37],[38.4026,39.4355]],[[38.5235,38.7812],[38.6949,38.8389]],[[38.3729,38.4255],[38.346,38.6218],[38.4213,38.7221],[38.4765,38.7631]],[[38.3993,39.4332],[38.5325,39.5096],[38.6204,39.5312],[38.7668,39.615],[38.927,39.6002],[39.0373,39.6124]]]}},{"type":"Feature","properties":{"Major_or_M":"0","Known_or_a":"0"},"geometry":{"type":"MultiLineString","coordinates":[[[13.3434,41.6491],[13.3252,41.7853],[13.2768,41.826],[13.1773,41.8399]]]}},{"type":"Feature","properties":{"Major_or_M":"0","Known_or_a":"1"},"geometry":{"type":"MultiLineString","coordinates":[[[12.8784,41.7553],[12.7755,41.6885]]]}},{"type":"Feature","properties":{"Major_or_M":"1","Known_or_a":"1"},"geometry":{"type":"MultiLineString","coordinates":[[[12.6217,41.4503],[12.526,41.5756],[12.2849,41.7518]]]}},{"type":"Feature","properties":{"Major_or_M":"1","Known_or_a":"1"},"geometry":{"type":"MultiLineString","coordinates":[[[12.631,41.4501],[12.6799,41.4581],[12.7622,41.4141],[12.8332,41.427],[12.8758,41.4163],[12.9725,41.3539],[13.0417,41.2518],[13.108,41.2537],[13.233,41.298]]]}},{"type":"Feature","properties":{"Major_or_M":"1"},"geometry":{"type":"MultiLineString","coordinates":[[[6.306,36.4364],[6.3288,36.4017],[6.364,36.3888],[6.5149,36.3884],[6.5915,36.366]]]}},{"type":"Feature","properties":{"Major_or_M":"1","Known_or_a":"1"},"geometry":{"type":"MultiLineString","coordinates":[[[6.5915,36.3598],[6.5387,36.3037],[6.464,36.2675],[6.3802,36.248],[6.2681,36.2556],[6.231,36.2142],[6.02,36.1923],[5.9065,36.1621],[5.7133,36.1526],[5.5931,36.1792],[5.3949,36.193]]]}},{"type":"Feature","properties":{},"geometry":{"type":"MultiLineString","coordinates":[[[5.3949,36.193],[5.3023,36.0925]]]}},{"type":"Feature","properties":{"Major_or_M":"0","Known_or_a":"1"},"geometry":{"type":"MultiLineString","coordinates":[[[5.3274,36.1155],[5.3289,36.0384]]]}},{"type":"Feature","properties":{"Major_or_M":"0","Known_or_a":"0"},"geometry":{"type":"MultiLineString","coordinates":[[[29.2209,38.3571],[29.2743,38.3793]]]}},{"type":"Feature","properties":{"Major_or_M":"0","Known_or_a":"0"},"geometry":{"type":"MultiLineString","coordinates":[[[31.561,39.1952],[31.5847,39.1802]]]}},{"type":"Feature","properties":{"Major_or_M":"1","Known_or_a":"0"},"geometry":{"type":"MultiLineString","coordinates":[[[21.0178,38.8877],[21.0457,38.8749]]]}},{"type":"Feature","properties":{"Major_or_M":"0","Known_or_a":"0"},"geometry":{"type":"MultiLineString","coordinates":[[[20.7872,38.9206],[20.7899,38.8841]]]}},{"type":"Feature","properties":{"Major_or_M":"0","Known_or_a":"0"},"geometry":{"type":"MultiLineString","coordinates":[[[20.7324,38.8124],[20.7476,38.8368]]]}},{"type":"Feature","properties":{"Major_or_M":"0","Known_or_a":"0"},"geometry":{"type":"MultiLineString","coordinates":[[[20.7608,38.9518],[20.737,39.0009]]]}},{"type":"Feature","properties":{"Major_or_M":"0","Known_or_a":"0"},"geometry":{"type":"MultiLineString","coordinates":[[[20.7354,39.0137],[20.7003,39.0667],[20.5016,39.2277],[20.4384,39.3552],[20.3228,39.424],[20.2862,39.463],[20.2096,39.6113],[20.0276,39.7464],[20.0648,39.78],[20.0758,39.8572],[20.0687,39.8968],[20.0362,39.9299]]]}},{"type":"Feature","properties":{"Major_or_M":"0","Known_or_a":"0"},"geometry":{"type":"MultiLineString","coordinates":[[[20.7336,39.0156],[20.7574,39.0389],[20.7494,39.136],[20.7943,39.1861],[20.7977,39.213]],[[20.2187,40.0356],[20.2612,39.9827],[20.364,39.9302],[20.4243,39.876]]]}},{"type":"Feature","properties":{"Major_or_M":"0","Known_or_a":"0"},"geometry":{"type":"MultiLineString","coordinates":[[[20.7763,39.1738],[20.9907,39.1585],[20.9994,39.1328]]]}},{"type":"Feature","properties":{"Major_or_M":"0","Known_or_a":"0"},"geometry":{"type":"MultiLineString","coordinates":[[[21.2174,38.7108],[21.2097,38.6897]],[[21.1707,38.8592],[21.1752,38.7979],[21.2049,38.7688],[21.2118,38.7194],[21.232,38.6986]]]}},{"type":"Feature","properties":{"Major_or_M":"1","Known_or_a":"1"},"geometry":{"type":"MultiLineString","coordinates":[[[19.4814,40.7492],[19.5781,40.734],[19.5848,40.7616],[19.5438,40.9434],[19.5419,41.0186],[19.5552,41.0719],[19.6238,41.1689],[19.5591,41.2172],[19.4984,41.3243],[19.4449,41.3279]]]}},{"type":"Feature","properties":{"Major_or_M":"1","Known_or_a":"1"},"geometry":{"type":"MultiLineString","coordinates":[[[19.8345,40.9034],[19.9573,40.9462],[20.0234,41.0452],[20.0815,41.088],[20.0786,41.1156]]]}},{"type":"Feature","properties":{"Major_or_M":"1","Known_or_a":"1"},"geometry":{"type":"MultiLineString","coordinates":[[[19.5781,40.734],[19.647,40.7235],[19.7726,40.7844],[19.7964,40.8548],[19.8345,40.9034],[19.7998,40.9672],[19.8264,41.0281],[19.8207,41.0547]]]}},{"type":"Feature","properties":{"Major_or_M":"1","Known_or_a":"1"},"geometry":{"type":"MultiLineString","coordinates":[[[19.6334,41.1438],[19.6238,41.1689],[19.6997,40.9869],[19.6426,40.9248],[19.5629,40.8735]]]}},{"type":"Feature","properties":{"Major_or_M":"0","Known_or_a":"0"},"geometry":{"type":"MultiLineString","coordinates":[[[19.6726,43.3942],[19.8171,43.1902],[19.7743,43.0227],[19.868,42.9608],[19.893,42.8698],[19.8823,42.819],[19.8139,42.7452],[19.8454,42.7351],[19.8755,42.6967],[19.9392,42.6763],[19.9935,42.711],[20.04,42.6948],[20.1194,42.7162],[20.1546,42.7101],[20.227,42.6748],[20.273,42.6729],[20.3081,42.611]]]}},{"type":"Feature","properties":{"Major_or_M":"0","Known_or_a":"1"},"geometry":{"type":"MultiLineString","coordinates":[[[19.5116,42.0658],[19.4481,42.0248],[19.4026,42.0244],[19.3512,41.9701],[19.2282,41.9309],[19.1115,42.1218],[18.9493,42.2142],[18.9063,42.274],[18.8228,42.2962],[18.7733,42.3843],[18.7709,42.4869],[18.7075,42.4926],[18.6964,42.524]]]}},{"type":"Feature","properties":{"Major_or_M":"1","Known_or_a":"0"},"geometry":{"type":"MultiLineString","coordinates":[[[18.5263,42.4616],[18.632,42.4466],[18.6734,42.4723],[18.6513,42.5016],[18.6964,42.524]]]}},{"type":"Feature","properties":{"Major_or_M":"1","Known_or_a":"1"},"geometry":{"type":"MultiLineString","coordinates":[[[19.2191,42.5161],[19.2827,42.4804],[19.291,42.4346],[19.3297,42.396],[19.3636,42.3246],[19.4597,42.3378],[19.4477,42.2592],[19.5116,42.0658],[19.5441,42.0649],[19.5891,42.0185],[19.6319,42.0107],[19.6319,41.9493],[19.6705,41.895],[19.6626,41.7879],[19.689,41.7712],[19.7304,41.6998],[19.7183,41.5777],[19.7411,41.5035],[19.7026,41.41],[19.4984,41.3243]]]}},{"type":"Feature","properties":{"Major_or_M":"1","Known_or_a":"0"},"geometry":{"type":"MultiLineString","coordinates":[[[19.6626,41.7879],[19.6705,41.895],[19.6319,41.9493],[19.6319,42.0107],[19.7931,41.9994],[19.8581,42.038],[19.9567,42.0494],[20.1223,42.1115],[20.2269,42.1137],[20.2926,42.0958],[20.4735,42.123],[20.7287,42.2279],[20.8105,42.3353],[20.8726,42.4502],[20.9147,42.4738],[21.0186,42.4838],[21.0978,42.5302],[21.1527,42.5409]]]}},{"type":"Feature","properties":{"Major_or_M":"1","Known_or_a":"1"},"geometry":{"type":"MultiLineString","coordinates":[[[21.1909,42.6032],[21.1527,42.5409],[21.1503,42.3961],[21.2024,42.3155],[21.2602,42.2691],[21.2752,42.193],[21.3437,42.1031],[21.4404,42.0182],[21.5339,42.0174]]]}},{"type":"Feature","properties":{"Major_or_M":"1","Known_or_a":"0"},"geometry":{"type":"MultiLineString","coordinates":[[[21.5339,42.0174],[21.5589,42.0224],[21.6359,42.1117],[21.675,42.3422],[21.8502,42.5128],[21.9987,42.6148],[22.0394,42.6977]]]}},{"type":"Feature","properties":{"Major_or_M":"1","Known_or_a":"1"},"geometry":{"type":"MultiLineString","coordinates":[[[21.83,43.2151],[21.9856,43.039],[22.0495,42.8982],[22.1298,42.8315],[22.0893,42.7476],[22.0394,42.6977]]]}},{"type":"Feature","properties":{"Major_or_M":"0","Known_or_a":"0"},"geometry":{"type":"MultiLineString","coordinates":[[[22.1503,42.1757],[22.1597,42.1558],[22.2111,42.1408],[22.1754,42.0659],[22.2268,41.9937]]]}},{"type":"Feature","properties":{"Major_or_M":"0","Known_or_a":"0"},"geometry":{"type":"MultiLineString","coordinates":[[[21.7693,40.3072],[21.9501,40.2489],[21.9864,40.1989],[22.0597,40.171],[22.0621,40.1028],[22.1019,40.0713],[22.109,40.0457]]]}},{"type":"Feature","properties":{"Major_or_M":"1","Known_or_a":"0"},"geometry":{"type":"MultiLineString","coordinates":[[[22.563,40.0473],[22.563,40.0937],[22.4916,40.177],[22.5083,40.2543],[22.6118,40.4244],[22.5618,40.4994],[22.5606,40.5244],[22.6463,40.5839],[22.8497,40.6624],[22.9328,40.6564]]]}},{"type":"Feature","properties":{"Major_or_M":"1","Known_or_a":"1"},"geometry":{"type":"MultiLineString","coordinates":[[[22.9611,40.6464],[22.9706,40.6904],[23.0087,40.7392],[23.1027,40.6762],[23.2312,40.6405],[23.3585,40.669],[23.5785,40.6429],[23.6891,40.6869],[23.7093,40.7476],[23.8354,40.8059],[23.8571,40.8427]]]}},{"type":"Feature","properties":{"Major_or_M":"1","Known_or_a":"1"},"geometry":{"type":"MultiLineString","coordinates":[[[23.8464,40.9465],[23.9071,40.9822]]]}},{"type":"Feature","properties":{"Major_or_M":"1","Known_or_a":"0"},"geometry":{"type":"MultiLineString","coordinates":[[[23.8571,40.8427],[23.8464,40.9465],[23.5932,41.0464],[23.5563,41.0999],[23.4409,41.1345],[23.3898,41.1832],[23.3862,41.2558],[23.3434,41.2998],[23.3588,41.3343],[23.36,41.4238],[23.1833,41.7141],[23.1667,41.7569],[23.1631,41.8607],[23.1429,41.869],[23.0763,42.0141],[23.0798,42.0522]]]}},{"type":"Feature","properties":{"Major_or_M":"0","Known_or_a":"0"},"geometry":{"type":"MultiLineString","coordinates":[[[23.7997,41.6072],[23.7486,41.6441],[23.6712,41.7857],[23.6189,41.8273],[23.6094,41.8666],[23.5808,41.8892],[23.5249,41.9047],[23.3619,41.888],[23.2311,41.938],[23.1239,41.913]]]}},{"type":"Feature","properties":{"Major_or_M":"0","Known_or_a":"0"},"geometry":{"type":"MultiLineString","coordinates":[[[23.7997,41.6072],[23.8304,41.4795],[23.8239,41.44],[23.8609,41.3971],[23.871,41.3294],[23.9711,41.2836],[23.9735,41.1946],[24.061,41.1259],[24.1203,41.0459]]]}},{"type":"Feature","properties":{"Major_or_M":"0","Known_or_a":"0"},"geometry":{"type":"MultiLineString","coordinates":[[[24.1957,41.8412],[24.1592,41.7898],[24.1481,41.7163],[24.167,41.6613],[24.146,41.6471],[24.0646,41.6595],[24.0048,41.6242],[23.9618,41.627],[23.883,41.5994],[23.7961,41.6109],[23.7502,41.5951],[23.6795,41.5987],[23.6349,41.5533],[23.5425,41.5401],[23.4172,41.4563],[23.3351,41.4311],[23.1991,41.405],[23.0224,41.405],[22.6501,41.4613]]]}},{"type":"Feature","properties":{"Major_or_M":"1","Known_or_a":"1"},"geometry":{"type":"MultiLineString","coordinates":[[[19.658,41.0773],[19.8132,41.0545],[19.9159,41.0824],[19.9908,41.0658],[20.2433,41.1874],[20.2718,41.1717],[20.3297,41.1723],[20.4621,41.0946],[20.5868,41.0905],[20.6109,41.0952],[20.6201,41.1372],[20.6697,41.1874],[20.7324,41.1809],[20.8052,41.1262],[20.8931,41.2077],[20.9252,41.2142],[21.0505,41.0827],[21.2089,41.0902],[21.2811,41.0774],[21.3332,41.0482],[21.3458,41.0234],[21.4017,41.0036],[21.4446,40.9514],[21.4856,40.8584],[21.6575,40.7442],[21.694,40.6696],[21.81,40.7195],[21.877,40.7904],[22.039,40.827],[22.072,40.7996],[22.1347,40.7818],[22.2025,40.774],[22.2734,40.7966],[22.4722,40.7815],[22.8447,40.7118],[22.9611,40.6464]]]}},{"type":"Feature","properties":{"Major_or_M":"1","Known_or_a":"0"},"geometry":{"type":"MultiLineString","coordinates":[[[21.5339,42.0174],[21.6612,41.9346],[21.7136,41.8023],[21.764,41.7728],[21.7834,41.7242]]]}},{"type":"Feature","properties":{"Major_or_M":"0","Known_or_a":"1"},"geometry":{"type":"MultiLineString","coordinates":[[[21.1909,42.6032],[21.2228,42.6135],[21.2781,42.6848],[21.3596,42.7235]]]}},{"type":"Feature","properties":{"Major_or_M":"0","Known_or_a":"0"},"geometry":{"type":"MultiLineString","coordinates":[[[19.4317,40.5116],[19.5088,40.4616],[19.4981,40.381],[19.5096,40.3403],[19.5902,40.2146],[19.6987,40.1761],[19.7737,40.1176],[19.8515,40.1047]]]}},{"type":"Feature","properties":{"Major_or_M":"1","Known_or_a":"0"},"geometry":{"type":"MultiLineString","coordinates":[[[19.4814,40.7492],[19.5451,40.6133],[19.7284,40.5479],[19.7498,40.5324],[19.7795,40.4527],[19.9104,40.4003],[20.0234,40.3266],[20.0865,40.2504],[20.0936,40.2028],[20.1472,40.1146],[20.2034,40.0746],[20.2197,40.0325]]]}},{"type":"Feature","properties":{"Major_or_M":"0","Known_or_a":"0"},"geometry":{"type":"MultiLineString","coordinates":[[[22.5634,40.5282],[22.491,40.5677],[22.2746,40.4955],[22.2015,40.5316]]]}},{"type":"Feature","properties":{"Major_or_M":"0","Known_or_a":"0"},"geometry":{"type":"MultiLineString","coordinates":[[[22.6509,41.4593],[22.6509,41.4269],[22.6122,41.4031],[22.5991,41.343],[22.6218,41.3145],[22.614,41.2692],[22.683,41.2395],[22.7324,41.177],[22.7199,41.0804],[22.7461,40.9602],[22.7395,40.8888],[22.7931,40.8579],[22.8671,40.7032]],[[22.6501,41.4613],[22.597,41.5417],[22.451,41.6258],[22.2808,41.6376],[22.2261,41.6608],[22.1637,41.7154]]]}},{"type":"Feature","properties":{"Major_or_M":"1","Known_or_a":"0"},"geometry":{"type":"MultiLineString","coordinates":[[[22.6023,40.7507],[22.555,40.8855],[22.5609,40.9807],[22.599,41.0396],[22.599,41.0683],[22.4943,41.2831],[22.4063,41.3682],[22.1999,41.4235],[22.1362,41.4934],[22.1035,41.5059],[22.0952,41.5374],[21.9704,41.5559],[21.7964,41.6958],[21.7834,41.7242]]]}},{"type":"Feature","properties":{"Major_or_M":"0","Known_or_a":"1"},"geometry":{"type":"MultiLineString","coordinates":[[[23.0706,42.1402],[22.9136,42.2502],[22.709,42.3073]]]}},{"type":"Feature","properties":{"Major_or_M":"0","Known_or_a":"0"},"geometry":{"type":"MultiLineString","coordinates":[[[22.7173,42.3085],[23.0094,42.3065],[23.2007,42.325],[23.4781,42.297],[23.6435,42.3012]],[[22.709,42.3073],[22.5761,42.2815],[22.3975,42.2191],[22.136,42.1736],[21.6533,42.1717]]]}},{"type":"Feature","properties":{"Major_or_M":"1","Known_or_a":"1"},"geometry":{"type":"MultiLineString","coordinates":[[[23.3161,42.7089],[23.1436,42.6131],[23.1204,42.5804],[23.137,42.5215],[23.118,42.468],[23.1305,42.3015],[23.0706,42.1402]]]}},{"type":"Feature","properties":{"Major_or_M":"1","Known_or_a":"0"},"geometry":{"type":"MultiLineString","coordinates":[[[23.0706,42.1402],[23.0798,42.0522]]]}},{"type":"Feature","properties":{"Major_or_M":"0","Known_or_a":"1"},"geometry":{"type":"MultiLineString","coordinates":[[[23.1353,42.6015],[23.0102,42.6038],[22.9403,42.5853],[22.907,42.4787],[22.8685,42.4258],[22.7173,42.3085]]]}},{"type":"Feature","properties":{"Major_or_M":"1","Known_or_a":"1"},"geometry":{"type":"MultiLineString","coordinates":[[[21.891,43.3286],[21.8425,43.2304],[21.7847,43.1797],[21.5998,43.2433],[21.4692,43.2422],[21.3721,43.2161],[21.2543,43.133],[21.2582,43.0652],[21.2047,42.9498],[21.174,42.824],[21.1909,42.6032]]]}},{"type":"Feature","properties":{"Major_or_M":"1","Known_or_a":"1"},"geometry":{"type":"MultiLineString","coordinates":[[[18.8049,46.3389],[18.7164,46.3746]]]}},{"type":"Feature","properties":{"Major_or_M":"1","Known_or_a":"1"},"geometry":{"type":"MultiLineString","coordinates":[[[18.7164,46.3746],[18.703,46.3448],[18.7016,46.2125],[18.7297,46.0955],[18.6769,46.0403],[18.6726,46.0013],[18.694,45.9628],[18.8206,45.8681],[18.8277,45.7797],[18.7711,45.6497],[18.683,45.5465]]]}},{"type":"Feature","properties":{"Major_or_M":"1","Known_or_a":"1"},"geometry":{"type":"MultiLineString","coordinates":[[[18.5298,45.6293],[18.5686,45.6066]]]}},{"type":"Feature","properties":{"Major_or_M":"1","Known_or_a":"0"},"geometry":{"type":"MultiLineString","coordinates":[[[18.5346,45.5197],[18.683,45.5465]]]}},{"type":"Feature","properties":{"Major_or_M":"1","Known_or_a":"0"},"geometry":{"type":"MultiLineString","coordinates":[[[18.8039,45.2748],[18.8211,45.3867],[18.7901,45.4438],[18.683,45.5465]]]}},{"type":"Feature","properties":{"Major_or_M":"1","Known_or_a":"1"},"geometry":{"type":"MultiLineString","coordinates":[[[18.5686,45.6066],[18.683,45.5465],[18.926,45.5261],[18.9798,45.5009],[19.0089,45.4162],[18.9655,45.3943],[18.9655,45.38],[19.1025,45.2766],[19.2181,45.2391],[19.2932,45.2243],[19.5306,45.2295],[19.593,45.2043],[19.808,45.2105],[19.8565,45.2257],[19.8817,45.2524],[19.9556,45.1867],[20.0075,45.1639],[20.2347,45.1548],[20.3475,45.0455],[20.3504,45.0236],[20.2947,44.9945],[20.2914,44.9351],[20.4294,44.8192],[20.4684,44.8175]]]}},{"type":"Feature","properties":{"Major_or_M":"1","Known_or_a":"1"},"geometry":{"type":"MultiLineString","coordinates":[[[22.8997,44.01],[22.8379,43.9353],[22.8226,43.8653],[22.8469,43.8416],[22.9644,43.803],[23.0489,43.783],[23.1069,43.7873],[23.3521,43.8496],[23.471,43.8416],[23.531,43.8044],[23.5838,43.794],[23.7022,43.8049],[23.8497,43.753]]]}},{"type":"Feature","properties":{"Major_or_M":"0","Known_or_a":"0"},"geometry":{"type":"MultiLineString","coordinates":[[[22.7771,44.5373],[22.9163,44.5466],[23.1512,44.5266],[23.3946,44.5787],[23.5467,44.5387],[23.5895,44.5138],[23.7772,44.3739],[23.8556,44.2479],[23.932,44.0787],[23.9313,44.0109],[23.9591,43.9316],[23.9313,43.801]]]}},{"type":"Feature","properties":{"Major_or_M":"0","Known_or_a":"0"},"geometry":{"type":"MultiLineString","coordinates":[[[18.3962,47.0755],[18.5522,47.0068],[18.6057,46.9509],[18.6741,46.7921],[18.7479,46.5033],[18.7799,46.4392]]]}},{"type":"Feature","properties":{"Major_or_M":"0","Known_or_a":"1"},"geometry":{"type":"MultiLineString","coordinates":[[[19.6101,45.2062],[19.57,45.106],[19.6157,45.0223],[19.6151,44.9761]]]}},{"type":"Feature","properties":{"Major_or_M":"1","Known_or_a":"0"},"geometry":{"type":"MultiLineString","coordinates":[[[18.5459,45.1222],[18.7248,45.2155],[18.8039,45.2748]]]}},{"type":"Feature","properties":{"Major_or_M":"1","Known_or_a":"1"},"geometry":{"type":"MultiLineString","coordinates":[[[18.5571,44.9109],[18.6437,44.8633],[18.7446,44.9081],[18.8512,44.9243]]]}},{"type":"Feature","properties":{"Major_or_M":"1","Known_or_a":"1"},"geometry":{"type":"MultiLineString","coordinates":[[[18.5524,45.1022],[18.698,45.0937],[18.756,45.0413],[18.7627,45.0175],[18.8103,44.9861],[18.8512,44.9243]],[[18.8503,44.9243],[18.8693,44.8881],[18.894,44.8786],[19.0282,44.8348],[19.0958,44.8386],[19.3871,44.8881],[19.5565,44.9423],[19.6141,44.9761]]]}},{"type":"Feature","properties":{"Major_or_M":"1","Known_or_a":"0"},"geometry":{"type":"MultiLineString","coordinates":[[[19.6151,44.9761],[19.2919,44.6439],[19.2421,44.5621],[19.1569,44.5445],[19.1076,44.5165],[19.1046,44.3669],[19.1415,44.2979],[19.1099,44.2203],[19.0481,44.1346],[18.9285,44.0888],[18.8809,43.9808],[18.828,43.9404],[18.6043,43.9124]]]}},{"type":"Feature","properties":{"Major_or_M":"1","Known_or_a":"0"},"geometry":{"type":"MultiLineString","coordinates":[[[19.3024,44.8299],[19.0188,44.6444],[18.937,44.6625],[18.9151,44.6169]]]}},{"type":"Feature","properties":{"Major_or_M":"1","Known_or_a":"0"},"geometry":{"type":"MultiLineString","coordinates":[[[19.2492,44.09],[19.3348,44.0862],[19.568,44.0129]],[[19.1415,44.2979],[19.1612,44.2794],[19.3158,44.2442],[19.3567,44.1814],[19.4119,44.1376],[19.4586,44.1215],[19.4804,44.0891],[19.5985,44.0434],[19.568,44.0129],[19.5671,43.992]]]}},{"type":"Feature","properties":{"Major_or_M":"1","Known_or_a":"0"},"geometry":{"type":"MultiLineString","coordinates":[[[19.076,44.1887],[19.1825,44.1062],[19.3348,44.0862],[19.568,44.0129]]]}},{"type":"Feature","properties":{"Major_or_M":"0","Known_or_a":"0"},"geometry":{"type":"MultiLineString","coordinates":[[[19.5671,43.992],[19.569,43.9732],[19.6261,43.9275],[19.6333,43.8561],[19.8609,43.8561]]]}},{"type":"Feature","properties":{"Major_or_M":"0","Known_or_a":"0"},"geometry":{"type":"MultiLineString","coordinates":[[[19.6151,44.9761],[19.6527,44.8142],[19.6865,44.7548],[19.7473,44.7252],[19.7738,44.6912],[19.8906,44.4573],[19.9181,44.3384],[19.9104,44.2796],[19.8621,44.2301],[19.8488,44.1854],[19.865,44.0579],[19.9045,44.005],[19.9299,43.8915],[20.0252,43.8328]]]}},{"type":"Feature","properties":{"Major_or_M":"0","Known_or_a":"0"},"geometry":{"type":"MultiLineString","coordinates":[[[22.688,45.6945],[22.7289,45.6779],[22.866,45.6717],[22.8926,45.715],[22.8969,45.7702],[22.964,45.8597],[22.9464,45.9322],[22.9645,45.9722]]]}},{"type":"Feature","properties":{"Major_or_M":"0","Known_or_a":"0"},"geometry":{"type":"MultiLineString","coordinates":[[[22.975,46.3798],[22.8406,46.3649],[22.7347,46.4006]],[[23.7565,46.5626],[23.6809,46.5046],[23.5425,46.4912],[23.4708,46.4464],[23.4503,46.4062],[23.3658,46.4065],[23.2058,46.3762],[22.971,46.3827]]]}},{"type":"Feature","properties":{"Major_or_M":"0","Known_or_a":"0"},"geometry":{"type":"MultiLineString","coordinates":[[[23.42,46.6073],[23.586,46.5288],[23.6002,46.4996]]]}},{"type":"Feature","properties":{"Major_or_M":"0","Known_or_a":"0"},"geometry":{"type":"MultiLineString","coordinates":[[[23.1121,44.9689],[23.1272,44.9454],[23.2842,44.8677],[23.3278,44.8227],[23.5077,44.5753],[23.5115,44.5495]]]}},{"type":"Feature","properties":{"Major_or_M":"1","Known_or_a":"0"},"geometry":{"type":"MultiLineString","coordinates":[[[23.6322,43.5907],[23.4931,43.5264],[23.4019,43.5393],[23.3908,43.5176]]]}},{"type":"Feature","properties":{"Major_or_M":"1","Known_or_a":"0"},"geometry":{"type":"MultiLineString","coordinates":[[[23.4019,43.5393],[23.2728,43.4782],[23.1752,43.3753],[23.0806,43.3193],[22.7613,43.2059],[22.5707,43.1579]]]}},{"type":"Feature","properties":{"Major_or_M":"0","Known_or_a":"0"},"geometry":{"type":"MultiLineString","coordinates":[[[22.5707,43.1579],[22.3585,43.0875],[22.2974,43.0418],[22.2586,42.9867],[22.0903,42.9632],[22.0317,42.9345]]]}},{"type":"Feature","properties":{"Major_or_M":"0","Known_or_a":"0"},"geometry":{"type":"MultiLineString","coordinates":[[[22.0081,43.3021],[22.0014,43.2316],[22.0241,43.2039],[22.0996,43.1804],[22.2852,43.0163]]]}},{"type":"Feature","properties":{"Major_or_M":"0","Known_or_a":"1"},"geometry":{"type":"MultiLineString","coordinates":[[[21.8209,43.2077],[21.8053,43.1574],[21.7012,43.067],[21.6572,42.9379],[21.6031,42.8838],[21.5507,42.7921],[21.427,42.7692],[21.3596,42.7235]]]}},{"type":"Feature","properties":{"Major_or_M":"0","Known_or_a":"0"},"geometry":{"type":"MultiLineString","coordinates":[[[21.6382,42.9149],[21.7553,42.94],[21.8011,42.8876]]]}},{"type":"Feature","properties":{"Major_or_M":"0","Known_or_a":"0"},"geometry":{"type":"MultiLineString","coordinates":[[[21.7553,42.94],[21.8071,42.9572],[21.9677,43.0646]]]}},{"type":"Feature","properties":{"Major_or_M":"0","Known_or_a":"1"},"geometry":{"type":"MultiLineString","coordinates":[[[22.7143,44.1905],[22.8485,44.0792],[22.8997,44.0088]]]}},{"type":"Feature","properties":{"Major_or_M":"1","Known_or_a":"0"},"geometry":{"type":"MultiLineString","coordinates":[[[22.9154,43.8218],[22.744,43.7385],[22.6591,43.7214],[22.6248,43.6614],[22.5284,43.6158],[22.3421,43.6001],[22.2276,43.5647]]]}},{"type":"Feature","properties":{"Major_or_M":"0","Known_or_a":"0"},"geometry":{"type":"MultiLineString","coordinates":[[[22.1393,44.2971],[22.5052,44.2429]]]}},{"type":"Feature","properties":{"Major_or_M":"0","Known_or_a":"1"},"geometry":{"type":"MultiLineString","coordinates":[[[22.291,44.0109],[22.351,44.0459],[22.3217,44.1429],[22.3438,44.1829],[22.3995,44.2157],[22.5052,44.2429]]]}},{"type":"Feature","properties":{"Major_or_M":"0","Known_or_a":"0"},"geometry":{"type":"MultiLineString","coordinates":[[[22.291,44.0109],[22.5897,44.1479],[22.6341,44.1986]]]}},{"type":"Feature","properties":{"Major_or_M":"0","Known_or_a":"0"},"geometry":{"type":"MultiLineString","coordinates":[[[22.1393,44.2971],[22.1718,44.3717],[22.1718,44.4581]]]}},{"type":"Feature","properties":{"Major_or_M":"0","Known_or_a":"0"},"geometry":{"type":"MultiLineString","coordinates":[[[21.9859,44.031],[22.012,44.0708],[22.1262,44.1071]]]}},{"type":"Feature","properties":{"Major_or_M":"0","Known_or_a":"0"},"geometry":{"type":"MultiLineString","coordinates":[[[21.4314,44.3054],[21.6313,44.2626],[21.7026,44.2297],[21.8454,44.2069],[22.0476,43.9442],[22.0611,43.9346],[22.1504,43.9481],[22.2799,43.9124],[22.3148,43.8529]]]}},{"type":"Feature","properties":{"Major_or_M":"0","Known_or_a":"1"},"geometry":{"type":"MultiLineString","coordinates":[[[22.3351,43.8083],[22.3131,43.8675],[22.3302,43.9782],[22.2399,44.0619],[22.2285,44.1243],[22.1736,44.1994],[22.1365,44.3071],[21.9566,44.4056],[21.8747,44.4747],[21.8046,44.4883],[21.7379,44.4448],[21.6636,44.4869],[21.6347,44.5393],[21.5313,44.5747],[21.5078,44.6111],[21.5056,44.7641]]]}},{"type":"Feature","properties":{"Major_or_M":"0","Known_or_a":"1"},"geometry":{"type":"MultiLineString","coordinates":[[[21.3344,44.8367],[21.651,44.9167],[21.7013,44.8785],[21.7846,44.8763],[21.847,44.8278],[21.8759,44.825],[21.9528,44.8664],[21.956,44.8942],[22.0009,44.9245],[22.0665,44.9424],[22.0944,44.9292],[22.1229,44.9599],[22.1561,44.9684],[22.3731,44.9249]]]}},{"type":"Feature","properties":{"Major_or_M":"0","Known_or_a":"0"},"geometry":{"type":"MultiLineString","coordinates":[[[21.651,44.9167],[21.7022,44.9677],[21.7093,45.0046],[21.6028,44.9743],[21.5428,44.9856],[21.4762,45.0338]]]}},{"type":"Feature","properties":{"Major_or_M":"0","Known_or_a":"0"},"geometry":{"type":"MultiLineString","coordinates":[[[21.7647,45.3722],[21.7629,45.3091],[21.7367,45.2348],[21.6433,45.1563],[21.5559,45.1146]]]}},{"type":"Feature","properties":{"Major_or_M":"0","Known_or_a":"0"},"geometry":{"type":"MultiLineString","coordinates":[[[21.7647,45.3722],[21.7391,45.3395],[21.5993,45.2925],[21.5826,45.2746]]]}},{"type":"Feature","properties":{"Major_or_M":"1","Known_or_a":"1"},"geometry":{"type":"MultiLineString","coordinates":[[[21.3344,44.8367],[21.3273,44.8627],[21.2821,44.8966],[21.2791,44.9204],[21.4762,45.0338],[21.5559,45.1146],[21.5766,45.2774],[21.6325,45.4443],[21.7348,45.458],[21.7633,45.4877],[21.8282,45.5139],[21.9515,45.4128],[22.1254,45.3699],[22.1515,45.3806],[22.1825,45.4577]]]}},{"type":"Feature","properties":{"Major_or_M":"1","Known_or_a":"1"},"geometry":{"type":"MultiLineString","coordinates":[[[23.7189,46.7488],[23.5637,46.7671],[23.5203,46.7939],[23.4212,46.812],[23.3766,46.8507],[23.4105,46.9017],[23.3962,46.9285],[23.309,46.9704],[23.2228,46.985]]]}},{"type":"Feature","properties":{"Major_or_M":"0","Known_or_a":"0"},"geometry":{"type":"MultiLineString","coordinates":[[[22.6984,46.1794],[22.7448,46.1676],[22.8197,46.117],[22.8286,46.0801],[22.8887,45.9992],[22.8893,45.9022]]]}},{"type":"Feature","properties":{"Major_or_M":"0","Known_or_a":"0"},"geometry":{"type":"MultiLineString","coordinates":[[[22.9526,46.1735],[22.9229,46.1794],[22.8872,46.1616],[22.8777,46.1253],[22.9783,46.1152]]]}},{"type":"Feature","properties":{"Major_or_M":"0","Known_or_a":"1"},"geometry":{"type":"MultiLineString","coordinates":[[[22.9783,46.1152],[23.222,46.1244]]]}},{"type":"Feature","properties":{"Major_or_M":"0","Known_or_a":"0"},"geometry":{"type":"MultiLineString","coordinates":[[[23.3574,45.9631],[23.3776,45.855]]]}},{"type":"Feature","properties":{"Major_or_M":"0","Known_or_a":"0"},"geometry":{"type":"MultiLineString","coordinates":[[[23.3376,45.6446],[23.2905,45.6174],[23.2484,45.6174],[23.1656,45.671],[23.1542,45.7088],[23.1834,45.7466],[23.217,45.8516],[23.2105,45.8844],[23.1859,45.9028]]]}},{"type":"Feature","properties":{"Major_or_M":"1","Known_or_a":"1"},"geometry":{"type":"MultiLineString","coordinates":[[[23.5328,46.1348],[23.4271,46.1115]]]}},{"type":"Feature","properties":{"Major_or_M":"1","Known_or_a":"0"},"geometry":{"type":"MultiLineString","coordinates":[[[23.4271,46.1115],[23.2718,46.109],[23.222,46.1244]]]}},{"type":"Feature","properties":{"Major_or_M":"0","Known_or_a":"0"},"geometry":{"type":"MultiLineString","coordinates":[[[24.7784,42.3934],[24.7108,42.4334],[24.6894,42.4979],[24.726,42.5374],[24.801,42.5541]]]}},{"type":"Feature","properties":{"Major_or_M":"0","Known_or_a":"0"},"geometry":{"type":"MultiLineString","coordinates":[[[23.9801,42.0422],[24.0506,42.0651],[24.1244,42.1469],[24.141,42.1888],[24.1933,42.2283],[24.119,42.2583],[23.9556,42.2548],[23.85,42.3089],[23.7312,42.3216],[23.6435,42.3012]],[[24.1957,41.8412],[24.1829,41.8878],[24.2048,41.9782],[24.1696,42.0163],[24.101,42.0429],[24.0694,42.0886]]]}},{"type":"Feature","properties":{"Major_or_M":"1","Known_or_a":"0"},"geometry":{"type":"MultiLineString","coordinates":[[[24.7353,42.1459],[24.7329,42.2786],[24.8224,42.5168],[24.7743,42.601],[24.6458,42.7385],[24.6351,42.7678],[24.7151,42.92],[24.6744,42.9963],[24.7143,43.0699],[24.7186,43.1166],[24.6908,43.3508],[24.6344,43.415],[24.6115,43.5512],[24.6287,43.5741],[24.603,43.6462]]]}},{"type":"Feature","properties":{"Major_or_M":"0","Known_or_a":"0"},"geometry":{"type":"MultiLineString","coordinates":[[[13.3837,45.9617],[13.4159,46.0731],[13.4758,46.1466],[13.4687,46.213],[13.5236,46.2551],[13.5793,46.2572]]]}},{"type":"Feature","properties":{"Major_or_M":"0","Known_or_a":"0"},"geometry":{"type":"MultiLineString","coordinates":[[[13.6,46.5028],[13.5822,46.4642],[13.585,46.4235],[13.6279,46.4114],[13.6065,46.3629],[13.585,46.3379],[13.4844,46.3065],[13.5386,46.2851],[13.6072,46.2215],[13.6821,46.2008],[13.7457,46.163]]]}},{"type":"Feature","properties":{"Major_or_M":"0","Known_or_a":"1"},"geometry":{"type":"MultiLineString","coordinates":[[[14.3895,46.6805],[14.3667,46.6084],[14.3281,46.5577],[14.3181,46.4921],[14.2903,46.4721],[14.2803,46.4086],[14.3167,46.3629],[14.3167,46.3086],[14.3667,46.2401],[14.4345,46.153],[14.5166,46.093],[14.4342,46.1529],[14.2954,46.1755],[14.1919,46.2326],[14.027,46.2055],[13.9664,46.2205],[13.8778,46.1691],[13.7465,46.1626],[13.6323,46.0941],[13.5894,46.0427],[13.623,45.9842],[13.5573,45.9099]]]}},{"type":"Feature","properties":{"Major_or_M":"0","Known_or_a":"1"},"geometry":{"type":"MultiLineString","coordinates":[[[14.2547,45.8807],[14.2447,45.8343],[14.127,45.8221],[14.0763,45.7664],[13.9763,45.7372],[13.8893,45.6522],[13.7859,45.6395],[13.9916,45.663],[14.0752,45.658],[14.1872,45.6273],[14.3243,45.6473],[14.3686,45.6866],[14.5013,45.6973],[14.5549,45.7494],[14.537,45.8172],[14.5541,45.8665],[14.5427,45.9343],[14.5699,45.9914]]]}},{"type":"Feature","properties":{"Major_or_M":"0","Known_or_a":"0"},"geometry":{"type":"MultiLineString","coordinates":[[[13.7568,45.5346],[13.7033,45.5445],[13.5783,45.5281],[13.609,45.5074],[13.5791,45.4753],[13.5262,45.4853],[13.5091,45.5031],[13.5469,45.3846],[13.529,45.4226],[13.617,45.3949],[13.689,45.3931],[13.6396,45.3934],[13.564,45.3179]]]}},{"type":"Feature","properties":{"Major_or_M":"1","Known_or_a":"0"},"geometry":{"type":"MultiLineString","coordinates":[[[11.6413,46.7858],[11.682,46.8172],[11.7412,46.8243],[11.8676,46.8093],[11.919,46.7836],[12.021,46.7908],[12.1717,46.7451],[12.3887,46.7301],[12.8262,46.8379],[12.9919,46.7651],[13.009,46.6837],[12.9554,46.6116],[13.0026,46.5631],[12.984,46.5117],[13.0133,46.4795],[13.0083,46.4089],[13.1146,46.3753],[13.1953,46.3989],[13.2545,46.3946],[13.3209,46.421],[13.3059,46.4695],[13.3202,46.5117],[13.5986,46.5017],[13.6821,46.5409],[13.8185,46.5666],[13.8749,46.6344]]]}},{"type":"Feature","properties":{"Major_or_M":"1","Known_or_a":"1"},"geometry":{"type":"MultiLineString","coordinates":[[[14.4452,46.905],[14.3781,46.9093],[14.1697,46.8571],[14.0541,46.9357],[13.9984,47.0342],[13.9855,47.0963],[13.8556,47.0863],[13.8013,47.142],[13.705,47.1091],[13.7164,47.0784],[13.6943,47.0435],[13.6207,47.0042],[13.5936,46.9414],[13.5208,46.9057],[13.4658,46.8307],[13.3409,46.8343],[13.3167,46.7743],[13.2303,46.7594],[13.1189,46.7501],[12.9919,46.7643]]]}},{"type":"Feature","properties":{"Major_or_M":"1","Known_or_a":"1"},"geometry":{"type":"MultiLineString","coordinates":[[[15.8811,46.4181],[15.6496,46.4283],[15.4985,46.3938],[15.4053,46.3553],[15.2654,46.234],[15.2133,46.2104],[15.0227,46.224],[14.8842,46.1761],[14.7186,46.1647],[14.623,46.1019],[14.533,46.1055],[14.5138,46.0905],[14.5073,46.0569],[14.3489,46.0091],[14.2896,45.9534],[14.2489,45.9434],[14.1133,45.8606],[13.7378,45.8992],[13.5501,45.9113],[13.5022,45.9006],[13.378,45.8135],[13.3759,45.7664]]]}},{"type":"Feature","properties":{"Major_or_M":"0","Known_or_a":"1"},"geometry":{"type":"MultiLineString","coordinates":[[[14.2562,47.5646],[14.1227,47.5453],[13.9236,47.4489],[13.6659,47.4018],[13.5638,47.4097],[13.466,47.3911]]]}},{"type":"Feature","properties":{"Major_or_M":"0","Known_or_a":"0"},"geometry":{"type":"MultiLineString","coordinates":[[[12.8499,47.7059],[12.9956,47.7916],[13.0627,47.8044]]]}},{"type":"Feature","properties":{"Major_or_M":"0","Known_or_a":"0"},"geometry":{"type":"MultiLineString","coordinates":[[[10.879,47.828],[10.9818,47.7302],[11.0025,47.6652],[11.0639,47.6045],[11.0582,47.5803],[11.146,47.5489]]]}},{"type":"Feature","properties":{"Major_or_M":"0","Known_or_a":"1"},"geometry":{"type":"MultiLineString","coordinates":[[[11.0646,47.6038],[11.1946,47.5953]]]}},{"type":"Feature","properties":{"Major_or_M":"1","Known_or_a":"1"},"geometry":{"type":"MultiLineString","coordinates":[[[11.8924,46.0255],[11.5634,46.0876],[11.4691,46.0726],[11.3977,46.0298],[11.2864,46.0084],[11.2614,46.0283],[11.2386,46.0854],[11.1579,46.0876],[11.13,46.0704]]]}},{"type":"Feature","properties":{"Major_or_M":"0","Known_or_a":"0"},"geometry":{"type":"MultiLineString","coordinates":[[[12.4442,46.5088],[12.4271,46.4681],[12.3579,46.4217],[12.3008,46.2832],[12.2865,46.1882],[12.1623,46.1154],[11.8939,46.0255]]]}},{"type":"Feature","properties":{"Major_or_M":"0","Known_or_a":"1"},"geometry":{"type":"MultiLineString","coordinates":[[[13.9859,47.0972],[14.0359,47.1179],[14.1879,47.1165],[14.2686,47.1464],[14.3621,47.1486],[14.4206,47.1693]]]}},{"type":"Feature","properties":{"Major_or_M":"0","Known_or_a":"0"},"geometry":{"type":"MultiLineString","coordinates":[[[9.6363,47.4451],[9.602,47.4094],[9.5249,47.3801],[9.5478,47.3166],[9.4771,47.2174],[9.4864,47.1745],[9.5085,47.1574]]]}},{"type":"Feature","properties":{"Major_or_M":"0","Known_or_a":"0"},"geometry":{"type":"MultiLineString","coordinates":[[[9.3101,47.1324],[9.4136,47.0525],[9.5528,46.9789]]]}},{"type":"Feature","properties":{"Major_or_M":"0","Known_or_a":"0"},"geometry":{"type":"MultiLineString","coordinates":[[[9.6613,46.4742],[9.6577,46.4343],[9.6263,46.3979],[9.6591,46.3672]]]}},{"type":"Feature","properties":{"Major_or_M":"0","Known_or_a":"0"},"geometry":{"type":"MultiLineString","coordinates":[[[10.5065,46.9332],[10.475,46.9232],[10.4529,46.8826],[10.3944,46.8355],[10.2852,46.7948],[10.0896,46.7676],[10.061,46.7434],[10.0967,46.7027],[10.0874,46.6791],[10.0403,46.6648],[9.8804,46.5628],[9.7798,46.4614]]]}},{"type":"Feature","properties":{"Major_or_M":"1","Known_or_a":"1"},"geometry":{"type":"MultiLineString","coordinates":[[[10.9942,45.4417],[10.6909,45.4425],[10.2368,45.5379]]]}},{"type":"Feature","properties":{"Major_or_M":"1","Known_or_a":"0"},"geometry":{"type":"MultiLineString","coordinates":[[[9.7002,45.0615],[9.643,45.0701],[9.5978,45.1015],[9.5712,45.1671],[9.4463,45.2664],[9.4377,45.2999],[9.1784,45.4769]]]}},{"type":"Feature","properties":{"Major_or_M":"1","Known_or_a":"0"},"geometry":{"type":"MultiLineString","coordinates":[[[9.4245,46.1666],[9.4516,46.2087],[9.4159,46.2601],[9.3959,46.3258],[9.3545,46.3565],[9.3303,46.5385],[9.4102,46.5592],[9.4495,46.6035],[9.4602,46.7105],[9.4295,46.8126],[9.5137,46.8483],[9.5515,46.8048],[9.5722,46.617],[9.6101,46.5813],[9.6336,46.4885],[9.6772,46.4678],[9.7807,46.4607],[9.7671,46.4414],[9.6972,46.4143],[9.6815,46.3822],[9.6272,46.3501],[9.3966,46.3251]]]}},{"type":"Feature","properties":{"Major_or_M":"1","Known_or_a":"1"},"geometry":{"type":"MultiLineString","coordinates":[[[9.4209,46.1652],[9.3545,46.178],[9.2889,46.143],[9.2705,46.0794],[9.234,46.0426],[9.2283,46.0008],[9.1239,45.9532],[9.1343,45.8896],[9.0909,45.867],[9.064,45.8297],[9.0813,45.8127],[9.0791,45.7271],[9.14,45.6312],[9.1784,45.4769],[9.1987,45.6229],[9.1905,45.685],[9.0809,45.8049]]]}},{"type":"Feature","properties":{"Major_or_M":"1","Known_or_a":"1"},"geometry":{"type":"MultiLineString","coordinates":[[[10.0259,45.1422],[10.078,45.2618],[10.2368,45.5379]]]}},{"type":"Feature","properties":{"Major_or_M":"0","Known_or_a":"1"},"geometry":{"type":"MultiLineString","coordinates":[[[13.6109,45.312],[13.7273,45.3555]]]}},{"type":"Feature","properties":{"Major_or_M":"1","Known_or_a":"0"},"geometry":{"type":"MultiLineString","coordinates":[[[14.339,45.3684],[14.2484,45.4811],[13.8772,45.6161],[13.7872,45.7296],[13.7209,45.7581],[13.628,45.7724]]]}},{"type":"Feature","properties":{"Major_or_M":"0","Known_or_a":"1"},"geometry":{"type":"MultiLineString","coordinates":[[[14.0554,46.9326],[14.211,46.9783],[14.4016,46.9662]]]}},{"type":"Feature","properties":{"Major_or_M":"0","Known_or_a":"0"},"geometry":{"type":"MultiLineString","coordinates":[[[11.1617,46.2169],[11.0639,46.2347],[11.0346,46.3682],[11.0025,46.3818],[10.9682,46.3689]]]}},{"type":"Feature","properties":{"Major_or_M":"0","Known_or_a":"0"},"geometry":{"type":"MultiLineString","coordinates":[[[12.5472,46.9934],[12.5757,46.9484],[12.7049,46.8577],[12.7849,46.8356],[12.8556,46.8456],[12.9077,46.9041],[12.9177,46.9577],[12.8613,47.0298],[12.8013,47.1504]]]}},{"type":"Feature","properties":{"Major_or_M":"0","Known_or_a":"0"},"geometry":{"type":"MultiLineString","coordinates":[[[5.0255,45.0216],[5.0602,45.0535],[5.2449,45.1044],[5.4338,45.2238],[5.4866,45.2905],[5.5565,45.3209]]]}},{"type":"Feature","properties":{"Major_or_M":"0","Known_or_a":"1"},"geometry":{"type":"MultiLineString","coordinates":[[[15.8618,41.0087],[15.8154,40.9622]]]}},{"type":"Feature","properties":{"Major_or_M":"1","Known_or_a":"1"},"geometry":{"type":"MultiLineString","coordinates":[[[15.8154,40.9622],[15.7151,41.0056],[15.636,41.0196],[15.5334,41.0718],[15.4641,41.0718],[15.4207,41.0539]]]}},{"type":"Feature","properties":{"Major_or_M":"0","Known_or_a":"0"},"geometry":{"type":"MultiLineString","coordinates":[[[15.4207,41.0539],[15.5194,41.1462]]]}},{"type":"Feature","properties":{"Major_or_M":"0","Known_or_a":"1"},"geometry":{"type":"MultiLineString","coordinates":[[[15.5533,41.2091],[15.431,41.1517]]]}},{"type":"Feature","properties":{"Major_or_M":"0","Known_or_a":"0"},"geometry":{"type":"MultiLineString","coordinates":[[[15.5533,41.2091],[15.4991,41.2397]]]}},{"type":"Feature","properties":{"Major_or_M":"0","Known_or_a":"1"},"geometry":{"type":"MultiLineString","coordinates":[[[15.5194,41.1462],[15.5533,41.2091]]]}},{"type":"Feature","properties":{"Major_or_M":"1","Known_or_a":"0"},"geometry":{"type":"MultiLineString","coordinates":[[[15.4207,41.0539],[15.1788,41.1557],[15.08,41.2546]]]}},{"type":"Feature","properties":{"Major_or_M":"0","Known_or_a":"0"},"geometry":{"type":"MultiLineString","coordinates":[[[15.1523,41.1897],[15.1794,41.2308],[15.2894,41.2415],[15.4247,41.2941]]]}},{"type":"Feature","properties":{"Major_or_M":"1","Known_or_a":"1"},"geometry":{"type":"MultiLineString","coordinates":[[[14.8654,41.1757],[14.8983,41.1991],[15.1038,41.2672],[15.2461,41.3483],[15.3555,41.3688],[15.4862,41.3557],[15.8594,41.2615],[16.3252,41.1935],[16.4108,41.1676],[16.5003,41.1099],[16.7639,41.1075],[16.8596,41.1265]]]}},{"type":"Feature","properties":{"Major_or_M":"0","Known_or_a":"1"},"geometry":{"type":"MultiLineString","coordinates":[[[16.0542,41.2282],[16.1134,41.2657]]]}},{"type":"Feature","properties":{"Major_or_M":"0","Known_or_a":"0"},"geometry":{"type":"MultiLineString","coordinates":[[[16.1134,41.2657],[16.1537,41.2964]]]}},{"type":"Feature","properties":{"Major_or_M":"0","Known_or_a":"1"},"geometry":{"type":"MultiLineString","coordinates":[[[16.1537,41.2964],[16.2772,41.32]]]}},{"type":"Feature","properties":{"Major_or_M":"0","Known_or_a":"1"},"geometry":{"type":"MultiLineString","coordinates":[[[16.0542,41.2282],[16.0287,41.1729]]]}},{"type":"Feature","properties":{"Major_or_M":"0","Known_or_a":"1"},"geometry":{"type":"MultiLineString","coordinates":[[[15.8618,41.0087],[15.8746,41.0481],[15.9239,41.1072],[16.0287,41.1729]]]}},{"type":"Feature","properties":{"Major_or_M":"1","Known_or_a":"1"},"geometry":{"type":"MultiLineString","coordinates":[[[15.8407,40.9517],[15.8154,40.9622]]]}},{"type":"Feature","properties":{"Major_or_M":"1","Known_or_a":"1"},"geometry":{"type":"MultiLineString","coordinates":[[[15.8154,40.9622],[15.8273,40.9213],[15.8143,40.8928]]]}},{"type":"Feature","properties":{"Major_or_M":"1","Known_or_a":"0"},"geometry":{"type":"MultiLineString","coordinates":[[[15.8143,40.8928],[15.8231,40.7553],[15.7329,40.4227],[15.7373,40.3977],[15.7845,40.3661]]]}},{"type":"Feature","properties":{"Major_or_M":"0","Known_or_a":"0"},"geometry":{"type":"MultiLineString","coordinates":[[[5.9798,47.3165],[6.089,47.3608],[6.0797,47.4079],[6.0926,47.4286],[6.3189,47.6035],[6.4007,47.8359]]]}},{"type":"Feature","properties":{"Major_or_M":"0","Known_or_a":"0"},"geometry":{"type":"MultiLineString","coordinates":[[[6.8385,46.4721],[6.8036,46.6719],[7.0256,46.8811]]]}},{"type":"Feature","properties":{"Major_or_M":"0","Known_or_a":"1"},"geometry":{"type":"MultiLineString","coordinates":[[[6.6325,46.7897],[6.6296,46.8104],[6.6496,46.8297],[6.8373,46.9532],[6.8673,46.9903],[7.0144,47.041],[7.2125,47.1402],[7.2774,47.1352],[7.4166,46.9975],[7.4462,46.9289],[7.5155,46.8897],[7.604,46.7633],[7.6254,46.7012],[7.6768,46.6427],[7.6732,46.6191],[7.6061,46.5642],[7.5483,46.4692],[7.4398,46.3764],[7.4098,46.2751],[7.3613,46.2308]]]}},{"type":"Feature","properties":{"Major_or_M":"0","Known_or_a":"0"},"geometry":{"type":"MultiLineString","coordinates":[[[5.0096,47.3405],[5.036,47.3184]]]}},{"type":"Feature","properties":{"Major_or_M":"0","Known_or_a":"1"},"geometry":{"type":"MultiLineString","coordinates":[[[5.2724,45.9007],[5.3688,45.9664],[5.3731,46.1912],[5.4702,46.4311],[5.4952,46.5903],[5.6622,46.7902],[5.7,46.9294],[5.7871,47.1299],[5.7892,47.1913]]]}},{"type":"Feature","properties":{"Major_or_M":"1","Known_or_a":"1"},"geometry":{"type":"MultiLineString","coordinates":[[[6.6288,46.5199],[6.4332,46.5099],[6.309,46.4535],[6.2654,46.4049],[6.229,46.3949],[6.1912,46.3593],[6.1548,46.3064],[6.1319,46.2279],[6.153,46.2079]]]}},{"type":"Feature","properties":{"Major_or_M":"1","Known_or_a":"0"},"geometry":{"type":"MultiLineString","coordinates":[[[6.6995,45.9196],[6.6595,45.9289],[6.6445,45.9482],[6.6088,46.0552],[6.4889,46.0974],[6.409,46.0874],[6.3669,46.1009],[6.3258,46.1452],[6.2259,46.1973],[6.1531,46.208]]]}},{"type":"Feature","properties":{"Major_or_M":"1","Known_or_a":"0"},"geometry":{"type":"MultiLineString","coordinates":[[[7.619,46.7315],[7.7053,46.6701],[7.7639,46.6558],[7.9302,46.6922],[8.0391,46.7401],[8.1511,46.7401],[8.295,46.6516],[8.3499,46.5723],[8.4021,46.5773],[8.6344,46.6673],[8.8557,46.7087],[8.7936,46.5766],[8.9299,46.5352],[8.9392,46.4524],[8.9706,46.4103],[8.9563,46.366],[8.9656,46.3253],[8.9956,46.2597],[9.0484,46.2197],[8.9878,46.1776],[8.8378,46.1904],[8.7215,46.1576]]]}},{"type":"Feature","properties":{"Major_or_M":"0","Known_or_a":"1"},"geometry":{"type":"MultiLineString","coordinates":[[[8.2147,47.5039],[8.3503,47.359],[8.386,47.2969],[8.421,47.1641],[8.397,47.117],[8.297,47.0577],[8.2685,46.9578],[8.1864,46.8743],[8.1714,46.7929],[8.135,46.7429]]]}},{"type":"Feature","properties":{"Major_or_M":"1","Known_or_a":"1"},"geometry":{"type":"MultiLineString","coordinates":[[[8.4758,47.9886],[8.4965,47.9293],[8.5579,47.8472],[8.5572,47.8144],[8.4815,47.7558],[8.3859,47.6481],[8.2745,47.6038],[8.2145,47.5039]]]}},{"type":"Feature","properties":{"Major_or_M":"1","Known_or_a":"0"},"geometry":{"type":"MultiLineString","coordinates":[[[8.4973,47.95],[8.5816,47.9158],[8.6215,47.915],[8.7593,47.9307],[8.8164,47.9743],[8.9585,47.9771],[8.9699,47.995]],[[10.6166,47.9864],[10.6044,47.9543],[10.5338,47.9365],[10.4766,47.8736],[10.3974,47.8208],[10.3503,47.7787],[10.3339,47.7409]]]}},{"type":"Feature","properties":{"Major_or_M":"0","Known_or_a":"1"},"geometry":{"type":"MultiLineString","coordinates":[[[6.8345,36.6617],[7.0082,36.7092]]]}},{"type":"Feature","properties":{"Major_or_M":"0","Known_or_a":"0"},"geometry":{"type":"MultiLineString","coordinates":[[[7.0082,36.7092],[7.0972,36.7513]]]}},{"type":"Feature","properties":{"Major_or_M":"0","Known_or_a":"1"},"geometry":{"type":"MultiLineString","coordinates":[[[6.8332,36.6582],[6.8529,36.5812],[6.8196,36.5386]]]}},{"type":"Feature","properties":{"Major_or_M":"0","Known_or_a":"1"},"geometry":{"type":"MultiLineString","coordinates":[[[7.1042,36.4092],[6.99,36.4667],[6.9379,36.5349],[6.7678,36.5326],[6.7238,36.4992],[6.6852,36.4954]]]}},{"type":"Feature","properties":{"Major_or_M":"0","Known_or_a":"1"},"geometry":{"type":"MultiLineString","coordinates":[[[6.7301,36.5587],[6.5607,36.5447],[6.4424,36.4844]]]}},{"type":"Feature","properties":{"Major_or_M":"0","Known_or_a":"0"},"geometry":{"type":"MultiLineString","coordinates":[[[6.4515,36.488],[6.5772,36.3911]]]}},{"type":"Feature","properties":{"Major_or_M":"0","Known_or_a":"1"},"geometry":{"type":"MultiLineString","coordinates":[[[6.6908,36.5063],[6.6469,36.6236],[6.6512,36.6539]]]}},{"type":"Feature","properties":{"Major_or_M":"0","Known_or_a":"0"},"geometry":{"type":"MultiLineString","coordinates":[[[6.6512,36.6539],[6.6679,36.7989],[6.6542,36.8145]]]}},{"type":"Feature","properties":{"Major_or_M":"0","Known_or_a":"1"},"geometry":{"type":"MultiLineString","coordinates":[[[6.6542,36.8145],[6.6502,36.8281]]]}},{"type":"Feature","properties":{"Major_or_M":"0","Known_or_a":"0"},"geometry":{"type":"MultiLineString","coordinates":[[[6.6502,36.8281],[6.5652,36.9662]]]}},{"type":"Feature","properties":{"Major_or_M":"0","Known_or_a":"1"},"geometry":{"type":"MultiLineString","coordinates":[[[6.5652,36.9662],[6.5625,37.0031]]]}},{"type":"Feature","properties":{"Major_or_M":"0","Known_or_a":"0"},"geometry":{"type":"MultiLineString","coordinates":[[[6.4424,36.4844],[6.2741,36.4852]]]}},{"type":"Feature","properties":{"Major_or_M":"1","Known_or_a":"1"},"geometry":{"type":"MultiLineString","coordinates":[[[6.306,36.4364],[6.26,36.4631]]]}},{"type":"Feature","properties":{"Major_or_M":"0","Known_or_a":"1"},"geometry":{"type":"MultiLineString","coordinates":[[[6.26,36.4631],[6.2741,36.4852]]]}},{"type":"Feature","properties":{"Major_or_M":"0","Known_or_a":"1"},"geometry":{"type":"MultiLineString","coordinates":[[[6.2741,36.4852],[6.2681,36.6265],[6.1653,36.6186],[5.9778,36.6773],[5.899,36.722],[5.866,36.8137]]]}},{"type":"Feature","properties":{"Major_or_M":"0","Known_or_a":"0"},"geometry":{"type":"MultiLineString","coordinates":[[[5.782,36.6359],[5.8041,36.637],[5.8377,36.6042],[5.8312,36.5412],[5.8524,36.5032]]]}},{"type":"Feature","properties":{"Major_or_M":"1","Known_or_a":"0"},"geometry":{"type":"MultiLineString","coordinates":[[[5.9233,36.4146],[5.8769,36.4022],[5.7665,36.3157]]]}},{"type":"Feature","properties":{"Major_or_M":"1"},"geometry":{"type":"MultiLineString","coordinates":[[[5.7665,36.3157],[5.6744,36.3129]]]}},{"type":"Feature","properties":{"Major_or_M":"1","Known_or_a":"1"},"geometry":{"type":"MultiLineString","coordinates":[[[5.6744,36.3129],[5.6392,36.2864],[5.5845,36.2836],[5.5148,36.2318],[5.3949,36.193]]]}},{"type":"Feature","properties":{"Major_or_M":"0","Known_or_a":"1"},"geometry":{"type":"MultiLineString","coordinates":[[[5.3949,36.193],[5.3163,36.2126],[5.3237,36.2804],[5.2397,36.3309]]]}},{"type":"Feature","properties":{"Major_or_M":"0","Known_or_a":"0"},"geometry":{"type":"MultiLineString","coordinates":[[[5.2397,36.3309],[5.1481,36.35],[5.1524,36.4099],[5.1254,36.4575]]]}},{"type":"Feature","properties":{"Major_or_M":"0","Known_or_a":"0"},"geometry":{"type":"MultiLineString","coordinates":[[[5.0039,36.379],[5.077,36.2671],[5.0489,36.089]]]}},{"type":"Feature","properties":{"Major_or_M":"0","Known_or_a":"0"},"geometry":{"type":"MultiLineString","coordinates":[[[5.1617,36.1632],[5.2075,36.0893],[5.2518,36.0595],[5.233,36.0495]]]}},{"type":"Feature","properties":{"Major_or_M":"0","Known_or_a":"0"},"geometry":{"type":"MultiLineString","coordinates":[[[5.3023,36.0925],[5.2518,36.0595]]]}},{"type":"Feature","properties":{"Major_or_M":"0","Known_or_a":"0"},"geometry":{"type":"MultiLineString","coordinates":[[[5.3511,36.1976],[5.2587,36.1775]]]}},{"type":"Feature","properties":{"Major_or_M":"0","Known_or_a":"0"},"geometry":{"type":"MultiLineString","coordinates":[[[5.2561,36.1773],[5.1941,36.1794]]]}},{"type":"Feature","properties":{"Major_or_M":"0","Known_or_a":"0"},"geometry":{"type":"MultiLineString","coordinates":[[[5.2561,36.1773],[5.2587,36.1775]]]}},{"type":"Feature","properties":{"Major_or_M":"0","Known_or_a":"0"},"geometry":{"type":"MultiLineString","coordinates":[[[5.3163,36.2126],[5.2203,36.2265],[5.1473,36.2605]]]}},{"type":"Feature","properties":{"Major_or_M":"0","Known_or_a":"0"},"geometry":{"type":"MultiLineString","coordinates":[[[5.1448,36.2621],[5.1051,36.3245]]]}},{"type":"Feature","properties":{"Major_or_M":"0","Known_or_a":"1"},"geometry":{"type":"MultiLineString","coordinates":[[[5.1051,36.3245],[5.0422,36.3345]]]}},{"type":"Feature","properties":{"Major_or_M":"0","Known_or_a":"0"},"geometry":{"type":"MultiLineString","coordinates":[[[5.0422,36.3345],[5.0009,36.3317]]]}},{"type":"Feature","properties":{"Major_or_M":"1","Known_or_a":"1"},"geometry":{"type":"MultiLineString","coordinates":[[[5.0101,36.7187],[5.0563,36.7378]]]}},{"type":"Feature","properties":{"Major_or_M":"1","Known_or_a":"1"},"geometry":{"type":"MultiLineString","coordinates":[[[5.0717,36.7637],[5.0563,36.7378],[5.0932,36.6994],[5.2666,36.634],[5.361,36.6395],[5.4711,36.6724]]]}},{"type":"Feature","properties":{"Major_or_M":"0","Known_or_a":"1"},"geometry":{"type":"MultiLineString","coordinates":[[[5.7641,36.8242],[5.7554,36.7797],[5.7837,36.6309],[5.7266,36.5703],[5.7397,36.5234],[5.7033,36.5085],[5.6892,36.4838]]]}},{"type":"Feature","properties":{"Major_or_M":"0","Known_or_a":"1"},"geometry":{"type":"MultiLineString","coordinates":[[[5.6892,36.4838],[5.6821,36.4481],[5.7248,36.4295],[5.7841,36.4592],[5.8252,36.504],[5.859,36.4997],[5.8738,36.4599],[5.9906,36.5449],[6.1788,36.5839],[6.2664,36.5822]]]}},{"type":"Feature","properties":{"Major_or_M":"0","Known_or_a":"0"},"geometry":{"type":"MultiLineString","coordinates":[[[5.8738,36.4599],[5.9375,36.3867],[5.9168,36.3366],[5.7352,36.2868]]]}},{"type":"Feature","properties":{"Major_or_M":"0","Known_or_a":"0"},"geometry":{"type":"MultiLineString","coordinates":[[[5.7137,36.4264],[5.7341,36.4137],[5.7274,36.3758],[5.6969,36.3501],[5.7227,36.3224]]]}},{"type":"Feature","properties":{"Major_or_M":"0","Known_or_a":"0"},"geometry":{"type":"MultiLineString","coordinates":[[[23.7487,46.8328],[23.7189,46.7488]],[[23.7433,46.8006],[23.7547,46.8277],[23.6365,46.8722],[23.5305,46.9582],[23.3172,47.0685],[23.3136,47.1309],[23.3387,47.2444]]]}},{"type":"Feature","properties":{"Major_or_M":"0","Known_or_a":"0"},"geometry":{"type":"MultiLineString","coordinates":[[[5.0051,35.5258],[5.0908,35.5137],[5.165,35.5223],[5.2564,35.478],[5.3368,35.3995],[5.4353,35.17],[5.6265,35.145]]]}},{"type":"Feature","properties":{"Major_or_M":"0","Known_or_a":"0"},"geometry":{"type":"MultiLineString","coordinates":[[[7.0723,34.5621],[6.7036,34.7316],[6.6778,34.7573],[6.6185,34.728],[6.5464,34.7166],[6.288,34.7402],[6.081,34.7373],[5.9482,34.7594],[5.9014,34.7805],[5.7535,34.9227],[5.5915,35.0462]]]}},{"type":"Feature","properties":{"Major_or_M":"0","Known_or_a":"1"},"geometry":{"type":"MultiLineString","coordinates":[[[5.6168,35.5517],[5.4073,35.4136],[5.3011,35.2774],[5.2433,35.2389],[5.1926,35.1497],[5.1862,34.9768],[5.1697,34.9611],[5.0612,34.9496],[5.0398,34.9089],[5.0141,34.8968]]]}},{"type":"Feature","properties":{"Major_or_M":"0","Known_or_a":"0"},"geometry":{"type":"MultiLineString","coordinates":[[[5.3532,35.357],[5.0213,35.2974]]]}},{"type":"Feature","properties":{"Major_or_M":"0","Known_or_a":"1"},"geometry":{"type":"MultiLineString","coordinates":[[[5.5395,34.6334],[5.5045,34.6655],[5.4017,34.7119],[5.1676,34.7462],[5.0091,34.8026]]]}},{"type":"Feature","properties":{"Major_or_M":"0","Known_or_a":"1"},"geometry":{"type":"MultiLineString","coordinates":[[[23.6446,43.2776],[23.7102,43.3109],[23.7074,43.3537],[23.8007,43.4955],[23.8016,43.5993],[23.8693,43.745]]]}},{"type":"Feature","properties":{"Major_or_M":"1","Known_or_a":"0"},"geometry":{"type":"MultiLineString","coordinates":[[[23.6322,43.5907],[23.8083,43.6964],[23.8497,43.7519]]]}},{"type":"Feature","properties":{"Major_or_M":"0","Known_or_a":"1"},"geometry":{"type":"MultiLineString","coordinates":[[[23.655,43.1179],[23.7759,43.1435]]]}},{"type":"Feature","properties":{"Major_or_M":"0","Known_or_a":"0"},"geometry":{"type":"MultiLineString","coordinates":[[[25.3844,43.0284],[25.4123,43.0643],[25.6399,43.2169],[25.6399,43.2761],[25.3818,43.6168]]]}},{"type":"Feature","properties":{"Major_or_M":"0","Known_or_a":"0"},"geometry":{"type":"MultiLineString","coordinates":[[[25.4484,43.5178],[25.3237,43.3627]]]}},{"type":"Feature","properties":{"Major_or_M":"0","Known_or_a":"1"},"geometry":{"type":"MultiLineString","coordinates":[[[25.587,45.6945],[25.5724,45.6458],[25.5953,45.563],[25.5539,45.3906],[25.5799,45.3304]]]}},{"type":"Feature","properties":{"Major_or_M":"0","Known_or_a":"0"},"geometry":{"type":"MultiLineString","coordinates":[[[23.7381,46.7899],[23.8132,46.9797],[23.9174,47.0632],[23.915,47.1127],[23.885,47.1774],[24.039,47.1889],[24.0918,47.2203],[24.0948,47.2374],[24.1623,47.2093],[24.3007,47.1932],[24.3226,47.1741],[24.3302,47.1261],[24.5119,47.0547],[24.5695,47.0709],[24.6081,47.0023],[24.6999,46.9666],[24.7832,46.9547],[24.826,46.9107],[24.5756,46.5452],[24.5261,46.5209],[24.299,46.4767],[24.1378,46.4957],[23.8958,46.4111]]]}},{"type":"Feature","properties":{"Major_or_M":"0","Known_or_a":"0"},"geometry":{"type":"MultiLineString","coordinates":[[[24.3262,47.1575],[24.3007,47.1932],[24.1623,47.2093],[24.0948,47.2374],[24.0918,47.2203],[24.039,47.1889],[23.885,47.1774],[23.6961,47.2727],[23.6523,47.2641],[23.5981,47.2774],[23.5819,47.2869],[23.5923,47.3245],[23.5824,47.3388],[23.5097,47.3431],[23.1969,47.169]]]}},{"type":"Feature","properties":{"Major_or_M":"1","Known_or_a":"0"},"geometry":{"type":"MultiLineString","coordinates":[[[24.4707,43.7044],[24.4891,43.7404],[24.4871,43.8125],[24.4671,43.8746],[24.4214,43.926],[24.4057,44.1791],[24.3608,44.2569],[24.3187,44.2726],[24.2658,44.4678],[24.2794,44.6177],[24.2751,44.6845],[24.2409,44.7858],[24.2444,44.9429],[24.3672,45.0891],[24.3858,45.1369],[24.3615,45.209],[24.3722,45.2361],[24.3608,45.2568],[24.3015,45.2868],[24.293,45.3125],[24.3137,45.3585],[24.3237,45.4863],[24.2851,45.5663],[24.2918,45.6818],[24.2147,45.8124],[24.1526,45.8174],[24.0705,45.7924],[23.9092,45.8973],[23.6007,45.9452],[23.5628,46.0141],[23.5026,46.0261],[23.5922,46.0692],[23.526,46.1572],[23.6159,46.1676],[23.6616,46.194],[23.6812,46.2578],[23.7301,46.3149],[23.7137,46.3617],[23.8958,46.4111],[23.7524,46.5708],[23.7663,46.6662],[23.7028,46.7053],[23.7381,46.7899]]]}},{"type":"Feature","properties":{"Major_or_M":"0","Known_or_a":"0"},"geometry":{"type":"MultiLineString","coordinates":[[[23.7686,45.9151],[23.6762,45.8832]]]}},{"type":"Feature","properties":{"Major_or_M":"0","Known_or_a":"0"},"geometry":{"type":"MultiLineString","coordinates":[[[23.7188,46.134],[23.965,46.0105]]]}},{"type":"Feature","properties":{"Major_or_M":"1","Known_or_a":"1"},"geometry":{"type":"MultiLineString","coordinates":[[[23.8634,45.9023],[23.8501,45.9677],[23.7794,46.0112],[23.6773,46.0183],[23.6381,45.9834],[23.5857,45.971]]]}},{"type":"Feature","properties":{"Major_or_M":"0","Known_or_a":"1"},"geometry":{"type":"MultiLineString","coordinates":[[[23.591,46.068],[23.6558,46.0919],[23.7843,46.1732],[23.8771,46.1611],[23.9101,46.1711],[23.9993,46.1283]]]}},{"type":"Feature","properties":{"Major_or_M":"0","Known_or_a":"0"},"geometry":{"type":"MultiLineString","coordinates":[[[18.4113,40.2943],[18.2935,40.2176],[18.2025,40.1795],[18.0305,40.1801]]]}},{"type":"Feature","properties":{"Major_or_M":"0","Known_or_a":"0"},"geometry":{"type":"MultiLineString","coordinates":[[[18.049,40.0611],[18.2173,40.0784],[18.353,40.1343],[18.3958,40.1373]]]}},{"type":"Feature","properties":{"Major_or_M":"0","Known_or_a":"0"},"geometry":{"type":"MultiLineString","coordinates":[[[18.9931,42.7578],[19.0468,42.7964],[19.1051,42.8767],[19.0973,42.9599],[19.1598,42.9683],[19.1777,42.9891],[19.1408,43.0724],[19.3288,43.1887],[19.305,43.2357],[19.3317,43.3424],[19.3737,43.3591],[19.4867,43.3656],[19.5712,43.3972],[19.7782,43.3805],[20.0988,43.2633],[20.263,43.2603],[20.3576,43.1866],[20.5485,43.1408],[20.7276,43.0429],[20.7966,42.9947],[20.8204,42.9358],[20.8782,42.8814]]]}},{"type":"Feature","properties":{"Major_or_M":"0","Known_or_a":"0"},"geometry":{"type":"MultiLineString","coordinates":[[[21.1902,42.6117],[21.1081,42.6731],[21.0397,42.7546],[20.8848,42.8549],[20.8361,42.9238],[20.8501,42.9472],[20.8257,43.0048],[20.84,43.0185],[20.8138,43.1054],[20.7246,43.1922],[20.7062,43.2315],[20.6342,43.291],[20.6937,43.462],[20.6544,43.4798],[20.6497,43.5551],[20.6038,43.589],[20.5628,43.6669],[20.639,43.7223],[20.788,43.7419],[20.8255,43.774],[20.7749,43.992],[20.4965,44.1279],[20.6337,44.2882],[20.6518,44.3985],[20.6499,44.4304],[20.5642,44.5891],[20.4476,44.7223],[20.4281,44.7695],[20.4684,44.8175]]]}},{"type":"Feature","properties":{"Major_or_M":"0","Known_or_a":"0"},"geometry":{"type":"MultiLineString","coordinates":[[[19.9104,44.2796],[19.7786,44.2999],[19.6435,44.3522],[19.4038,44.5426],[19.2421,44.5621]],[[19.9057,44.2799],[20.0538,44.2677],[20.3681,44.2078],[20.4688,44.1684],[20.4965,44.1279],[20.4716,43.9965],[20.4831,43.9676],[20.452,43.943],[20.4438,43.8973]]]}},{"type":"Feature","properties":{"Major_or_M":"0","Known_or_a":"0"},"geometry":{"type":"MultiLineString","coordinates":[[[20.4281,44.7695],[20.3913,44.7605],[20.3185,44.6648],[20.279,44.6525],[20.1957,44.6558],[20.1057,44.6867],[19.9987,44.6263],[19.9121,44.6177],[19.8173,44.7034],[19.6865,44.7548],[19.6308,44.8647],[19.6313,44.9385],[19.6151,44.9761]]]}},{"type":"Feature","properties":{"Major_or_M":"1","Known_or_a":"1"},"geometry":{"type":"MultiLineString","coordinates":[[[18.8039,45.2748],[18.8752,45.2422],[19.2826,45.1336],[19.4739,45.0032],[19.7111,44.9616],[20.1044,44.9449],[20.3847,44.8587],[20.4294,44.8192],[20.4684,44.8175]]]}},{"type":"Feature","properties":{"Major_or_M":"0","Known_or_a":"0"},"geometry":{"type":"MultiLineString","coordinates":[[[23.3908,43.5176],[23.3854,43.4691],[23.4652,43.4239],[23.4836,43.3948],[23.4223,43.2913],[23.5496,43.2056]]]}},{"type":"Feature","properties":{"Major_or_M":"0","Known_or_a":"1"},"geometry":{"type":"MultiLineString","coordinates":[[[23.6446,43.2776],[23.6101,43.2652],[23.5306,43.1918],[23.4721,43.1045],[23.4304,43.1044],[23.3795,43.068],[23.3669,43.0092],[23.4033,42.9114],[23.3612,42.8443],[23.3346,42.7286]]]}},{"type":"Feature","properties":{"Major_or_M":"0","Known_or_a":"0"},"geometry":{"type":"MultiLineString","coordinates":[[[23.3346,42.7286],[23.6693,42.7667]]]}},{"type":"Feature","properties":{"Major_or_M":"0","Known_or_a":"1"},"geometry":{"type":"MultiLineString","coordinates":[[[23.655,43.1179],[23.5455,43.0874],[23.4891,43.0846],[23.4626,43.1015]]]}},{"type":"Feature","properties":{"Major_or_M":"1","Known_or_a":"1"},"geometry":{"type":"MultiLineString","coordinates":[[[23.3161,42.7089],[23.3346,42.7286]]]}},{"type":"Feature","properties":{"Major_or_M":"1","Known_or_a":"1"},"geometry":{"type":"MultiLineString","coordinates":[[[12.5541,44.0759],[12.4471,44.0682],[12.409,44.0938],[12.3638,44.0967],[10.9218,44.6582],[10.7529,44.6653],[10.3819,44.7898],[10.0325,44.8785],[9.9178,44.9289],[9.7131,45.0527]]]}},{"type":"Feature","properties":{"Major_or_M":"0","Known_or_a":"1"},"geometry":{"type":"MultiLineString","coordinates":[[[11.3127,44.508],[11.2735,44.4778],[11.2583,44.4177],[11.2024,44.3639],[11.2056,44.3397],[11.1774,44.3236]]]}},{"type":"Feature","properties":{"Major_or_M":"1","Known_or_a":"1"},"geometry":{"type":"MultiLineString","coordinates":[[[11.3479,44.4963],[11.3568,44.4634],[11.3175,44.3558],[11.2869,44.3367],[11.2548,44.2658],[11.2872,44.0974],[11.2548,44.0698],[11.2372,44.0055]]]}},{"type":"Feature","properties":{"Major_or_M":"0","Known_or_a":"0"},"geometry":{"type":"MultiLineString","coordinates":[[[11.3859,43.9845],[11.369,44.0284],[11.3984,44.0629],[11.3737,44.1019],[11.3886,44.2124]]]}},{"type":"Feature","properties":{"Major_or_M":"0","Known_or_a":"0"},"geometry":{"type":"MultiLineString","coordinates":[[[11.3886,44.2124],[11.2832,44.1076]]]}},{"type":"Feature","properties":{"Major_or_M":"0","Known_or_a":"1"},"geometry":{"type":"MultiLineString","coordinates":[[[11.3886,44.2124],[11.4267,44.2534],[11.4201,44.3321]]]}},{"type":"Feature","properties":{"Major_or_M":"0","Known_or_a":"0"},"geometry":{"type":"MultiLineString","coordinates":[[[11.5097,44.4358],[11.46,44.3566],[11.4201,44.3321]]]}},{"type":"Feature","properties":{"Major_or_M":"0","Known_or_a":"0"},"geometry":{"type":"MultiLineString","coordinates":[[[11.4201,44.3321],[11.4002,44.3545],[11.4178,44.3917],[11.3874,44.4096],[11.3731,44.4417],[11.3781,44.4865]]]}},{"type":"Feature","properties":{"Major_or_M":"0","Known_or_a":"1"},"geometry":{"type":"MultiLineString","coordinates":[[[11.5321,44.0435],[11.4713,44.0437],[11.4104,44.0069]],[[11.884,44.2892],[11.6943,44.189],[11.6675,44.1108],[11.6135,44.0896],[11.6048,44.0719],[11.5471,44.0633],[11.5372,44.045]]]}},{"type":"Feature","properties":{"Major_or_M":"1","Known_or_a":"1"},"geometry":{"type":"MultiLineString","coordinates":[[[12.6555,44.0075],[12.5562,44.0735]]]}},{"type":"Feature","properties":{"Major_or_M":"1","Known_or_a":"0"},"geometry":{"type":"MultiLineString","coordinates":[[[12.5571,44.0765],[12.2186,44.2898]]]}},{"type":"Feature","properties":{"Major_or_M":"0","Known_or_a":"1"},"geometry":{"type":"MultiLineString","coordinates":[[[12.2288,44.1482],[12.2151,44.3677],[12.2258,44.3974]]]}},{"type":"Feature","properties":{"Major_or_M":"1","Known_or_a":"1"},"geometry":{"type":"MultiLineString","coordinates":[[[12.2264,44.4062],[12.099,44.6098],[12.116,44.6632],[12.1024,44.6992],[12.1797,44.9469],[12.1546,44.9668],[12.1537,44.9874],[12.0783,45.0214],[12.053,45.0589],[12.0683,45.158],[12.0956,45.2128]]]}},{"type":"Feature","properties":{"Major_or_M":"0","Known_or_a":"0"},"geometry":{"type":"MultiLineString","coordinates":[[[12.2258,44.3974],[12.3989,44.2034],[12.5324,44.0934]]]}},{"type":"Feature","properties":{"Major_or_M":"0","Known_or_a":"0"},"geometry":{"type":"MultiLineString","coordinates":[[[12.8542,45.7488],[12.8722,45.8239]]]}},{"type":"Feature","properties":{"Major_or_M":"1","Known_or_a":"1"},"geometry":{"type":"MultiLineString","coordinates":[[[13.3477,45.7785],[13.2484,45.8124],[13.1449,45.8171],[12.8581,45.7488],[12.7058,45.7767]],[[9.6993,45.0609],[9.7515,45.047],[9.8511,45.0516],[9.9778,45.1048],[9.9993,45.1348],[10.026,45.1426],[10.4265,45.129],[10.5668,45.1958],[10.9983,45.4485],[11.0701,45.4235],[11.2561,45.4116],[11.3266,45.4216],[11.6611,45.63],[11.7517,45.6684],[12.7071,45.7752]]]}},{"type":"Feature","properties":{"Major_or_M":"1","Known_or_a":"1"},"geometry":{"type":"MultiLineString","coordinates":[[[12.4075,45.5433],[12.2411,45.8325]]]}},{"type":"Feature","properties":{"Major_or_M":"1","Known_or_a":"0"},"geometry":{"type":"MultiLineString","coordinates":[[[12.2403,45.8327],[12.168,45.8639],[12.0523,45.8595],[11.9637,45.8749],[11.9164,45.943],[11.929,45.9813],[11.9593,46.0034],[11.8927,46.0266]]]}},{"type":"Feature","properties":{"Major_or_M":"0","Known_or_a":"1"},"geometry":{"type":"MultiLineString","coordinates":[[[11.9182,45.7975],[11.9536,45.6129],[11.9012,45.4773]]]}},{"type":"Feature","properties":{"Major_or_M":"0","Known_or_a":"0"},"geometry":{"type":"MultiLineString","coordinates":[[[11.9006,45.4756],[11.8819,45.408]]]}},{"type":"Feature","properties":{"Major_or_M":"0","Known_or_a":"0"},"geometry":{"type":"MultiLineString","coordinates":[[[11.8819,45.408],[11.7433,45.2334],[11.5675,45.2369]],[[11.6637,45.2329],[11.4928,45.2417],[11.417,45.3089],[11.2662,45.3595]]]}},{"type":"Feature","properties":{"Major_or_M":"0","Known_or_a":"1"},"geometry":{"type":"MultiLineString","coordinates":[[[11.5675,45.2369],[11.4928,45.2417]]]}},{"type":"Feature","properties":{"Major_or_M":"0","Known_or_a":"1"},"geometry":{"type":"MultiLineString","coordinates":[[[11.2662,45.3595],[11.2106,45.3788]]]}},{"type":"Feature","properties":{"Major_or_M":"0","Known_or_a":"0"},"geometry":{"type":"MultiLineString","coordinates":[[[11.2106,45.3788],[11.1115,45.4211]]]}},{"type":"Feature","properties":{"Major_or_M":"0","Known_or_a":"0"},"geometry":{"type":"MultiLineString","coordinates":[[[11.4928,45.2417],[11.446,45.2185],[11.315,45.1006],[11.0837,44.7972],[11.0391,44.7586]]]}},{"type":"Feature","properties":{"Major_or_M":"0","Known_or_a":"0"},"geometry":{"type":"MultiLineString","coordinates":[[[15.7903,40.3582],[15.6717,40.3496],[15.6236,40.3655]]]}},{"type":"Feature","properties":{"Major_or_M":"1","Known_or_a":"1"},"geometry":{"type":"MultiLineString","coordinates":[[[15.7845,40.3661],[15.9196,40.2806],[15.9868,40.2654]]]}},{"type":"Feature","properties":{"Major_or_M":"1","Known_or_a":"0"},"geometry":{"type":"MultiLineString","coordinates":[[[15.7826,40.6116],[15.9069,40.5498],[15.9708,40.4837],[15.9341,40.3488]]]}},{"type":"Feature","properties":{"Major_or_M":"1","Known_or_a":"1"},"geometry":{"type":"MultiLineString","coordinates":[[[15.9341,40.3488],[15.9192,40.3125],[15.9326,40.2929],[15.8768,40.2266]]]}},{"type":"Feature","properties":{"Major_or_M":"1","Known_or_a":"0"},"geometry":{"type":"MultiLineString","coordinates":[[[15.8768,40.2266],[15.8755,40.1987],[15.9265,40.142],[15.9242,40.0776],[15.9642,40.0462],[15.9709,40.0127]]]}},{"type":"Feature","properties":{"Major_or_M":"0","Known_or_a":"0"},"geometry":{"type":"MultiLineString","coordinates":[[[15.8118,40.0793],[16.1095,40.0674],[16.3249,40.125],[16.3627,40.1818],[16.4315,40.1634],[16.4862,40.197],[16.4916,40.2272],[16.5502,40.2327],[16.6125,40.2079],[16.6865,40.2182]]]}},{"type":"Feature","properties":{"Major_or_M":"1","Known_or_a":"0"},"geometry":{"type":"MultiLineString","coordinates":[[[16.6773,40.2198],[16.3796,40.2695],[16.1485,40.2371],[15.9868,40.2654]]]}},{"type":"Feature","properties":{"Major_or_M":"0","Known_or_a":"0"},"geometry":{"type":"MultiLineString","coordinates":[[[16.0205,40.7851],[15.9355,40.7783],[15.8203,40.8158]]]}},{"type":"Feature","properties":{"Major_or_M":"0","Known_or_a":"0"},"geometry":{"type":"MultiLineString","coordinates":[[[16.7869,40.3824],[16.5714,40.4367],[16.4619,40.4944],[16.2362,40.5481],[16.1502,40.5356],[16.0687,40.5442],[15.9503,40.6099],[15.9167,40.6527],[15.7887,40.6249]]]}},{"type":"Feature","properties":{"Major_or_M":"0","Known_or_a":"0"},"geometry":{"type":"MultiLineString","coordinates":[[[17.0646,40.5747],[16.869,41.0067],[16.8782,41.0425]]]}},{"type":"Feature","properties":{"Major_or_M":"1","Known_or_a":"1"},"geometry":{"type":"MultiLineString","coordinates":[[[16.8782,41.0425],[16.8596,41.1265]]]}},{"type":"Feature","properties":{"Major_or_M":"1","Known_or_a":"1"},"geometry":{"type":"MultiLineString","coordinates":[[[17.2983,40.9535],[17.1252,40.9642],[16.8725,41.0717],[16.6868,41.1099]]]}},{"type":"Feature","properties":{"Major_or_M":"1","Known_or_a":"1"},"geometry":{"type":"MultiLineString","coordinates":[[[16.8596,41.1265],[17.083,41.0623],[17.2983,40.9535],[17.4692,40.8262],[17.9484,40.6401]]]}},{"type":"Feature","properties":{"Major_or_M":"1","Known_or_a":"0"},"geometry":{"type":"MultiLineString","coordinates":[[[15.8806,41.6107],[15.8131,41.574]]]}},{"type":"Feature","properties":{"Major_or_M":"1","Known_or_a":"1"},"geometry":{"type":"MultiLineString","coordinates":[[[15.8131,41.574],[15.7545,41.5697],[15.7013,41.6129],[15.555,41.6747],[15.5161,41.7116]]]}},{"type":"Feature","properties":{"Major_or_M":"1","Known_or_a":"1"},"geometry":{"type":"MultiLineString","coordinates":[[[15.3036,41.3646],[15.3127,41.3982]]]}},{"type":"Feature","properties":{"Major_or_M":"0","Known_or_a":"0"},"geometry":{"type":"MultiLineString","coordinates":[[[15.3036,41.3646],[15.3444,41.3786],[15.4201,41.4421]]]}},{"type":"Feature","properties":{"Major_or_M":"1","Known_or_a":"1"},"geometry":{"type":"MultiLineString","coordinates":[[[15.3291,41.511],[15.3219,41.4239]]]}},{"type":"Feature","properties":{"Major_or_M":"1","Known_or_a":"0"},"geometry":{"type":"MultiLineString","coordinates":[[[15.3219,41.4239],[15.3127,41.3982]]]}},{"type":"Feature","properties":{"Major_or_M":"1","Known_or_a":"1"},"geometry":{"type":"MultiLineString","coordinates":[[[15.3291,41.511],[15.4922,41.5235]]]}},{"type":"Feature","properties":{"Major_or_M":"0","Known_or_a":"0"},"geometry":{"type":"MultiLineString","coordinates":[[[15.4201,41.4421],[15.454,41.4578]]]}},{"type":"Feature","properties":{"Major_or_M":"0","Known_or_a":"1"},"geometry":{"type":"MultiLineString","coordinates":[[[15.454,41.4578],[15.5033,41.4703],[15.5564,41.5299]]]}},{"type":"Feature","properties":{"Major_or_M":"1","Known_or_a":"0"},"geometry":{"type":"MultiLineString","coordinates":[[[15.4922,41.5235],[15.5243,41.536]]]}},{"type":"Feature","properties":{"Major_or_M":"1","Known_or_a":"1"},"geometry":{"type":"MultiLineString","coordinates":[[[15.5243,41.536],[15.6168,41.5281],[15.7493,41.5744]]]}},{"type":"Feature","properties":{"Major_or_M":"0","Known_or_a":"0"},"geometry":{"type":"MultiLineString","coordinates":[[[15.7809,41.8258],[15.8318,41.8413]]]}},{"type":"Feature","properties":{"Major_or_M":"0","Known_or_a":"1"},"geometry":{"type":"MultiLineString","coordinates":[[[15.8318,41.8413],[15.874,41.8445],[15.9284,41.8826]]]}},{"type":"Feature","properties":{"Major_or_M":"0","Known_or_a":"1"},"geometry":{"type":"MultiLineString","coordinates":[[[15.496,41.7185],[15.5651,41.7282],[15.7248,41.7084],[15.9163,41.719]]]}},{"type":"Feature","properties":{"Major_or_M":"0","Known_or_a":"1"},"geometry":{"type":"MultiLineString","coordinates":[[[15.2362,41.7834],[15.3861,41.8196],[15.4832,41.8686],[15.5412,41.8795],[15.6745,41.8695],[15.7754,41.8248],[15.8076,41.8358]]]}},{"type":"Feature","properties":{"Major_or_M":"1","Known_or_a":"0"},"geometry":{"type":"MultiLineString","coordinates":[[[15.5161,41.7116],[15.4686,41.7312]]]}},{"type":"Feature","properties":{"Major_or_M":"1","Known_or_a":"1"},"geometry":{"type":"MultiLineString","coordinates":[[[15.4686,41.7312],[15.3247,41.7512],[15.1507,41.8001],[14.9813,41.8185],[14.9164,41.8075]]]}},{"type":"Feature","properties":{"Major_or_M":"0","Known_or_a":"0"},"geometry":{"type":"MultiLineString","coordinates":[[[14.8403,41.6823],[14.8442,41.7458],[14.9164,41.8075]]]}},{"type":"Feature","properties":{"Major_or_M":"0","Known_or_a":"0"},"geometry":{"type":"MultiLineString","coordinates":[[[14.9116,41.8068],[14.9398,41.8592],[14.9394,41.9493]]]}},{"type":"Feature","properties":{"Major_or_M":"0","Known_or_a":"1"},"geometry":{"type":"MultiLineString","coordinates":[[[14.9434,41.8934],[14.8877,41.9103]]]}},{"type":"Feature","properties":{"Major_or_M":"0","Known_or_a":"0"},"geometry":{"type":"MultiLineString","coordinates":[[[14.9327,41.8372],[14.8729,41.864],[14.8361,41.8627]]]}},{"type":"Feature","properties":{"Major_or_M":"0","Known_or_a":"1"},"geometry":{"type":"MultiLineString","coordinates":[[[14.9327,41.8372],[14.9868,41.8183]]]}},{"type":"Feature","properties":{"Major_or_M":"0","Known_or_a":"1"},"geometry":{"type":"MultiLineString","coordinates":[[[14.9434,41.8934],[15.1095,41.8467],[15.2175,41.7868]]]}},{"type":"Feature","properties":{"Major_or_M":"0","Known_or_a":"0"},"geometry":{"type":"MultiLineString","coordinates":[[[15.2305,41.7823],[15.3027,41.6767],[15.3291,41.511],[15.0564,41.7003],[14.8664,41.7604]]]}},{"type":"Feature","properties":{"Major_or_M":"0","Known_or_a":"0"},"geometry":{"type":"MultiLineString","coordinates":[[[15.3291,41.511],[15.1643,41.5008],[15.1149,41.5136],[15.0185,41.4824],[14.9787,41.5252],[14.9014,41.5287],[14.8413,41.5621]]]}},{"type":"Feature","properties":{"Major_or_M":"1","Known_or_a":"1"},"geometry":{"type":"MultiLineString","coordinates":[[[15.403,40.578],[15.3293,40.5703],[15.2615,40.5888]]]}},{"type":"Feature","properties":{"Major_or_M":"0","Known_or_a":"0"},"geometry":{"type":"MultiLineString","coordinates":[[[15.2791,40.5809],[15.2983,40.6184],[15.3796,40.657],[15.4846,40.6452],[15.5113,40.687],[15.5424,40.6962],[15.6716,40.6106],[15.7301,40.6049],[15.7887,40.6249]]]}},{"type":"Feature","properties":{"Major_or_M":"1","Known_or_a":"0"},"geometry":{"type":"MultiLineString","coordinates":[[[15.2615,40.5888],[15.0095,40.617],[14.8721,40.6523]]]}},{"type":"Feature","properties":{"Major_or_M":"1","Known_or_a":"1"},"geometry":{"type":"MultiLineString","coordinates":[[[5.318,47.871],[5.4487,47.9901]]]}},{"type":"Feature","properties":{"Major_or_M":"0","Known_or_a":"0"},"geometry":{"type":"MultiLineString","coordinates":[[[10.9392,44.6491],[11.0391,44.7586],[11.068,44.9173],[11.1202,45.0756]]]}},{"type":"Feature","properties":{"Major_or_M":"1","Known_or_a":"0"},"geometry":{"type":"MultiLineString","coordinates":[[[11.1202,45.0756],[11.0991,45.1134]]]}},{"type":"Feature","properties":{"Major_or_M":"1","Known_or_a":"1"},"geometry":{"type":"MultiLineString","coordinates":[[[11.0991,45.1134],[11.0104,45.2193],[10.9896,45.4581],[10.8576,45.4972],[10.8347,45.5108],[10.8283,45.5444],[10.9418,45.7214],[11.0246,45.7749],[11.0117,45.8385],[11.0339,45.8913],[11.1231,45.9612],[11.1388,46.0326],[11.111,46.1568],[11.1724,46.2254],[11.2173,46.2361],[11.2981,46.3351],[11.3237,46.4138],[11.308,46.4559],[11.3194,46.4816],[11.2545,46.523],[11.1588,46.6844],[11.1203,46.6722],[11.0517,46.6786],[10.8576,46.6287],[10.7169,46.6187],[10.6213,46.6365],[10.5399,46.6844],[10.5435,46.7979],[10.5135,46.8371],[10.5035,46.9292],[10.6681,47.0727],[10.6653,47.1191],[10.5882,47.1412],[10.596,47.1676],[10.7066,47.2197],[10.8344,47.3304],[10.8194,47.3532],[10.8837,47.3882],[10.8723,47.4168],[10.7373,47.4546],[10.7109,47.5324],[10.6753,47.5652],[10.7216,47.6102],[10.7388,47.663],[10.803,47.7173],[10.8166,47.7573],[10.8694,47.8072],[10.9015,47.8743],[10.9108,47.9007],[10.8423,47.9543],[10.8285,47.9885]]]}},{"type":"Feature","properties":{"Major_or_M":"0","Known_or_a":"0"},"geometry":{"type":"MultiLineString","coordinates":[[[12.52,45.756],[12.3751,45.7791],[12.1811,45.8618],[12.0258,45.8645]]]}},{"type":"Feature","properties":{"Major_or_M":"1","Known_or_a":"0"},"geometry":{"type":"MultiLineString","coordinates":[[[12.1601,45.4203],[12.1021,45.33],[12.0956,45.2128]]]}},{"type":"Feature","properties":{"Major_or_M":"1","Known_or_a":"0"},"geometry":{"type":"MultiLineString","coordinates":[[[12.11,45.3478],[12.1071,45.4176]]]}},{"type":"Feature","properties":{"Major_or_M":"1","Known_or_a":"0"},"geometry":{"type":"MultiLineString","coordinates":[[[12.053,45.0589],[12.0376,45.1126],[11.9559,45.1899],[11.8819,45.408],[12.1601,45.4203],[12.2064,45.459],[12.6344,45.6452],[12.691,45.7095],[12.8313,45.7499]]]}},{"type":"Feature","properties":{"Major_or_M":"0","Known_or_a":"0"},"geometry":{"type":"MultiLineString","coordinates":[[[12.083,45.1776],[12.2329,45.1051],[12.1797,44.9469]]]}},{"type":"Feature","properties":{"Major_or_M":"1","Known_or_a":"1"},"geometry":{"type":"MultiLineString","coordinates":[[[12.5541,44.0759],[12.5571,44.0765]]]}},{"type":"Feature","properties":{"Major_or_M":"1","Known_or_a":"1"},"geometry":{"type":"MultiLineString","coordinates":[[[12.5562,44.0735],[12.5571,44.0765]]]}},{"type":"Feature","properties":{"Major_or_M":"0","Known_or_a":"0"},"geometry":{"type":"MultiLineString","coordinates":[[[11.4104,44.0069],[11.2817,43.8112]]]}},{"type":"Feature","properties":{"Major_or_M":"1","Known_or_a":"0"},"geometry":{"type":"MultiLineString","coordinates":[[[11.2372,44.0055],[11.2193,43.9271],[11.178,43.8599],[11.249,43.7724]]]}},{"type":"Feature","properties":{"Major_or_M":"1","Known_or_a":"0"},"geometry":{"type":"MultiLineString","coordinates":[[[11.2502,43.7721],[11.334,43.7757],[11.3826,43.7941],[11.4521,43.7767],[11.4706,43.7637],[11.4909,43.6785],[11.586,43.5919],[11.6625,43.5475],[11.7448,43.5238]]]}},{"type":"Feature","properties":{"Major_or_M":"1","Known_or_a":"1"},"geometry":{"type":"MultiLineString","coordinates":[[[11.7448,43.5238],[11.8404,43.4922]]]}},{"type":"Feature","properties":{"Major_or_M":"1","Known_or_a":"0"},"geometry":{"type":"MultiLineString","coordinates":[[[11.8404,43.4922],[11.8782,43.4686]]]}},{"type":"Feature","properties":{"Major_or_M":"0","Known_or_a":"0"},"geometry":{"type":"MultiLineString","coordinates":[[[11.8782,43.4686],[11.8876,43.5251],[11.9285,43.547]]]}},{"type":"Feature","properties":{"Major_or_M":"1","Known_or_a":"0"},"geometry":{"type":"MultiLineString","coordinates":[[[11.8782,43.4686],[11.8465,43.435],[11.8588,43.2095],[11.931,43.0933],[11.9596,42.9333],[12.0356,42.8506],[12.0591,42.778],[12.0961,42.7529]]]}},{"type":"Feature","properties":{"Major_or_M":"1","Known_or_a":"1"},"geometry":{"type":"MultiLineString","coordinates":[[[12.0772,42.7107],[12.0988,42.7307],[12.0961,42.7529]]]}},{"type":"Feature","properties":{"Major_or_M":"1","Known_or_a":"0"},"geometry":{"type":"MultiLineString","coordinates":[[[12.0772,42.7107],[12.032,42.6836]]]}},{"type":"Feature","properties":{"Major_or_M":"1","Known_or_a":"1"},"geometry":{"type":"MultiLineString","coordinates":[[[12.032,42.6836],[11.9829,42.652]]]}},{"type":"Feature","properties":{"Major_or_M":"1","Known_or_a":"0"},"geometry":{"type":"MultiLineString","coordinates":[[[11.9829,42.652],[12.0288,42.5884]]]}},{"type":"Feature","properties":{"Major_or_M":"1","Known_or_a":"1"},"geometry":{"type":"MultiLineString","coordinates":[[[12.0288,42.5884],[12.038,42.5158]]]}},{"type":"Feature","properties":{"Major_or_M":"0","Known_or_a":"0"},"geometry":{"type":"MultiLineString","coordinates":[[[11.7243,42.4978],[11.6409,42.5369],[11.4998,42.6695]]]}},{"type":"Feature","properties":{"Major_or_M":"0","Known_or_a":"0"},"geometry":{"type":"MultiLineString","coordinates":[[[11.5899,42.3592],[11.6287,42.4191]]]}},{"type":"Feature","properties":{"Major_or_M":"0","Known_or_a":"0"},"geometry":{"type":"MultiLineString","coordinates":[[[12.0373,42.1245],[11.9709,42.203],[11.7664,42.2694]]]}},{"type":"Feature","properties":{"Major_or_M":"0","Known_or_a":"0"},"geometry":{"type":"MultiLineString","coordinates":[[[12.1882,42.0979],[12.1522,42.1108]]]}},{"type":"Feature","properties":{"Major_or_M":"0","Known_or_a":"1"},"geometry":{"type":"MultiLineString","coordinates":[[[12.1522,42.1108],[12.0373,42.1245]]]}},{"type":"Feature","properties":{"Major_or_M":"1","Known_or_a":"1"},"geometry":{"type":"MultiLineString","coordinates":[[[12.1717,42.1328],[12.2057,42.0829]]]}},{"type":"Feature","properties":{"Major_or_M":"0","Known_or_a":"1"},"geometry":{"type":"MultiLineString","coordinates":[[[12.2324,42.2353],[12.1907,42.3017]]]}},{"type":"Feature","properties":{"Major_or_M":"0","Known_or_a":"0"},"geometry":{"type":"MultiLineString","coordinates":[[[12.1925,42.3014],[12.1975,42.3471]]]}},{"type":"Feature","properties":{"Major_or_M":"0","Known_or_a":"0"},"geometry":{"type":"MultiLineString","coordinates":[[[12.3878,42.5074],[12.3957,42.5479],[12.4443,42.5734],[12.399,42.7343],[12.4125,42.8181],[12.3964,42.8934],[12.4256,43.0067],[12.4794,43.0168]]]}},{"type":"Feature","properties":{"Major_or_M":"0","Known_or_a":"0"},"geometry":{"type":"MultiLineString","coordinates":[[[12.4794,43.0168],[12.4511,43.0781],[12.387,43.1088]]]}},{"type":"Feature","properties":{"Major_or_M":"1","Known_or_a":"1"},"geometry":{"type":"MultiLineString","coordinates":[[[12.4651,41.9401],[12.4907,41.9742],[12.4812,42.0449],[12.5043,42.1197],[12.4887,42.1666],[12.4938,42.2287],[12.4608,42.2627],[12.4718,42.284],[12.4364,42.3798],[12.5155,42.4982],[12.5503,42.6228],[12.5557,42.707],[12.5259,42.7644],[12.5233,42.8188],[12.6021,42.9292],[12.702,42.9597],[12.7341,42.9928],[12.7621,43.094],[12.7915,43.1151],[12.7909,43.1722],[12.7445,43.3066],[12.6574,43.4181],[12.6313,43.4306],[12.6194,43.4883],[12.6699,43.5813],[12.6824,43.637],[12.9356,43.7643],[13.0125,43.8481],[12.9029,43.9176],[12.7109,43.9744],[12.6555,44.0075]]]}},{"type":"Feature","properties":{"Major_or_M":"0","Known_or_a":"0"},"geometry":{"type":"MultiLineString","coordinates":[[[12.9711,43.6088],[13.0147,43.6573],[13.0857,43.6891]]]}},{"type":"Feature","properties":{"Major_or_M":"0","Known_or_a":"0"},"geometry":{"type":"MultiLineString","coordinates":[[[12.9711,43.6088],[12.9044,43.5852]]]}},{"type":"Feature","properties":{"Major_or_M":"0","Known_or_a":"1"},"geometry":{"type":"MultiLineString","coordinates":[[[13.0125,43.8481],[13.0984,43.792]]]}},{"type":"Feature","properties":{"Major_or_M":"0","Known_or_a":"0"},"geometry":{"type":"MultiLineString","coordinates":[[[13.0984,43.792],[13.1959,43.7288]]]}},{"type":"Feature","properties":{"Major_or_M":"1","Known_or_a":"1"},"geometry":{"type":"MultiLineString","coordinates":[[[13.1959,43.7288],[13.4259,43.6161],[13.4894,43.605],[13.5154,43.6216]]]}},{"type":"Feature","properties":{"Major_or_M":"0","Known_or_a":"0"},"geometry":{"type":"MultiLineString","coordinates":[[[13.5154,43.6216],[13.5251,43.5365],[13.5622,43.5101],[13.6204,43.5087],[13.6668,43.4273]]]}},{"type":"Feature","properties":{"Major_or_M":"0","Known_or_a":"1"},"geometry":{"type":"MultiLineString","coordinates":[[[13.6668,43.4273],[13.8299,43.1123],[13.8674,42.9824],[13.9737,42.7283]]]}},{"type":"Feature","properties":{"Major_or_M":"0","Known_or_a":"0"},"geometry":{"type":"MultiLineString","coordinates":[[[13.9737,42.7283],[14.0383,42.6365],[14.1356,42.5372]]]}},{"type":"Feature","properties":{"Major_or_M":"0","Known_or_a":"0"},"geometry":{"type":"MultiLineString","coordinates":[[[14.1356,42.5372],[14.2527,42.4407],[14.3894,42.3646],[14.5048,42.2496],[14.6887,42.1612],[14.7163,42.102],[14.7604,42.0703]]]}},{"type":"Feature","properties":{"Major_or_M":"0","Known_or_a":"0"},"geometry":{"type":"MultiLineString","coordinates":[[[14.5783,42.2133],[14.5263,42.2078],[14.4888,42.1712],[14.3883,42.2337],[14.3877,42.2593],[14.4322,42.3147]]]}},{"type":"Feature","properties":{"Major_or_M":"1","Known_or_a":"0"},"geometry":{"type":"MultiLineString","coordinates":[[[14.2179,42.4666],[14.1678,42.3492],[14.0485,42.3085],[14.015,42.2701],[13.9462,42.2609],[13.8966,42.2091],[13.85,42.1959]]]}},{"type":"Feature","properties":{},"geometry":{"type":"MultiLineString","coordinates":[[[13.8472,42.1943],[13.8339,42.169]]]}},{"type":"Feature","properties":{"Major_or_M":"1","Known_or_a":"0"},"geometry":{"type":"MultiLineString","coordinates":[[[13.85,42.1959],[13.8307,42.175],[13.8372,42.1176],[13.7477,42.085]]]}},{"type":"Feature","properties":{"Major_or_M":"0","Known_or_a":"1"},"geometry":{"type":"MultiLineString","coordinates":[[[13.7941,42.1086],[13.7257,42.1637]]]}},{"type":"Feature","properties":{"Major_or_M":"0","Known_or_a":"1"},"geometry":{"type":"MultiLineString","coordinates":[[[13.7533,42.1402],[13.7299,42.1324]]]}},{"type":"Feature","properties":{"Major_or_M":"0","Known_or_a":"1"},"geometry":{"type":"MultiLineString","coordinates":[[[13.8372,42.1176],[13.8679,42.0808]]]}},{"type":"Feature","properties":{"Major_or_M":"1","Known_or_a":"0"},"geometry":{"type":"MultiLineString","coordinates":[[[13.85,42.1959],[13.7554,42.2199]]]}},{"type":"Feature","properties":{"Major_or_M":"1","Known_or_a":"1"},"geometry":{"type":"MultiLineString","coordinates":[[[15.892,41.6154],[15.881,41.5914]]]}},{"type":"Feature","properties":{"Major_or_M":"1","Known_or_a":"0"},"geometry":{"type":"MultiLineString","coordinates":[[[15.881,41.5914],[15.8242,41.5375],[15.8942,41.5154],[15.9288,41.4421]]]}},{"type":"Feature","properties":{"Major_or_M":"0","Known_or_a":"1"},"geometry":{"type":"MultiLineString","coordinates":[[[13.8679,42.0808],[13.9186,42.0515],[13.9529,41.9891]]]}},{"type":"Feature","properties":{"Major_or_M":"0","Known_or_a":"0"},"geometry":{"type":"MultiLineString","coordinates":[[[13.9529,41.9891],[13.9909,41.8966],[14.0647,41.8487],[14.0944,41.7889]]]}},{"type":"Feature","properties":{"Major_or_M":"0","Known_or_a":"0"},"geometry":{"type":"MultiLineString","coordinates":[[[14.1156,41.4823],[14.1682,41.4502],[14.165,41.3931],[14.1928,41.3725],[14.466,41.2846]]]}},{"type":"Feature","properties":{"Major_or_M":"0","Known_or_a":"1"},"geometry":{"type":"MultiLineString","coordinates":[[[14.4677,41.2785],[14.4891,41.2255]]]}},{"type":"Feature","properties":{"Major_or_M":"0","Known_or_a":"1"},"geometry":{"type":"MultiLineString","coordinates":[[[14.4677,41.2785],[14.466,41.2846]]]}},{"type":"Feature","properties":{"Major_or_M":"1","Known_or_a":"1"},"geometry":{"type":"MultiLineString","coordinates":[[[14.3437,41.0528],[14.4585,41.0354],[14.5542,41.043],[14.628,41.0678],[14.6884,41.0616],[14.7572,41.1388]]]}},{"type":"Feature","properties":{"Major_or_M":"1","Known_or_a":"1"},"geometry":{"type":"MultiLineString","coordinates":[[[14.7745,41.1425],[14.8473,41.1591],[14.8983,41.1991],[15.1038,41.2672],[15.2461,41.3483]]]}},{"type":"Feature","properties":{"Major_or_M":"1","Known_or_a":"1"},"geometry":{"type":"MultiLineString","coordinates":[[[15.4056,38.2297],[15.306,38.2015],[15.2416,38.2193],[15.177,38.1447],[15.1033,38.1187],[15.048,38.1244],[15.049,38.1429]]]}},{"type":"Feature","properties":{"Major_or_M":"1","Known_or_a":"1"},"geometry":{"type":"MultiLineString","coordinates":[[[15.049,38.1429],[15.0426,38.1254],[15.0193,38.1308],[14.9192,38.1906],[14.8009,38.1517],[14.7416,38.1584],[14.6952,38.1011],[14.6165,38.0624],[14.4841,38.0343],[14.4427,38.0399],[14.3786,38.0144],[14.2655,38.0097],[14.2597,37.9952]]]}},{"type":"Feature","properties":{"Major_or_M":"1","Known_or_a":"1"},"geometry":{"type":"MultiLineString","coordinates":[[[14.2655,38.0097],[14.1472,38.0263],[14.1133,38.0148],[14.0293,38.0407],[13.9472,38.0269],[13.8339,37.9786],[13.7549,37.9682],[13.654,37.9948],[13.5586,38.0431],[13.5254,38.1046]]]}},{"type":"Feature","properties":{"Major_or_M":"1","Known_or_a":"1"},"geometry":{"type":"MultiLineString","coordinates":[[[13.5269,38.096],[13.4172,38.0976],[13.3513,38.1318]]]}},{"type":"Feature","properties":{"Major_or_M":"1","Known_or_a":"0"},"geometry":{"type":"MultiLineString","coordinates":[[[13.3513,38.1318],[13.1807,38.1379],[13.1519,38.0372],[13.0918,37.9432]]]}},{"type":"Feature","properties":{"Major_or_M":"1","Known_or_a":"0"},"geometry":{"type":"MultiLineString","coordinates":[[[13.0918,37.9432],[13.0805,37.9229],[13.0353,37.908],[13.0127,37.8702],[12.9624,37.8687],[12.921,37.8427],[12.7914,37.8341],[12.8003,37.8281]]]}},{"type":"Feature","properties":{"Major_or_M":"1","Known_or_a":"0"},"geometry":{"type":"MultiLineString","coordinates":[[[12.7914,37.8341],[12.6875,37.8031],[12.4377,37.8043]]]}},{"type":"Feature","properties":{"Major_or_M":"1","Known_or_a":"0"},"geometry":{"type":"MultiLineString","coordinates":[[[12.4377,37.8043],[12.4692,37.829],[12.5058,37.9161],[12.5275,38.0022],[12.4974,38.0209]]]}},{"type":"Feature","properties":{"Major_or_M":"1","Known_or_a":"0"},"geometry":{"type":"MultiLineString","coordinates":[[[12.5096,38.0177],[12.6093,38.0048],[12.7387,37.9302],[12.8942,37.9793],[12.9085,38.0013],[12.8972,38.0277]]]}},{"type":"Feature","properties":{"Major_or_M":"1","Known_or_a":"0"},"geometry":{"type":"MultiLineString","coordinates":[[[12.8942,37.9793],[12.9368,37.9763],[13.0706,38.0153],[13.1581,38.0736]]]}},{"type":"Feature","properties":{"Major_or_M":"1","Known_or_a":"0"},"geometry":{"type":"MultiLineString","coordinates":[[[13.3513,38.1318],[13.3131,38.0537],[13.3233,38.0292],[13.2979,37.9994],[13.3226,37.9826],[13.3133,37.8991],[13.3569,37.824]]]}},{"type":"Feature","properties":{"Major_or_M":"1","Known_or_a":"1"},"geometry":{"type":"MultiLineString","coordinates":[[[13.3569,37.824],[13.3864,37.7625],[13.4385,37.7178],[13.463,37.7192]]]}},{"type":"Feature","properties":{"Major_or_M":"1","Known_or_a":"0"},"geometry":{"type":"MultiLineString","coordinates":[[[13.463,37.7192],[13.4997,37.652],[13.4729,37.5819],[13.4817,37.5629],[13.525,37.5405],[13.5597,37.4475],[13.6356,37.4079],[13.6423,37.3903],[13.6442,37.3695],[13.6023,37.3438],[13.5776,37.2798],[13.3958,37.3498],[13.3377,37.4203],[13.2273,37.5005],[13.0395,37.5111],[12.9724,37.578],[12.8149,37.6254],[12.8271,37.5964],[12.9058,37.595]]]}},{"type":"Feature","properties":{"Major_or_M":"1","Known_or_a":"0"},"geometry":{"type":"MultiLineString","coordinates":[[[12.8149,37.6254],[12.6036,37.6551]]]}},{"type":"Feature","properties":{"Major_or_M":"1","Known_or_a":"1"},"geometry":{"type":"MultiLineString","coordinates":[[[12.6036,37.6551],[12.4377,37.8043]]]}},{"type":"Feature","properties":{"Major_or_M":"1","Known_or_a":"0"},"geometry":{"type":"MultiLineString","coordinates":[[[13.8386,37.9805],[13.8723,37.9223],[13.8831,37.8331],[13.9867,37.7561],[14.0181,37.6795],[14.0459,37.6837],[14.1167,37.6433],[14.1607,37.5937],[14.2237,37.5678],[14.2905,37.572],[14.3577,37.6061]]]}},{"type":"Feature","properties":{"Major_or_M":"1","Known_or_a":"0"},"geometry":{"type":"MultiLineString","coordinates":[[[14.3577,37.6061],[14.3942,37.6088],[14.4077,37.6418],[14.4667,37.6601],[14.667,37.6498],[14.7469,37.6298]]]}},{"type":"Feature","properties":{"Major_or_M":"1","Known_or_a":"1"},"geometry":{"type":"MultiLineString","coordinates":[[[14.7469,37.6298],[14.768,37.6281]]]}},{"type":"Feature","properties":{"Major_or_M":"1","Known_or_a":"1"},"geometry":{"type":"MultiLineString","coordinates":[[[14.768,37.6281],[14.8156,37.6289],[14.8381,37.5775],[14.9283,37.5606],[15.0181,37.5146],[15.1012,37.507]]]}},{"type":"Feature","properties":{"Major_or_M":"0","Known_or_a":"0"},"geometry":{"type":"MultiLineString","coordinates":[[[14.768,37.6356],[14.8232,37.6658],[14.8666,37.6474]]]}},{"type":"Feature","properties":{"Major_or_M":"0","Known_or_a":"0"},"geometry":{"type":"MultiLineString","coordinates":[[[14.8666,37.6474],[14.9088,37.6069],[14.9066,37.5659]]]}},{"type":"Feature","properties":{"Major_or_M":"1","Known_or_a":"1"},"geometry":{"type":"MultiLineString","coordinates":[[[13.5892,37.3103],[13.6757,37.2975]]]}},{"type":"Feature","properties":{"Major_or_M":"1","Known_or_a":"1"},"geometry":{"type":"MultiLineString","coordinates":[[[13.6514,37.3053],[13.7313,37.3453],[13.8973,37.3589]]]}},{"type":"Feature","properties":{"Major_or_M":"1","Known_or_a":"0"},"geometry":{"type":"MultiLineString","coordinates":[[[13.6757,37.2975],[13.7324,37.285],[13.791,37.2978],[13.9562,37.2671],[14.0469,37.2871],[14.135,37.2686],[14.2453,37.3193]]]}},{"type":"Feature","properties":{"Major_or_M":"1","Known_or_a":"0"},"geometry":{"type":"MultiLineString","coordinates":[[[13.8973,37.3589],[14.0069,37.3856],[14.0793,37.3742],[14.1022,37.3567],[14.1454,37.3614],[14.1993,37.3346]]]}},{"type":"Feature","properties":{"Major_or_M":"1","Known_or_a":"1"},"geometry":{"type":"MultiLineString","coordinates":[[[14.1993,37.3346],[14.3438,37.3185]]]}},{"type":"Feature","properties":{"Major_or_M":"1","Known_or_a":"1"},"geometry":{"type":"MultiLineString","coordinates":[[[14.2453,37.3193],[14.3121,37.3203]]]}},{"type":"Feature","properties":{"Major_or_M":"1","Known_or_a":"1"},"geometry":{"type":"MultiLineString","coordinates":[[[14.3438,37.3185],[14.3769,37.3089]]]}},{"type":"Feature","properties":{"Major_or_M":"1","Known_or_a":"0"},"geometry":{"type":"MultiLineString","coordinates":[[[14.3769,37.3089],[14.4033,37.2914],[14.46,37.2871],[14.5567,37.3246],[14.611,37.3664],[14.6984,37.3435],[14.7295,37.3746],[14.8873,37.3949],[14.9933,37.4593],[15.0714,37.4822]]]}},{"type":"Feature","properties":{"Major_or_M":"1","Known_or_a":"1"},"geometry":{"type":"MultiLineString","coordinates":[[[15.0714,37.4822],[15.1789,37.5823],[15.1778,37.6348],[15.2113,37.724]]]}},{"type":"Feature","properties":{"Major_or_M":"1","Known_or_a":"1"},"geometry":{"type":"MultiLineString","coordinates":[[[15.2113,37.724],[15.209,37.7468],[15.2445,37.8123],[15.3034,37.8543],[15.3056,37.8781],[15.4979,38.0852],[15.5842,38.2458],[15.6488,38.2677],[15.5327,38.2948],[15.4056,38.2297]]]}},{"type":"Feature","properties":{"Major_or_M":"0","Known_or_a":"0"},"geometry":{"type":"MultiLineString","coordinates":[[[15.0665,37.3974],[15.0198,37.3465],[15.0112,37.2745],[15.1555,37.2268]]]}},{"type":"Feature","properties":{"Major_or_M":"1","Known_or_a":"1"},"geometry":{"type":"MultiLineString","coordinates":[[[15.0784,37.4875],[15.0665,37.3974],[15.0957,37.3143],[15.1264,37.3018],[15.2094,37.1412],[15.2715,37.1043],[15.2888,37.077]]]}},{"type":"Feature","properties":{"Major_or_M":"0","Known_or_a":"0"},"geometry":{"type":"MultiLineString","coordinates":[[[14.3689,36.9888],[14.5012,37.0305],[14.805,37.0526],[14.7948,36.9955],[14.747,36.9219],[14.6042,36.915],[14.4691,36.8539]]]}},{"type":"Feature","properties":{"Major_or_M":"1","Known_or_a":"1"},"geometry":{"type":"MultiLineString","coordinates":[[[14.805,37.0526],[14.8625,37.0387],[14.9196,37.0627]]]}},{"type":"Feature","properties":{"Major_or_M":"1","Known_or_a":"0"},"geometry":{"type":"MultiLineString","coordinates":[[[10.1004,33.8801],[9.7921,33.8811],[9.498,33.8011],[9.3542,33.7345],[9.0497,33.7412],[8.9237,33.7211],[8.9023,33.7025],[8.9398,33.7039],[8.9888,33.6574],[9.0087,33.5879],[9.1306,33.606],[9.2286,33.5984],[9.3485,33.5708],[9.4409,33.5232],[9.4723,33.487],[9.5151,33.5166],[9.6236,33.5518],[9.9643,33.568],[10.0862,33.6279],[10.2758,33.6611],[10.4811,33.3643],[10.5459,33.2976],[10.5497,33.272],[10.5506,33.112],[10.5316,33.0055],[10.4488,32.9017],[10.4945,32.8408],[10.5068,32.698],[10.4973,32.5762],[10.3822,32.3059],[10.543,32.2621],[10.5697,32.2126],[10.6458,32.1469],[10.6972,32.0061],[10.7486,31.9823],[10.7762,31.9271],[10.8447,31.8842],[10.9494,31.9109],[10.977,31.8976],[11.0389,31.7853],[11.1207,31.7462],[11.2911,31.8014],[11.3758,31.8052],[11.4387,31.791],[11.5709,31.7929],[11.7613,31.7405],[11.8022,31.7453],[11.8241,31.7577],[11.8746,31.8424],[11.9736,31.9004],[12.2125,31.9223],[12.6189,32.0167],[12.6769,32.0157],[12.7473,31.9767],[12.8283,31.9681],[12.9282,32.0614],[13.149,32.1528],[13.2394,32.1509],[13.2927,32.1794],[13.6967,32.4564],[13.9317,32.4436],[14.1125,32.5625],[14.2324,32.5882],[14.296,32.6406]]]}},{"type":"Feature","properties":{"Major_or_M":"1","Known_or_a":"0"},"geometry":{"type":"MultiLineString","coordinates":[[[13.1821,32.9039],[13.3214,32.8449],[13.4387,32.7567],[13.6033,32.4788],[13.6328,32.4588],[13.9317,32.4436],[14.1125,32.5625],[14.2324,32.5882],[14.296,32.6406]]]}},{"type":"Feature","properties":{"Major_or_M":"1","Known_or_a":"1"},"geometry":{"type":"MultiLineString","coordinates":[[[12.2689,31.9359],[12.42,31.7389],[12.5971,31.679],[12.6884,31.6704],[12.7141,31.6038],[12.7855,31.5695],[12.8397,31.5114],[12.8683,31.4458],[12.8988,31.4363],[13.0101,31.4639]]]}},{"type":"Feature","properties":{"Major_or_M":"0","Known_or_a":"0"},"geometry":{"type":"MultiLineString","coordinates":[[[13.3355,31.0006],[13.5256,30.7805],[13.5352,30.7347],[13.5798,30.6842],[13.5845,30.5426],[13.5597,30.4034]]]}},{"type":"Feature","properties":{"Major_or_M":"0","Known_or_a":"0"},"geometry":{"type":"MultiLineString","coordinates":[[[15.0965,30.5274],[15.0094,30.5274],[14.8502,30.5623],[14.5212,30.3439],[14.4969,30.3211],[14.4731,30.2432],[14.4074,30.2204],[14.366,30.1819],[14.3128,30.0173],[14.2646,29.9406]]]}},{"type":"Feature","properties":{"Major_or_M":"0","Known_or_a":"0"},"geometry":{"type":"MultiLineString","coordinates":[[[15.401,30.5871],[15.3096,30.5947],[15.206,30.5776],[15.0751,30.5139],[15.0382,30.4711],[15.0352,30.3652],[15.0019,30.3283],[14.9781,30.254]]]}},{"type":"Feature","properties":{"Major_or_M":"1","Known_or_a":"0"},"geometry":{"type":"MultiLineString","coordinates":[[[14.5721,32.4641],[15.2221,32.3678],[15.1329,32.2735],[14.968,32.1451],[15.0551,32.0194],[15.0408,31.9088],[15.1119,31.6568],[15.1269,31.5511],[15.2439,31.3991],[15.4174,31.4019],[15.5074,31.3862],[15.8203,31.2797],[15.9624,31.289]]]}},{"type":"Feature","properties":{"Major_or_M":"0","Known_or_a":"0"},"geometry":{"type":"MultiLineString","coordinates":[[[15.2439,31.3991],[15.2954,31.2348],[15.2883,31.0834],[15.3111,31.0142],[15.2874,30.9157],[15.3602,30.8015]]]}},{"type":"Feature","properties":{"Major_or_M":"1","Known_or_a":"0"},"geometry":{"type":"MultiLineString","coordinates":[[[14.7524,32.4377],[14.8046,32.3455],[14.8324,32.2534]]]}},{"type":"Feature","properties":{"Major_or_M":"1","Known_or_a":"0"},"geometry":{"type":"MultiLineString","coordinates":[[[14.5721,32.4641],[14.6447,32.3933],[14.7575,32.3284],[14.886,32.2042],[14.9694,32.1515],[14.9609,32.1356],[14.9937,32.015],[15.0337,31.9408],[15.1529,31.7973],[15.2646,31.4991],[15.6031,31.398],[15.7194,31.3938]]]}},{"type":"Feature","properties":{"Major_or_M":"1","Known_or_a":"0"},"geometry":{"type":"MultiLineString","coordinates":[[[15.1908,31.7145],[15.2628,31.6054],[15.314,31.5662],[15.5353,31.5406],[15.7194,31.3938],[15.9624,31.289]]]}},{"type":"Feature","properties":{"Major_or_M":"0","Known_or_a":"0"},"geometry":{"type":"MultiLineString","coordinates":[[[14.2646,29.9406],[14.2618,29.8828],[14.307,29.7763],[14.2826,29.6276],[14.304,29.185],[14.3248,29.0863],[14.2969,28.9899],[14.2826,28.856],[14.3379,28.7668],[14.2814,28.5479],[14.2903,28.4063],[14.263,28.2998],[14.1945,28.1493],[14.1916,28.0024],[14.2112,27.9096],[14.2172,27.6996],[14.2403,27.655],[14.2534,27.5467],[14.3082,27.4831],[14.4164,27.4123],[14.4242,27.3933],[14.4313,27.238],[14.4188,27.1256],[14.4551,26.9804],[14.4313,26.8698],[14.4384,26.7425],[14.3867,26.5414],[14.3248,26.4903],[14.2528,26.3975],[14.1313,26.1887],[14.1021,26.0982],[14.0396,26.0287]]]}},{"type":"Feature","properties":{"Major_or_M":"0","Known_or_a":"0"},"geometry":{"type":"MultiLineString","coordinates":[[[13.2398,27.5307],[13.1094,27.5465],[12.9511,27.5364],[12.8708,27.5929],[12.8429,27.6268],[12.8411,27.7559],[12.8169,27.8159],[12.7408,27.904],[12.6313,27.9629],[12.6319,27.995],[12.6545,28.0081],[12.7241,28.0004],[12.7455,28.0188],[12.736,28.1116],[12.8282,28.1812],[12.8473,28.224],[12.9264,28.3079],[12.9181,28.3353],[12.8312,28.4025],[12.8116,28.4525],[12.8169,28.547],[12.7741,28.6386],[12.6379,28.8421],[12.5998,28.879],[12.4443,28.9396],[11.8748,29.0979]]]}},{"type":"Feature","properties":{"Major_or_M":"0","Known_or_a":"0"},"geometry":{"type":"MultiLineString","coordinates":[[[15.1064,27.7208],[14.8994,27.7148],[14.8173,27.6851],[14.7608,27.6904],[14.6571,27.6024],[14.5887,27.5738],[14.3454,27.5274],[14.0841,27.5274],[13.9948,27.4906],[13.9312,27.484],[13.2398,27.5307]]]}},{"type":"Feature","properties":{"Major_or_M":"0","Known_or_a":"0"},"geometry":{"type":"MultiLineString","coordinates":[[[14.3332,28.7882],[14.5794,28.6459],[14.6782,28.5007],[14.7377,28.465],[14.8162,28.4519],[14.9554,28.3877],[15.0589,28.2723],[15.1089,28.2509],[15.3432,28.2533]]]}},{"type":"Feature","properties":{"Major_or_M":"0","Known_or_a":"0"},"geometry":{"type":"MultiLineString","coordinates":[[[15.7754,29.0673],[15.7074,28.9996],[15.6106,28.8439],[15.5647,28.8112],[15.4904,28.6784],[15.4076,28.5021],[15.3674,28.3697],[15.3641,28.2894],[15.2965,28.1684],[15.1438,27.7754],[15.1064,27.7208],[15.1137,27.6654],[15.0903,27.582],[15.0496,27.5177],[14.904,27.3685],[14.8957,27.2666]]]}},{"type":"Feature","properties":{"Major_or_M":"0","Known_or_a":"0"},"geometry":{"type":"MultiLineString","coordinates":[[[15.7754,29.0673],[15.751,29.1635],[15.7539,29.3926],[15.6776,29.576],[15.662,29.8362],[15.6316,29.9232],[15.5254,30.0639],[15.5321,30.1467],[15.401,30.5871]]]}},{"type":"Feature","properties":{"Major_or_M":"0","Known_or_a":"0"},"geometry":{"type":"MultiLineString","coordinates":[[[14.4295,27.0594],[14.0388,26.7559],[13.9888,26.7317],[13.8268,26.7031],[13.7419,26.651],[13.5367,26.5725],[13.3104,26.5296],[13.1452,26.6196],[12.7523,26.6738],[12.5489,26.6353],[12.3069,26.5289],[12.1361,26.4754],[11.9356,26.3241]]]}},{"type":"Feature","properties":{"Major_or_M":"0","Known_or_a":"0"},"geometry":{"type":"MultiLineString","coordinates":[[[12.7419,26.6716],[12.8417,26.8334],[13.022,27.0383],[13.0706,27.1357],[13.1277,27.3955],[13.1676,27.484],[13.2159,27.5354]]]}},{"type":"Feature","properties":{"Major_or_M":"0","Known_or_a":"0"},"geometry":{"type":"MultiLineString","coordinates":[[[15.1248,26.1655],[15.1618,26.0078]]]}},{"type":"Feature","properties":{"Major_or_M":"0","Known_or_a":"0"},"geometry":{"type":"MultiLineString","coordinates":[[[16.194,26.5295],[15.9998,26.3696],[15.967,26.3589],[15.6027,26.3374],[15.3528,26.2661],[15.147,26.1675],[14.83,26.184],[14.7072,26.1454],[14.5001,26.0012]]]}},{"type":"Feature","properties":{"Major_or_M":"0","Known_or_a":"0"},"geometry":{"type":"MultiLineString","coordinates":[[[13.3104,26.5296],[13.408,26.3105],[13.4722,26.2356],[13.5464,26.1835],[13.5122,26.0079]]]}},{"type":"Feature","properties":{"Major_or_M":"0","Known_or_a":"0"},"geometry":{"type":"MultiLineString","coordinates":[[[13.743,26.2531],[13.7156,26.167],[13.6499,26.05]]]}},{"type":"Feature","properties":{"Major_or_M":"0","Known_or_a":"0"},"geometry":{"type":"MultiLineString","coordinates":[[[16.0292,29.6908],[15.9434,29.785],[15.9243,29.8338],[15.762,30.0063],[15.7263,30.0634],[15.6691,30.2573],[15.5597,30.3751],[15.401,30.5871]]]}},{"type":"Feature","properties":{"Major_or_M":"0","Known_or_a":"0"},"geometry":{"type":"MultiLineString","coordinates":[[[16.1449,29.1616],[16.2442,29.1659],[16.3703,29.104],[16.5092,29.0637],[16.5571,29.1058],[16.6058,29.1231],[16.8787,29.1559],[16.908,29.1718],[17.0339,29.1544],[17.384,29.2328],[17.5143,29.1751],[17.9232,29.1278],[18.0526,29.1387],[18.3413,29.2147],[18.5086,29.2085],[18.7172,29.1564],[18.8974,29.1947],[19.1976,29.2165]]]}},{"type":"Feature","properties":{"Major_or_M":"0","Known_or_a":"0"},"geometry":{"type":"MultiLineString","coordinates":[[[19.1976,29.2165],[19.1804,29.3681],[19.2232,29.5399],[19.2291,29.647],[19.289,29.8726],[19.2433,30.0706],[19.1197,30.2592]]]}},{"type":"Feature","properties":{"Major_or_M":"1","Known_or_a":"1"},"geometry":{"type":"MultiLineString","coordinates":[[[6.6288,46.5199],[6.5573,46.6491],[6.539,46.7517],[6.3919,46.8443],[6.3452,46.9214],[6.3102,47.0313],[6.2124,47.077],[6.0213,47.2019],[5.9356,47.4153],[5.5312,47.7387],[5.318,47.871]]]}},{"type":"Feature","properties":{"Major_or_M":"1","Known_or_a":"1"},"geometry":{"type":"MultiLineString","coordinates":[[[9.5137,46.849],[9.5701,46.9111],[9.5508,46.996],[9.4944,47.0581],[9.5308,47.0995],[9.5094,47.1574],[9.6315,47.2687],[9.6586,47.3337],[9.7293,47.3943],[9.7421,47.4457],[9.7243,47.4936],[9.6765,47.4559],[9.6008,47.4481],[9.5672,47.468],[9.4759,47.4703],[9.4188,47.508],[9.2965,47.5387],[9.071,47.5551],[9.0674,47.5808],[8.9603,47.6001],[8.8226,47.5209],[8.635,47.4465],[8.3759,47.4672],[8.2148,47.5046]]]}},{"type":"Feature","properties":{"Major_or_M":"1","Known_or_a":"1"},"geometry":{"type":"MultiLineString","coordinates":[[[6.6294,46.5199],[6.5573,46.6491],[6.5387,46.7519],[6.6329,46.7897],[6.7091,46.7869],[6.9075,46.8325],[7.1527,46.9403],[7.2777,47.0967],[7.5164,47.213],[7.7249,47.4714],[7.7299,47.545]]]}},{"type":"Feature","properties":{"Major_or_M":"1","Known_or_a":"0"},"geometry":{"type":"MultiLineString","coordinates":[[[15.0201,40.4456],[15.0192,40.4783],[14.9854,40.538],[14.8721,40.6523]]]}},{"type":"Feature","properties":{"Major_or_M":"0","Known_or_a":"0"},"geometry":{"type":"MultiLineString","coordinates":[[[15.5153,40.0755],[15.4309,40.1985],[15.3415,40.3995]]]}},{"type":"Feature","properties":{"Major_or_M":"1","Known_or_a":"0"},"geometry":{"type":"MultiLineString","coordinates":[[[15.5488,40.0858],[15.6309,40.0797]]]}},{"type":"Feature","properties":{"Major_or_M":"1","Known_or_a":"1"},"geometry":{"type":"MultiLineString","coordinates":[[[15.6309,40.0797],[15.6368,40.0596],[15.6811,40.0379],[15.6908,40.0106]]]}},{"type":"Feature","properties":{"Major_or_M":"0","Known_or_a":"0"},"geometry":{"type":"MultiLineString","coordinates":[[[15.6397,40.0777],[15.8118,40.0793]]]}},{"type":"Feature","properties":{"Major_or_M":"0","Known_or_a":"0"},"geometry":{"type":"MultiLineString","coordinates":[[[11.8057,43.3567],[11.7462,43.4204],[11.6159,43.4489],[11.5666,43.5281],[11.5065,43.587]]]}},{"type":"Feature","properties":{"Major_or_M":"1","Known_or_a":"0"},"geometry":{"type":"MultiLineString","coordinates":[[[11.365,43.7914],[11.2817,43.8112],[11.2502,43.7721]]]}},{"type":"Feature","properties":{"Major_or_M":"0","Known_or_a":"0"},"geometry":{"type":"MultiLineString","coordinates":[[[12.6904,42.1865],[12.644,42.1567],[12.6414,42.1194]]]}},{"type":"Feature","properties":{"Major_or_M":"1","Known_or_a":"0"},"geometry":{"type":"MultiLineString","coordinates":[[[12.8603,42.4059],[13.0,42.3752],[13.0812,42.4177],[13.1184,42.4112],[13.177,42.3633]]]}},{"type":"Feature","properties":{"Major_or_M":"1","Known_or_a":"0"},"geometry":{"type":"MultiLineString","coordinates":[[[13.0857,42.4162],[13.0708,42.4482],[13.0755,42.5009],[13.0973,42.5365],[13.2376,42.6366],[13.2644,42.6799],[13.2698,42.7406],[13.304,42.7706],[13.4006,42.7656],[13.428,42.7903],[13.4967,42.8036],[13.5312,42.8481],[13.7049,42.8564],[13.8164,42.8865],[13.9098,42.8908]]]}},{"type":"Feature","properties":{"Major_or_M":"0","Known_or_a":"0"},"geometry":{"type":"MultiLineString","coordinates":[[[14.0267,42.6512],[13.9489,42.5949],[14.1356,42.5372]]]}},{"type":"Feature","properties":{"Major_or_M":"0","Known_or_a":"0"},"geometry":{"type":"MultiLineString","coordinates":[[[14.7604,42.0703],[14.9168,41.9857],[14.9394,41.9493]]]}},{"type":"Feature","properties":{"Major_or_M":"0","Known_or_a":"0"},"geometry":{"type":"MultiLineString","coordinates":[[[14.8361,41.8627],[14.7616,41.8772]]]}},{"type":"Feature","properties":{"Major_or_M":"0","Known_or_a":"1"},"geometry":{"type":"MultiLineString","coordinates":[[[14.0944,41.7889],[14.073,41.7608],[14.0166,41.7451],[13.9276,41.7796],[13.7846,41.7946],[13.7725,41.8482],[13.7177,41.888],[13.7004,41.9284],[13.5676,42.0607]]]}},{"type":"Feature","properties":{"Major_or_M":"1","Known_or_a":"1"},"geometry":{"type":"MultiLineString","coordinates":[[[13.3777,42.09],[13.4543,42.06],[13.6915,42.0648],[13.7477,42.085]]]}},{"type":"Feature","properties":{"Major_or_M":"0","Known_or_a":"0"},"geometry":{"type":"MultiLineString","coordinates":[[[14.0944,41.7889],[14.1839,41.6995],[14.2175,41.604]]]}},{"type":"Feature","properties":{"Major_or_M":"0","Known_or_a":"1"},"geometry":{"type":"MultiLineString","coordinates":[[[14.1576,41.5389],[14.2111,41.6003],[14.2529,41.6038]]]}},{"type":"Feature","properties":{"Major_or_M":"0","Known_or_a":"0"},"geometry":{"type":"MultiLineString","coordinates":[[[14.2529,41.6038],[14.5198,41.4575],[14.5948,41.4397],[14.7747,41.3287],[14.8243,41.2783],[14.89,41.2673],[14.9178,41.2344]]]}},{"type":"Feature","properties":{"Major_or_M":"0","Known_or_a":"0"},"geometry":{"type":"MultiLineString","coordinates":[[[14.9178,41.2344],[15.0102,41.2334]]]}},{"type":"Feature","properties":{"Major_or_M":"1","Known_or_a":"1"},"geometry":{"type":"MultiLineString","coordinates":[[[14.855,41.1238],[14.7572,41.1388]]]}},{"type":"Feature","properties":{"Major_or_M":"0","Known_or_a":"0"},"geometry":{"type":"MultiLineString","coordinates":[[[14.8157,41.2872],[14.7982,41.2548]]]}},{"type":"Feature","properties":{"Major_or_M":"0","Known_or_a":"0"},"geometry":{"type":"MultiLineString","coordinates":[[[14.7572,41.1388],[14.7222,41.162],[14.6954,41.2216],[14.5834,41.2312],[14.3806,41.2059],[14.2479,41.1438],[14.2411,41.1257]]]}},{"type":"Feature","properties":{"Major_or_M":"1","Known_or_a":"1"},"geometry":{"type":"MultiLineString","coordinates":[[[14.2437,40.9116],[14.2411,41.1257]]]}},{"type":"Feature","properties":{"Major_or_M":"0","Known_or_a":"1"},"geometry":{"type":"MultiLineString","coordinates":[[[14.3437,41.0528],[14.1792,41.0529]]]}},{"type":"Feature","properties":{"Major_or_M":"0","Known_or_a":"0"},"geometry":{"type":"MultiLineString","coordinates":[[[14.3963,40.9982],[14.3166,40.9208]]]}},{"type":"Feature","properties":{"Major_or_M":"0","Known_or_a":"0"},"geometry":{"type":"MultiLineString","coordinates":[[[14.3692,41.0339],[14.4041,40.991],[14.4582,40.9785]]]}},{"type":"Feature","properties":{"Major_or_M":"1","Known_or_a":"1"},"geometry":{"type":"MultiLineString","coordinates":[[[14.2417,41.0743],[14.1153,40.8911],[14.0999,40.8378]]]}},{"type":"Feature","properties":{"Major_or_M":"0","Known_or_a":"0"},"geometry":{"type":"MultiLineString","coordinates":[[[14.1373,40.9268],[14.1135,40.9116]]]}},{"type":"Feature","properties":{"Major_or_M":"1","Known_or_a":"0"},"geometry":{"type":"MultiLineString","coordinates":[[[14.2437,40.9116],[14.2575,40.8735]]]}},{"type":"Feature","properties":{"Major_or_M":"0","Known_or_a":"0"},"geometry":{"type":"MultiLineString","coordinates":[[[14.2533,40.8545],[14.2795,40.8807]]]}},{"type":"Feature","properties":{"Major_or_M":"1","Known_or_a":"1"},"geometry":{"type":"MultiLineString","coordinates":[[[14.046,40.8538],[14.157,40.8235],[14.2533,40.8545],[14.2877,40.8462]]]}},{"type":"Feature","properties":{"Major_or_M":"0","Known_or_a":"1"},"geometry":{"type":"MultiLineString","coordinates":[[[14.1576,41.5389],[14.0116,41.4871],[13.9962,41.4503],[13.9428,41.4445]]]}},{"type":"Feature","properties":{"Major_or_M":"0","Known_or_a":"0"},"geometry":{"type":"MultiLineString","coordinates":[[[14.1189,41.567],[14.1151,41.5946],[14.0856,41.6098],[13.9667,41.6117]]]}},{"type":"Feature","properties":{"Major_or_M":"0","Known_or_a":"1"},"geometry":{"type":"MultiLineString","coordinates":[[[14.1189,41.567],[14.1042,41.5023],[14.1156,41.4823]]]}},{"type":"Feature","properties":{"Major_or_M":"0","Known_or_a":"1"},"geometry":{"type":"MultiLineString","coordinates":[[[5.7251,36.3105],[5.7352,36.2868]]]}},{"type":"Feature","properties":{"Major_or_M":"0","Known_or_a":"1"},"geometry":{"type":"MultiLineString","coordinates":[[[5.7327,36.2855],[5.6706,36.2635],[5.6444,36.2659],[5.6323,36.2864]]]}},{"type":"Feature","properties":{"Major_or_M":"0","Known_or_a":"0"},"geometry":{"type":"MultiLineString","coordinates":[[[5.6859,36.4652],[5.5811,36.4254],[5.5193,36.3719],[5.4955,36.3741],[5.5186,36.4844],[5.5763,36.5628],[5.5776,36.6042],[5.5697,36.6227],[5.446,36.6634]]]}},{"type":"Feature","properties":{"Major_or_M":"0","Known_or_a":"1"},"geometry":{"type":"MultiLineString","coordinates":[[[5.4922,36.3772],[5.4536,36.2682],[5.3949,36.193]]]}},{"type":"Feature","properties":{"Major_or_M":"0","Known_or_a":"0"},"geometry":{"type":"MultiLineString","coordinates":[[[5.3924,36.1901],[5.4328,36.136]]]}},{"type":"Feature","properties":{"Major_or_M":"0","Known_or_a":"0"},"geometry":{"type":"MultiLineString","coordinates":[[[5.5069,36.1789],[5.5308,36.0291],[5.5465,36.0099]]]}},{"type":"Feature","properties":{"Major_or_M":"0","Known_or_a":"1"},"geometry":{"type":"MultiLineString","coordinates":[[[5.5249,36.0673],[5.6445,36.013]]]}},{"type":"Feature","properties":{"Major_or_M":"0","Known_or_a":"1"},"geometry":{"type":"MultiLineString","coordinates":[[[5.8489,36.015],[5.7472,36.1605]]]}},{"type":"Feature","properties":{"Major_or_M":"0","Known_or_a":"0"},"geometry":{"type":"MultiLineString","coordinates":[[[5.6741,36.1593],[5.6878,36.1947],[5.7903,36.2297],[5.9084,36.2479],[6.0026,36.234],[6.2097,36.0114]]]}},{"type":"Feature","properties":{"Major_or_M":"0","Known_or_a":"0"},"geometry":{"type":"MultiLineString","coordinates":[[[5.8992,36.3222],[5.9409,36.2579],[5.8781,36.1976],[5.9181,36.128]]]}},{"type":"Feature","properties":{"Major_or_M":"0","Known_or_a":"0"},"geometry":{"type":"MultiLineString","coordinates":[[[6.1291,36.1004],[6.231,36.2142]]]}},{"type":"Feature","properties":{"Major_or_M":"0","Known_or_a":"1"},"geometry":{"type":"MultiLineString","coordinates":[[[6.0026,36.234],[6.1236,36.4102],[6.2596,36.4649]]]}},{"type":"Feature","properties":{"Major_or_M":"1","Known_or_a":"1"},"geometry":{"type":"MultiLineString","coordinates":[[[6.2596,36.4649],[5.9233,36.4146]]]}},{"type":"Feature","properties":{"Major_or_M":"0","Known_or_a":"0"},"geometry":{"type":"MultiLineString","coordinates":[[[5.7641,36.8242],[5.6791,36.7901],[5.6427,36.7312],[5.4711,36.6724]]]}},{"type":"Feature","properties":{"Major_or_M":"0","Known_or_a":"1"},"geometry":{"type":"MultiLineString","coordinates":[[[5.2553,36.6367],[5.2595,36.5854],[5.1804,36.5355],[5.1131,36.5158],[5.1241,36.4598]]]}},{"type":"Feature","properties":{"Major_or_M":"0","Known_or_a":"1"},"geometry":{"type":"MultiLineString","coordinates":[[[5.1481,36.35],[5.0948,36.3301]]]}},{"type":"Feature","properties":{"Major_or_M":"0","Known_or_a":"1"},"geometry":{"type":"MultiLineString","coordinates":[[[5.0717,36.7637],[5.0102,36.7783]]]}},{"type":"Feature","properties":{"Major_or_M":"0","Known_or_a":"1"},"geometry":{"type":"MultiLineString","coordinates":[[[5.0019,36.1352],[5.0657,36.1285]]]}},{"type":"Feature","properties":{"Major_or_M":"0","Known_or_a":"0"},"geometry":{"type":"MultiLineString","coordinates":[[[5.0657,36.1285],[5.1617,36.1632]]]}},{"type":"Feature","properties":{"Major_or_M":"0","Known_or_a":"0"},"geometry":{"type":"MultiLineString","coordinates":[[[5.1617,36.1632],[5.1941,36.1794]]]}},{"type":"Feature","properties":{"Major_or_M":"0","Known_or_a":"1"},"geometry":{"type":"MultiLineString","coordinates":[[[5.1941,36.1794],[5.1801,36.2505]]]}},{"type":"Feature","properties":{"Major_or_M":"0","Known_or_a":"0"},"geometry":{"type":"MultiLineString","coordinates":[[[6.2721,36.6083],[6.5021,36.6199],[6.6475,36.6487]]]}},{"type":"Feature","properties":{"Major_or_M":"0","Known_or_a":"1"},"geometry":{"type":"MultiLineString","coordinates":[[[6.6475,36.6487],[6.8554,36.7407]]]}},{"type":"Feature","properties":{"Major_or_M":"0","Known_or_a":"0"},"geometry":{"type":"MultiLineString","coordinates":[[[6.2681,36.6265],[6.2782,36.6572],[6.2627,36.7186],[6.2437,36.7333],[6.2514,36.7539],[6.1773,36.8096],[6.1393,36.8116],[6.1138,36.8606],[6.0895,36.872]]]}},{"type":"Feature","properties":{"Major_or_M":"1","Known_or_a":"1"},"geometry":{"type":"MultiLineString","coordinates":[[[15.9288,41.4421],[15.927,41.4178],[16.0748,41.3635],[16.3061,41.3147],[16.5095,41.2342]]]}},{"type":"Feature","properties":{"Major_or_M":"0","Known_or_a":"0"},"geometry":{"type":"MultiLineString","coordinates":[[[7.7396,36.8251],[7.5475,36.7259],[7.442,36.7149],[7.3771,36.7278],[7.3142,36.7052],[7.1535,36.7623],[7.1113,36.7485],[6.9793,36.7835],[6.9386,36.8679],[6.9105,36.8849]]]}},{"type":"Feature","properties":{"Major_or_M":"1","Known_or_a":"1"},"geometry":{"type":"MultiLineString","coordinates":[[[6.9123,36.8842],[6.8791,36.8316],[6.8332,36.6582],[6.6852,36.4954],[6.5847,36.411],[6.577,36.3787],[6.622,36.3506]]]}},{"type":"Feature","properties":{"Major_or_M":"1","Known_or_a":"1"},"geometry":{"type":"MultiLineString","coordinates":[[[6.5915,36.3598],[6.5947,36.3635]]]}},{"type":"Feature","properties":{"Major_or_M":"1","Known_or_a":"0"},"geometry":{"type":"MultiLineString","coordinates":[[[6.5915,36.3598],[6.5907,36.2301],[6.5636,36.1598],[6.5464,36.0433],[6.5931,35.9553]]]}},{"type":"Feature","properties":{"Major_or_M":"1","Known_or_a":"0"},"geometry":{"type":"MultiLineString","coordinates":[[[6.622,36.3506],[6.6582,36.3604],[6.8238,36.3479],[6.8862,36.3646],[7.0229,36.3677]]]}},{"type":"Feature","properties":{"Major_or_M":"1","Known_or_a":"0"},"geometry":{"type":"MultiLineString","coordinates":[[[7.0229,36.3677],[7.1644,36.4344]]]}},{"type":"Feature","properties":{"Major_or_M":"1","Known_or_a":"1"},"geometry":{"type":"MultiLineString","coordinates":[[[7.1644,36.4344],[7.2527,36.4645]]]}},{"type":"Feature","properties":{"Major_or_M":"1","Known_or_a":"1"},"geometry":{"type":"MultiLineString","coordinates":[[[7.0848,36.3912],[7.136,36.3852],[7.2352,36.4137]]]}},{"type":"Feature","properties":{"Major_or_M":"1","Known_or_a":"0"},"geometry":{"type":"MultiLineString","coordinates":[[[7.2481,36.3535],[7.2483,36.389],[7.23,36.403],[7.2761,36.4944]]]}},{"type":"Feature","properties":{"Major_or_M":"1","Known_or_a":"1"},"geometry":{"type":"MultiLineString","coordinates":[[[7.2761,36.4944],[7.3515,36.5387],[7.4536,36.5646],[7.4914,36.6073],[7.5854,36.6592]]]}},{"type":"Feature","properties":{"Major_or_M":"0","Known_or_a":"1"},"geometry":{"type":"MultiLineString","coordinates":[[[7.4166,36.4743],[7.3526,36.5495]]]}},{"type":"Feature","properties":{"Major_or_M":"0","Known_or_a":"1"},"geometry":{"type":"MultiLineString","coordinates":[[[7.4166,36.4743],[7.3396,36.4395],[7.3201,36.4067],[7.3315,36.3531],[7.3037,36.3052],[7.3004,36.2454],[7.2309,36.2221],[7.1719,36.1458],[7.2183,36.0999],[7.2392,36.0977],[7.1855,36.0515]]]}},{"type":"Feature","properties":{"Major_or_M":"0","Known_or_a":"1"},"geometry":{"type":"MultiLineString","coordinates":[[[7.2183,36.0999],[7.0705,36.075],[6.9206,36.105]]]}},{"type":"Feature","properties":{"Major_or_M":"0","Known_or_a":"0"},"geometry":{"type":"MultiLineString","coordinates":[[[6.9374,36.0185],[6.7873,36.1219]]]}},{"type":"Feature","properties":{"Major_or_M":"0","Known_or_a":"1"},"geometry":{"type":"MultiLineString","coordinates":[[[6.6685,36.1119],[6.7223,36.1519]]]}},{"type":"Feature","properties":{"Major_or_M":"0","Known_or_a":"0"},"geometry":{"type":"MultiLineString","coordinates":[[[6.9206,36.105],[6.8104,36.1118]]]}},{"type":"Feature","properties":{"Major_or_M":"0","Known_or_a":"1"},"geometry":{"type":"MultiLineString","coordinates":[[[6.8104,36.1118],[6.6962,36.1748],[6.6784,36.2075],[6.6892,36.2525],[6.629,36.3535]]]}},{"type":"Feature","properties":{"Major_or_M":"0","Known_or_a":"0"},"geometry":{"type":"MultiLineString","coordinates":[[[6.9417,36.2224],[6.8229,36.201],[6.6892,36.2525]]]}},{"type":"Feature","properties":{"Major_or_M":"0","Known_or_a":"1"},"geometry":{"type":"MultiLineString","coordinates":[[[6.9417,36.2224],[7.0779,36.2082]]]}},{"type":"Feature","properties":{"Major_or_M":"0","Known_or_a":"1"},"geometry":{"type":"MultiLineString","coordinates":[[[7.0529,36.2142],[7.1314,36.2312],[7.2338,36.2237]]]}},{"type":"Feature","properties":{"Major_or_M":"0","Known_or_a":"0"},"geometry":{"type":"MultiLineString","coordinates":[[[7.1329,36.2311],[7.1891,36.1888]]]}},{"type":"Feature","properties":{"Major_or_M":"0","Known_or_a":"1"},"geometry":{"type":"MultiLineString","coordinates":[[[7.1891,36.1888],[7.2784,36.1524]]]}},{"type":"Feature","properties":{"Major_or_M":"0","Known_or_a":"0"},"geometry":{"type":"MultiLineString","coordinates":[[[7.2784,36.1524],[7.345,36.1265],[7.3672,36.0917]]]}},{"type":"Feature","properties":{"Major_or_M":"0","Known_or_a":"1"},"geometry":{"type":"MultiLineString","coordinates":[[[7.2392,36.0977],[7.3858,36.0901]]]}},{"type":"Feature","properties":{"Major_or_M":"0","Known_or_a":"0"},"geometry":{"type":"MultiLineString","coordinates":[[[7.3858,36.0901],[7.4533,36.0896],[7.5482,36.1186]]]}},{"type":"Feature","properties":{"Major_or_M":"0","Known_or_a":"1"},"geometry":{"type":"MultiLineString","coordinates":[[[7.5482,36.1186],[7.6433,36.1306],[7.6619,36.1491]]]}},{"type":"Feature","properties":{"Major_or_M":"1","Known_or_a":"0"},"geometry":{"type":"MultiLineString","coordinates":[[[7.6861,36.1042],[7.6614,36.132],[7.6699,36.1641],[7.8508,36.2179],[7.9265,36.2726],[7.9845,36.2916]],[[7.6859,36.1049],[7.6909,36.0164],[7.6638,35.9629]]]}},{"type":"Feature","properties":{"Major_or_M":"1","Known_or_a":"1"},"geometry":{"type":"MultiLineString","coordinates":[[[7.6699,36.1641],[7.6384,36.205]]]}},{"type":"Feature","properties":{"Major_or_M":"1","Known_or_a":"0"},"geometry":{"type":"MultiLineString","coordinates":[[[7.6384,36.205],[7.6303,36.2873]]]}},{"type":"Feature","properties":{"Major_or_M":"1","Known_or_a":"1"},"geometry":{"type":"MultiLineString","coordinates":[[[7.6303,36.2873],[7.6074,36.332],[7.6718,36.374],[7.6959,36.4874]]]}},{"type":"Feature","properties":{"Major_or_M":"1","Known_or_a":"0"},"geometry":{"type":"MultiLineString","coordinates":[[[7.6959,36.4874],[7.7094,36.5597],[7.751,36.6185],[7.7449,36.6604]]]}},{"type":"Feature","properties":{"Major_or_M":"1","Known_or_a":"0"},"geometry":{"type":"MultiLineString","coordinates":[[[7.9853,36.2921],[7.8549,36.59],[7.833,36.6105],[7.7902,36.6167],[7.7749,36.6466],[7.7449,36.6604],[7.7337,36.7978],[7.7534,36.8887]],[[9.8088,36.6653],[9.6703,36.6781],[9.6213,36.6601],[9.5842,36.5991],[9.3534,36.5187],[9.2767,36.4578],[9.2349,36.3931],[8.9858,36.2693],[8.724,36.1798],[8.6712,36.175],[7.9845,36.2916]]]}},{"type":"Feature","properties":{"Major_or_M":"0","Known_or_a":"0"},"geometry":{"type":"MultiLineString","coordinates":[[[7.7534,36.8887],[7.7591,36.9453],[7.7868,36.9711]]]}},{"type":"Feature","properties":{"Major_or_M":"0","Known_or_a":"0"},"geometry":{"type":"MultiLineString","coordinates":[[[7.7534,36.8887],[7.6731,36.9079],[7.6272,36.9587],[7.5554,36.9901],[7.3952,37.0162],[7.3745,37.0674],[7.2954,37.0742],[7.2747,37.0474],[7.2304,37.0718],[7.1894,37.0737]]]}},{"type":"Feature","properties":{"Major_or_M":"0","Known_or_a":"0"},"geometry":{"type":"MultiLineString","coordinates":[[[7.2739,37.0479],[7.2607,37.0042]]]}},{"type":"Feature","properties":{"Major_or_M":"0","Known_or_a":"1"},"geometry":{"type":"MultiLineString","coordinates":[[[7.2607,37.0042],[7.2036,36.9327],[7.1013,36.8866],[7.0384,36.9013],[6.9158,36.8828]]]}},{"type":"Feature","properties":{"Major_or_M":"0","Known_or_a":"1"},"geometry":{"type":"MultiLineString","coordinates":[[[6.9112,36.8843],[6.8795,36.8961],[6.8735,36.9206],[6.8357,36.949],[6.5869,36.9514],[6.5551,37.0077],[6.4382,36.9814],[6.3441,36.9149],[6.2571,36.9334],[5.9177,36.8136],[5.7834,36.8012],[5.7641,36.8242]]]}},{"type":"Feature","properties":{"Major_or_M":"0","Known_or_a":"1"},"geometry":{"type":"MultiLineString","coordinates":[[[5.5392,34.634],[5.5185,34.7516],[5.5656,35.0171],[5.5915,35.0462],[5.5736,35.0626],[5.5751,35.0865],[5.6286,35.1086],[5.6265,35.145],[5.7102,35.2041],[5.7003,35.2721],[5.8327,35.3081],[5.8378,35.345],[5.8577,35.3603],[6.1635,35.5526],[6.2562,35.508]]]}},{"type":"Feature","properties":{"Major_or_M":"0","Known_or_a":"0"},"geometry":{"type":"MultiLineString","coordinates":[[[9.2915,36.0547],[9.2891,36.1732],[9.3219,36.306],[9.44,36.4107],[9.488,36.4859],[9.4885,36.5106],[9.4509,36.5558]]]}},{"type":"Feature","properties":{"Major_or_M":"1","Known_or_a":"1"},"geometry":{"type":"MultiLineString","coordinates":[[[8.8788,36.1035],[8.9117,36.1202],[8.9307,36.1664],[8.9483,36.1711]],[[8.8803,36.1045],[8.7085,35.8746]],[[10.1224,36.7862],[10.2166,36.838],[10.3108,36.8542]],[[10.1229,36.7867],[10.0006,36.7181],[9.8088,36.6653],[9.6089,36.5335],[9.5361,36.5068],[9.4833,36.5059],[9.3067,36.414],[9.2606,36.4112],[9.1771,36.3687],[9.0748,36.2969],[8.9468,36.1703]]]}},{"type":"Feature","properties":{"Major_or_M":"0","Known_or_a":"0"},"geometry":{"type":"MultiLineString","coordinates":[[[13.6493,47.5467],[13.6422,47.5938],[13.6022,47.6595],[13.6422,47.6423],[13.745,47.6416]]]}},{"type":"Feature","properties":{"Major_or_M":"0","Known_or_a":"1"},"geometry":{"type":"MultiLineString","coordinates":[[[13.6022,47.6602],[13.6094,47.713],[13.7007,47.7558],[13.7678,47.8129],[13.7671,47.8972],[13.7942,47.9165],[13.7857,47.98]]]}},{"type":"Feature","properties":{"Major_or_M":"1","Known_or_a":"1"},"geometry":{"type":"MultiLineString","coordinates":[[[14.3841,46.6858],[14.4827,46.7829],[14.4691,46.8785],[14.402,46.9478],[14.4106,47.012],[14.4698,47.0848],[14.4206,47.1876],[14.4505,47.2176],[14.5419,47.2162],[14.559,47.2333],[14.5155,47.2697],[14.4805,47.3768],[14.4941,47.4767],[14.2557,47.5474],[14.2592,47.5674],[14.3228,47.6102],[14.3449,47.6873],[14.3363,47.7037],[14.2528,47.7187],[14.1622,47.7601],[14.1579,47.8501],[14.0865,47.9514]]]}},{"type":"Feature","properties":{"Major_or_M":"1","Known_or_a":"0"},"geometry":{"type":"MultiLineString","coordinates":[[[11.3199,46.4807],[11.3934,46.4864],[11.4755,46.5157],[11.5312,46.6106],[11.6233,46.6827],[11.6519,46.7277],[11.6333,46.7548],[11.6412,46.7862],[11.4284,46.904],[11.4984,47.0218],[11.4777,47.041],[11.4513,47.1674],[11.397,47.2024],[11.3856,47.2559],[11.27,47.2645],[11.1836,47.3209],[11.1986,47.3544],[11.2643,47.4022],[11.2692,47.4786],[11.1772,47.4986],[11.0965,47.4972],[11.1922,47.5921],[11.2164,47.645],[11.2064,47.7128],[11.1543,47.8098],[11.1565,47.8441],[11.0958,47.8705],[11.0994,47.9319]]]}},{"type":"Feature","properties":{"Major_or_M":"1","Known_or_a":"0"},"geometry":{"type":"MultiLineString","coordinates":[[[16.4367,47.9785],[16.4853,47.9328],[16.456,47.8779],[16.4688,47.8529],[16.5759,47.7344],[16.6123,47.6487],[16.5802,47.5652],[16.5752,47.4103],[16.6002,47.3011],[16.6252,47.2568],[16.6187,47.2111],[16.653,47.0648],[16.6573,46.9713],[16.6416,46.9242],[16.5809,46.8514],[16.4594,46.795],[16.3045,46.7471],[16.0181,46.695],[15.991,46.6522],[15.9425,46.473],[15.8718,46.3952],[15.7861,46.3502],[15.6248,46.3031],[15.5755,46.2453],[15.265,46.2339]]]}},{"type":"Feature","properties":{"Major_or_M":"0","Known_or_a":"0"},"geometry":{"type":"MultiLineString","coordinates":[[[17.2852,47.8657],[17.0011,47.9914]]]}},{"type":"Feature","properties":{"Major_or_M":"0","Known_or_a":"1"},"geometry":{"type":"MultiLineString","coordinates":[[[15.3388,47.8072],[15.3467,47.7879],[15.4202,47.7822],[15.5173,47.8472],[15.5958,47.855],[15.7057,47.8293],[15.8264,47.713],[15.9734,47.6801],[16.2326,47.8165],[16.2361,47.8464],[16.204,47.9221],[16.2183,47.9871]]]}},{"type":"Feature","properties":{"Major_or_M":"1","Known_or_a":"1"},"geometry":{"type":"MultiLineString","coordinates":[[[16.2368,47.8457],[16.269,47.8015],[16.3446,47.7808],[16.3611,47.7429],[16.456,47.7108],[16.5979,47.6937],[16.645,47.7272],[16.645,47.8008],[16.6764,47.8857],[16.7842,47.9592]]]}},{"type":"Feature","properties":{"Major_or_M":"1","Known_or_a":"0"},"geometry":{"type":"MultiLineString","coordinates":[[[17.623,47.6895],[17.6594,47.668],[17.7593,47.5523],[17.8029,47.3468],[17.9292,47.1633],[17.9292,47.1376]]]}},{"type":"Feature","properties":{"Major_or_M":"0","Known_or_a":"0"},"geometry":{"type":"MultiLineString","coordinates":[[[8.9677,47.9789],[8.9546,47.8883],[8.8197,47.7441],[8.8376,47.6827],[8.8654,47.6641],[8.8654,47.6349],[8.9004,47.6106],[8.9625,47.6006],[9.1246,47.6363],[9.1688,47.677]]]}},{"type":"Feature","properties":{"Major_or_M":"0","Known_or_a":"0"},"geometry":{"type":"MultiLineString","coordinates":[[[8.8545,46.7092],[8.9323,46.7464],[9.2322,46.8028],[9.3193,46.8563],[9.417,46.842],[9.4342,46.8206]]]}},{"type":"Feature","properties":{"Major_or_M":"0","Known_or_a":"0"},"geometry":{"type":"MultiLineString","coordinates":[[[9.1784,45.4769],[8.958,45.4943],[8.7265,45.4491],[8.6209,45.4489],[8.5023,45.3953],[8.4172,45.331]]]}},{"type":"Feature","properties":{"Major_or_M":"0","Known_or_a":"0"},"geometry":{"type":"MultiLineString","coordinates":[[[10.3515,46.4708],[10.3407,46.3509],[10.2794,46.3138],[10.2408,46.2681],[10.0845,46.1838],[9.9981,46.171],[9.8703,46.1853],[9.6433,46.1732],[9.5777,46.156],[9.4242,46.166]]]}},{"type":"Feature","properties":{"Major_or_M":"0","Known_or_a":"0"},"geometry":{"type":"MultiLineString","coordinates":[[[10.3334,45.9956],[10.1871,45.8998],[10.1173,45.8234],[10.0946,45.7537],[10.1099,45.7036],[10.0324,45.6513],[10.1648,45.5533]]]}},{"type":"Feature","properties":{"Major_or_M":"0","Known_or_a":"0"},"geometry":{"type":"MultiLineString","coordinates":[[[10.3185,45.5174],[10.4298,45.5692],[10.4512,45.6013],[10.5098,45.6391],[10.5053,45.6553],[10.4265,45.662],[10.3908,45.6965],[10.4381,45.7396],[10.4615,45.7415]]]}},{"type":"Feature","properties":{"Major_or_M":"0","Known_or_a":"0"},"geometry":{"type":"MultiLineString","coordinates":[[[11.555,45.5564],[11.7375,45.4508],[11.8819,45.408]]]}},{"type":"Feature","properties":{"Major_or_M":"0","Known_or_a":"0"},"geometry":{"type":"MultiLineString","coordinates":[[[12.3052,46.7271],[12.4252,46.66]]]}},{"type":"Feature","properties":{"Major_or_M":"0","Known_or_a":"1"},"geometry":{"type":"MultiLineString","coordinates":[[[13.1342,46.2679],[13.2405,46.2229],[13.4568,46.0745],[13.4718,45.8853]]]}},{"type":"Feature","properties":{"Major_or_M":"0","Known_or_a":"1"},"geometry":{"type":"MultiLineString","coordinates":[[[13.2163,46.153],[13.3769,46.1244]]]}},{"type":"Feature","properties":{"Major_or_M":"0","Known_or_a":"1"},"geometry":{"type":"MultiLineString","coordinates":[[[14.1607,46.6491],[14.1464,46.6984],[14.0886,46.7191],[13.8908,46.6627],[13.8759,46.6348],[13.8794,46.6562],[13.8445,46.6855],[13.833,46.7262],[13.7852,46.7369],[13.7666,46.7769],[13.7267,46.8069],[13.6467,46.7862],[13.5639,46.8169],[13.4647,46.8304]]]}},{"type":"Feature","properties":{"Major_or_M":"0","Known_or_a":"0"},"geometry":{"type":"MultiLineString","coordinates":[[[13.6817,46.5392],[13.6489,46.5642],[13.4868,46.6148],[13.2934,46.6134],[13.0007,46.6613]]]}},{"type":"Feature","properties":{"Major_or_M":"1","Known_or_a":"0"},"geometry":{"type":"MultiLineString","coordinates":[[[14.9196,37.0627],[15.0321,37.018],[15.0581,37.0392],[15.1511,37.0235],[15.2054,37.0459]]]}},{"type":"Feature","properties":{"Major_or_M":"1","Known_or_a":"1"},"geometry":{"type":"MultiLineString","coordinates":[[[15.2054,37.0459],[15.2888,37.077]]]}},{"type":"Feature","properties":{"Major_or_M":"1","Known_or_a":"1"},"geometry":{"type":"MultiLineString","coordinates":[[[15.2867,37.0744],[15.2506,36.9854],[15.1828,36.9487],[15.1228,36.8782]]]}},{"type":"Feature","properties":{"Major_or_M":"1","Known_or_a":"1"},"geometry":{"type":"MultiLineString","coordinates":[[[15.1228,36.8782],[15.103,36.8469]]]}},{"type":"Feature","properties":{"Major_or_M":"1","Known_or_a":"1"},"geometry":{"type":"MultiLineString","coordinates":[[[15.103,36.8469],[15.0892,36.7883],[15.1132,36.74],[15.1101,36.7081],[15.1408,36.6812],[15.0498,36.7235],[14.951,36.7465],[14.7939,36.7096],[14.7064,36.7233],[14.6472,36.7654],[14.4899,36.8112],[14.3845,36.9714],[14.276,37.0662],[14.1345,37.1185],[13.9718,37.1153],[13.9449,37.0993],[13.8359,37.1549],[13.7216,37.1786],[13.6685,37.2028],[13.5892,37.3103]]]}},{"type":"Feature","properties":{"Major_or_M":"1","Known_or_a":"0"},"geometry":{"type":"MultiLineString","coordinates":[[[15.9709,40.0127],[15.9658,39.9805],[16.045,39.958],[16.1385,39.8816],[16.1453,39.8356]]]}},{"type":"Feature","properties":{"Major_or_M":"1","Known_or_a":"1"},"geometry":{"type":"MultiLineString","coordinates":[[[15.9658,39.9805],[15.8994,39.9937],[15.8834,40.0127]]]}},{"type":"Feature","properties":{"Major_or_M":"1","Known_or_a":"1"},"geometry":{"type":"MultiLineString","coordinates":[[[16.1453,39.8352],[16.2485,39.7933],[16.2927,39.7271],[16.2956,39.68],[16.2107,39.4992],[16.2164,39.4503],[16.2485,39.3932],[16.2535,39.2913]]]}},{"type":"Feature","properties":{"Major_or_M":"1","Known_or_a":"0"},"geometry":{"type":"MultiLineString","coordinates":[[[16.2535,39.2913],[16.2816,39.2474],[16.2941,39.1881],[16.2391,39.1646],[16.2052,39.1171]]]}},{"type":"Feature","properties":{"Major_or_M":"1","Known_or_a":"0"},"geometry":{"type":"MultiLineString","coordinates":[[[16.2576,38.9189],[16.2648,39.0096],[16.2784,39.0271],[16.2701,39.0938],[16.2505,39.1238],[16.2687,39.1436],[16.2516,39.1685]]]}},{"type":"Feature","properties":{"Major_or_M":"1","Known_or_a":"0"},"geometry":{"type":"MultiLineString","coordinates":[[[16.2052,39.1171],[16.1174,39.0558]]]}},{"type":"Feature","properties":{"Major_or_M":"1","Known_or_a":"1"},"geometry":{"type":"MultiLineString","coordinates":[[[16.1174,39.0558],[16.1609,38.9614],[16.2537,38.9232],[16.2866,38.8836],[16.2066,38.7632],[16.1263,38.7132],[16.1002,38.6737]]]}},{"type":"Feature","properties":{"Major_or_M":"1","Known_or_a":"0"},"geometry":{"type":"MultiLineString","coordinates":[[[16.1038,38.6801],[16.5722,38.809]]]}},{"type":"Feature","properties":{"Major_or_M":"1","Known_or_a":"0"},"geometry":{"type":"MultiLineString","coordinates":[[[16.5722,38.809],[16.5909,38.808]]]}},{"type":"Feature","properties":{"Major_or_M":"0","Known_or_a":"0"},"geometry":{"type":"MultiLineString","coordinates":[[[16.5909,38.808],[16.5109,38.9402],[16.4317,38.9077],[16.2866,38.8836]]]}},{"type":"Feature","properties":{"Major_or_M":"1","Known_or_a":"0"},"geometry":{"type":"MultiLineString","coordinates":[[[16.1002,38.6737],[16.0537,38.6204],[15.9445,38.5522]]]}},{"type":"Feature","properties":{"Major_or_M":"1","Known_or_a":"1"},"geometry":{"type":"MultiLineString","coordinates":[[[15.9445,38.5522],[15.9181,38.4535],[15.8203,38.2845],[15.6561,38.2098],[15.6633,38.044],[15.6443,38.0076],[15.6897,37.9608],[15.7686,37.9255],[15.9327,37.9342],[16.0127,37.9232],[16.0894,37.9481],[16.1283,38.0138],[16.1533,38.1221],[16.1926,38.1732],[16.3229,38.2929],[16.4788,38.3525],[16.5673,38.4259],[16.5834,38.4541],[16.5556,38.6709],[16.5324,38.7185],[16.6155,38.8231]]]}},{"type":"Feature","properties":{"Major_or_M":"1","Known_or_a":"1"},"geometry":{"type":"MultiLineString","coordinates":[[[16.6155,38.8231],[16.8244,38.9276],[16.9018,38.9443],[17.0132,38.939],[17.0403,38.9522]]]}},{"type":"Feature","properties":{"Major_or_M":"1","Known_or_a":"0"},"geometry":{"type":"MultiLineString","coordinates":[[[17.0403,38.9522],[17.069,39.0214],[17.1171,39.0662]]]}},{"type":"Feature","properties":{"Major_or_M":"0","Known_or_a":"0"},"geometry":{"type":"MultiLineString","coordinates":[[[17.1246,39.0691],[17.16,39.0363],[17.2067,39.0259]]]}},{"type":"Feature","properties":{"Major_or_M":"1","Known_or_a":"1"},"geometry":{"type":"MultiLineString","coordinates":[[[17.1171,39.0662],[17.1289,39.0787],[17.1036,39.1069],[17.1104,39.2065]]]}},{"type":"Feature","properties":{"Major_or_M":"0","Known_or_a":"0"},"geometry":{"type":"MultiLineString","coordinates":[[[17.1246,39.0691],[17.1261,39.0769]]]}},{"type":"Feature","properties":{"Major_or_M":"1","Known_or_a":"1"},"geometry":{"type":"MultiLineString","coordinates":[[[17.1104,39.2065],[17.1007,39.2959],[17.115,39.3932],[17.0065,39.4688],[16.8287,39.5525],[16.7798,39.6021],[16.5996,39.6136],[16.5257,39.6485],[16.4811,39.7294],[16.4783,39.7687],[16.5122,39.8488],[16.6246,39.9594],[16.5976,40.0155]]]}},{"type":"Feature","properties":{"Major_or_M":"0","Known_or_a":"0"},"geometry":{"type":"MultiLineString","coordinates":[[[16.4868,39.7176],[16.4441,39.6985],[16.2896,39.7021],[16.2025,39.6578],[16.0408,39.6096],[15.9909,39.6342],[15.9191,39.6057],[15.8542,39.6167]]]}},{"type":"Feature","properties":{"Major_or_M":"1","Known_or_a":"1"},"geometry":{"type":"MultiLineString","coordinates":[[[15.6908,40.0106],[15.7417,39.9375],[15.7691,39.9346],[15.7967,39.8491],[15.7881,39.817],[15.8279,39.7792],[15.8167,39.6839],[15.8726,39.5862],[15.8765,39.5525],[15.9324,39.5194],[16.0341,39.3748],[16.0603,39.2864],[16.0725,39.142],[16.1174,39.0558]]]}},{"type":"Feature","properties":{"Major_or_M":"0","Known_or_a":"0"},"geometry":{"type":"MultiLineString","coordinates":[[[15.9351,38.4986],[16.0438,38.4807],[16.0857,38.3561],[16.2404,38.2082]]]}},{"type":"Feature","properties":{"Major_or_M":"0","Known_or_a":"0"},"geometry":{"type":"MultiLineString","coordinates":[[[16.0866,38.3549],[15.9572,38.3642],[15.9008,38.4258]]]}},{"type":"Feature","properties":{"Major_or_M":"0","Known_or_a":"0"},"geometry":{"type":"MultiLineString","coordinates":[[[16.2944,39.1933],[16.3292,39.1736],[16.4054,39.1694],[16.5234,39.1927],[16.6552,39.1951],[16.8089,39.1641],[16.8736,39.185],[16.9493,39.1603],[17.1107,39.1751]]]}},{"type":"Feature","properties":{"Major_or_M":"0","Known_or_a":"0"},"geometry":{"type":"MultiLineString","coordinates":[[[16.2609,39.6099],[16.3195,39.6254],[16.4322,39.7019]]]}},{"type":"Feature","properties":{"Major_or_M":"0","Known_or_a":"0"},"geometry":{"type":"MultiLineString","coordinates":[[[16.2964,39.7034],[16.1466,39.725],[16.0786,39.7717],[15.9981,39.8002],[15.8944,39.7964],[15.8958,39.8483],[15.9862,39.8806],[16.0576,39.8783],[16.1023,39.7969],[16.11,39.7498]]]}},{"type":"Feature","properties":{"Major_or_M":"0","Known_or_a":"0"},"geometry":{"type":"MultiLineString","coordinates":[[[16.1405,39.6398],[16.096,39.6389],[15.958,39.6793],[15.9194,39.7136],[15.8176,39.7221]]]}},{"type":"Feature","properties":{"Major_or_M":"0","Known_or_a":"0"},"geometry":{"type":"MultiLineString","coordinates":[[[15.8262,39.7847],[15.8901,39.8083]]]}},{"type":"Feature","properties":{"Major_or_M":"1","Known_or_a":"1"},"geometry":{"type":"MultiLineString","coordinates":[[[14.8721,40.6523],[14.7274,40.6918],[14.6998,40.7438],[14.6042,40.7548]]]}},{"type":"Feature","properties":{"Major_or_M":"0","Known_or_a":"0"},"geometry":{"type":"MultiLineString","coordinates":[[[14.5294,40.9288],[14.5896,40.9633],[14.7053,40.906],[14.8145,40.9203],[14.8221,40.9963],[14.7731,41.0325],[14.7643,41.1395]]]}},{"type":"Feature","properties":{"Major_or_M":"0","Known_or_a":"0"},"geometry":{"type":"MultiLineString","coordinates":[[[14.7892,40.9151],[14.7517,40.8582],[14.7357,40.7862],[14.6533,40.751]]]}},{"type":"Feature","properties":{"Major_or_M":"1","Known_or_a":"0"},"geometry":{"type":"MultiLineString","coordinates":[[[14.6422,40.7521],[14.6301,40.8067],[14.5354,40.8519],[14.5294,40.9288],[14.5099,40.9443]]]}},{"type":"Feature","properties":{"Major_or_M":"1","Known_or_a":"0"},"geometry":{"type":"MultiLineString","coordinates":[[[14.2877,40.8462],[14.3991,40.7651],[14.4572,40.7622]]]}},{"type":"Feature","properties":{"Major_or_M":"0","Known_or_a":"1"},"geometry":{"type":"MultiLineString","coordinates":[[[14.4572,40.7622],[14.6063,40.8148]]]}},{"type":"Feature","properties":{"Major_or_M":"1","Known_or_a":"1"},"geometry":{"type":"MultiLineString","coordinates":[[[14.4572,40.7622],[14.5039,40.7577]]]}},{"type":"Feature","properties":{"Major_or_M":"0","Known_or_a":"0"},"geometry":{"type":"MultiLineString","coordinates":[[[14.4605,40.7619],[14.4901,40.7126],[14.4399,40.6919],[14.399,40.6436],[14.3662,40.631]]]}},{"type":"Feature","properties":{"Major_or_M":"1","Known_or_a":"0"},"geometry":{"type":"MultiLineString","coordinates":[[[14.8145,40.9203],[14.8607,40.9259]]]}},{"type":"Feature","properties":{"Major_or_M":"1","Known_or_a":"1"},"geometry":{"type":"MultiLineString","coordinates":[[[6.7993,47.4462],[6.6961,47.4437],[6.427,47.3937],[6.0768,47.2781],[6.0019,47.226],[5.5429,47.1425],[5.3901,47.0504],[5.2591,46.924],[5.0193,46.9255]]]}},{"type":"Feature","properties":{"Major_or_M":"0","Known_or_a":"1"},"geometry":{"type":"MultiLineString","coordinates":[[[5.318,47.871],[5.0958,47.756]]]}},{"type":"Feature","properties":{"Major_or_M":"0","Known_or_a":"0"},"geometry":{"type":"MultiLineString","coordinates":[[[5.336,47.8643],[5.5355,47.8216]]]}},{"type":"Feature","properties":{"Major_or_M":"0","Known_or_a":"0"},"geometry":{"type":"MultiLineString","coordinates":[[[6.7993,47.4462],[6.7954,47.4033],[6.7655,47.3769],[6.6512,47.3769],[6.4764,47.3341],[6.0698,47.1692]]]}},{"type":"Feature","properties":{"Major_or_M":"1","Known_or_a":"0"},"geometry":{"type":"MultiLineString","coordinates":[[[18.3649,40.0021],[18.3968,40.0539],[18.4582,40.0887],[18.4201,40.0016]]]}},{"type":"Feature","properties":{"Major_or_M":"1","Known_or_a":"1"},"geometry":{"type":"MultiLineString","coordinates":[[[18.4582,40.0887],[18.4932,40.142],[18.4123,40.1387]]]}},{"type":"Feature","properties":{"Major_or_M":"1","Known_or_a":"0"},"geometry":{"type":"MultiLineString","coordinates":[[[18.4117,40.1387],[18.3326,40.1631],[18.2832,40.2385],[18.1699,40.3529]]]}},{"type":"Feature","properties":{"Major_or_M":"1","Known_or_a":"0"},"geometry":{"type":"MultiLineString","coordinates":[[[18.0731,40.0059],[18.0392,40.0921],[18.03,40.1846],[17.9887,40.2231],[17.6338,40.3976],[17.5163,40.4151],[17.3983,40.4592]]]}},{"type":"Feature","properties":{"Major_or_M":"0","Known_or_a":"0"},"geometry":{"type":"MultiLineString","coordinates":[[[17.668,40.3062],[17.6323,40.3643],[17.6328,40.5093],[17.5549,40.6113],[17.4141,40.7533],[17.3739,40.8288],[17.3808,40.8872]]]}},{"type":"Feature","properties":{"Major_or_M":"1","Known_or_a":"1"},"geometry":{"type":"MultiLineString","coordinates":[[[18.1699,40.3529],[18.0462,40.4839],[17.9484,40.6401],[17.8032,40.5615],[17.6286,40.5009],[17.4452,40.493],[17.387,40.4669],[17.3983,40.4592]]]}},{"type":"Feature","properties":{"Major_or_M":"1","Known_or_a":"1"},"geometry":{"type":"MultiLineString","coordinates":[[[17.387,40.4669],[17.2307,40.4757],[17.0697,40.5733],[16.9159,40.6129],[16.7381,40.7014],[16.4444,40.8108]]]}},{"type":"Feature","properties":{"Major_or_M":"1","Known_or_a":"1"},"geometry":{"type":"MultiLineString","coordinates":[[[16.5976,40.0155],[16.6126,40.1226],[16.6686,40.1799],[16.7072,40.2668]]]}},{"type":"Feature","properties":{"Major_or_M":"1","Known_or_a":"0"},"geometry":{"type":"MultiLineString","coordinates":[[[16.7072,40.2668],[16.717,40.2997]]]}},{"type":"Feature","properties":{"Major_or_M":"1","Known_or_a":"1"},"geometry":{"type":"MultiLineString","coordinates":[[[16.717,40.2997],[16.8437,40.4463]]]}},{"type":"Feature","properties":{"Major_or_M":"1","Known_or_a":"0"},"geometry":{"type":"MultiLineString","coordinates":[[[17.0822,40.5654],[16.9011,40.4879],[16.8437,40.4463]]]}},{"type":"Feature","properties":{"Major_or_M":"0","Known_or_a":"1"},"geometry":{"type":"MultiLineString","coordinates":[[[16.8334,40.4351],[16.8466,40.6475]]]}},{"type":"Feature","properties":{"Major_or_M":"1","Known_or_a":"0"},"geometry":{"type":"MultiLineString","coordinates":[[[16.8136,40.4121],[16.7519,40.4689],[16.656,40.5047],[16.5839,40.5845],[16.3855,40.6823],[16.1182,40.7763],[16.0205,40.7851]]]}},{"type":"Feature","properties":{"Major_or_M":"1","Known_or_a":"1"},"geometry":{"type":"MultiLineString","coordinates":[[[15.62,41.3165],[15.5533,41.2091]]]}},{"type":"Feature","properties":{"Major_or_M":"0","Known_or_a":"0"},"geometry":{"type":"MultiLineString","coordinates":[[[15.6206,41.3159],[15.7449,41.1787]]]}},{"type":"Feature","properties":{"Major_or_M":"0","Known_or_a":"1"},"geometry":{"type":"MultiLineString","coordinates":[[[15.6206,41.3159],[15.6384,41.2659],[15.6057,41.1538],[15.6331,41.0828],[15.6735,41.048],[15.7901,40.9961],[15.8023,40.9744]]]}},{"type":"Feature","properties":{"Major_or_M":"0","Known_or_a":"0"},"geometry":{"type":"MultiLineString","coordinates":[[[15.7794,41.1267],[15.8017,41.05],[15.8546,41.0116],[16.0432,40.9557],[16.1542,40.9503],[16.2154,40.9643],[16.3314,40.9051],[16.4266,40.8163]]]}},{"type":"Feature","properties":{"Major_or_M":"1","Known_or_a":"0"},"geometry":{"type":"MultiLineString","coordinates":[[[16.4444,40.8108],[16.3326,40.8398],[16.1812,40.8547],[15.9213,40.9567],[15.8407,40.9517]]]}},{"type":"Feature","properties":{"Major_or_M":"0","Known_or_a":"0"},"geometry":{"type":"MultiLineString","coordinates":[[[8.2148,47.5046],[8.4104,47.4025],[8.566,47.3704],[8.6145,47.3004],[8.6716,47.2697],[8.763,47.2426],[8.8051,47.249],[8.8422,47.2276],[8.9929,47.2319],[9.0592,47.1577]]]}},{"type":"Feature","properties":{"Major_or_M":"0","Known_or_a":"0"},"geometry":{"type":"MultiLineString","coordinates":[[[8.6835,47.4568],[8.8034,47.3661],[8.8148,47.304],[8.8048,47.249]]]}},{"type":"Feature","properties":{"Major_or_M":"1","Known_or_a":"1"},"geometry":{"type":"MultiLineString","coordinates":[[[8.417,45.3316],[8.5954,45.2076],[8.7905,45.1273],[8.9812,45.1769],[9.0927,45.1698],[9.1434,45.1919]],[[7.1233,45.7147],[7.2022,45.7065],[7.3295,45.7455],[7.6497,45.753],[7.6703,45.7342],[7.684,45.6742],[7.8038,45.5974],[7.8758,45.4793],[8.0365,45.4056],[8.3513,45.3296],[8.4172,45.331]]]}},{"type":"Feature","properties":{"Major_or_M":"1","Known_or_a":"0"},"geometry":{"type":"MultiLineString","coordinates":[[[5.8488,45.9414],[5.8325,45.9359],[5.8354,45.827],[5.7918,45.8156],[5.7854,45.7435],[5.7534,45.7035]],[[6.153,46.2079],[5.9595,46.0302],[5.8867,45.9973],[5.8489,45.9417]]]}},{"type":"Feature","properties":{"Major_or_M":"1","Known_or_a":"1"},"geometry":{"type":"MultiLineString","coordinates":[[[5.0008,45.846],[5.1424,45.8656],[5.2138,45.9078],[5.3595,45.8965],[5.4291,45.8591],[5.4523,45.8049],[5.5933,45.7038],[5.6231,45.6634],[5.6695,45.661],[5.7063,45.7228]]]}},{"type":"Feature","properties":{"Major_or_M":"1","Known_or_a":"1"},"geometry":{"type":"MultiLineString","coordinates":[[[5.718,44.4456],[5.6284,44.5391],[5.5627,44.5402],[5.5638,44.5556],[5.5345,44.5648],[5.4821,44.5556],[5.4225,44.5966],[5.3782,44.6716],[5.3607,44.7394],[5.3175,44.7636],[5.2472,44.7561],[5.2365,44.7019],[5.2051,44.6851],[5.0398,44.7126],[5.0002,44.7362]],[[5.0052,44.7694],[5.0056,44.7794]]]}},{"type":"Feature","properties":{"Major_or_M":"0","Known_or_a":"0"},"geometry":{"type":"MultiLineString","coordinates":[[[8.8296,47.978],[8.8135,47.9905]]]}},{"type":"Feature","properties":{"Major_or_M":"0","Known_or_a":"0"},"geometry":{"type":"MultiLineString","coordinates":[[[10.3411,47.7561],[10.2959,47.8376],[10.2079,47.9286],[10.2031,47.9828]]]}},{"type":"Feature","properties":{"Major_or_M":"0","Known_or_a":"0"},"geometry":{"type":"MultiLineString","coordinates":[[[11.3866,47.257],[11.4307,47.2856],[11.6615,47.3237],[11.7513,47.3873],[12.0654,47.4926],[12.1885,47.5818],[12.2177,47.6193],[12.1737,47.6407],[12.1183,47.7573],[12.1177,47.8751],[12.1231,47.9185],[12.1451,47.9435],[12.1421,47.9881]]]}},{"type":"Feature","properties":{"Major_or_M":"0","Known_or_a":"0"},"geometry":{"type":"MultiLineString","coordinates":[[[5.1946,34.6309],[5.1132,34.491],[5.0461,34.4267]]]}},{"type":"Feature","properties":{"Major_or_M":"0","Known_or_a":"0"},"geometry":{"type":"MultiLineString","coordinates":[[[5.0636,34.7248],[5.2665,34.5881],[5.5392,34.6339]]]}},{"type":"Feature","properties":{"Major_or_M":"0","Known_or_a":"1"},"geometry":{"type":"MultiLineString","coordinates":[[[5.5751,35.0865],[5.5732,35.1512]]]}},{"type":"Feature","properties":{"Major_or_M":"0","Known_or_a":"1"},"geometry":{"type":"MultiLineString","coordinates":[[[6.4667,35.5049],[6.4737,35.4569],[6.3568,35.3842],[6.358,35.2745],[6.3094,35.1988],[6.2588,35.1774],[6.2345,35.095],[6.0617,35.0057],[5.9218,34.8722],[5.8722,34.6498],[5.5395,34.6334]]]}},{"type":"Feature","properties":{"Major_or_M":"0","Known_or_a":"0"},"geometry":{"type":"MultiLineString","coordinates":[[[6.6778,34.7573],[6.7042,34.803],[6.6899,34.8273],[6.7056,34.8565],[6.6706,34.9122],[6.6785,34.9415],[6.747,34.9829],[6.752,35.0193],[6.8277,35.0557],[6.8791,35.0607],[7.0326,35.1853],[7.0411,35.2159],[7.0261,35.2488],[7.0535,35.3157],[7.1525,35.4301],[7.1282,35.5154],[7.0311,35.5732],[7.0076,35.6203],[7.0112,35.7003],[7.0376,35.7795],[7.0897,35.8184],[7.1197,35.8791]]]}},{"type":"Feature","properties":{"Major_or_M":"1","Known_or_a":"0"},"geometry":{"type":"MultiLineString","coordinates":[[[7.2632,36.0944],[7.4703,35.9957],[7.6638,35.9629],[7.778,35.8608],[7.8865,35.818],[7.9086,35.7709],[8.0257,35.6604],[8.1405,35.4045]]]}},{"type":"Feature","properties":{"Major_or_M":"1","Known_or_a":"0"},"geometry":{"type":"MultiLineString","coordinates":[[[8.7932,34.408],[8.8188,34.452],[8.8188,34.5349],[8.7923,34.706],[8.7452,34.8024],[8.5918,34.9855],[8.4861,35.0201],[8.2434,35.165],[8.2141,35.2164],[8.212,35.2992],[8.1405,35.4045]]]}},{"type":"Feature","properties":{"Major_or_M":"1","Known_or_a":"1"},"geometry":{"type":"MultiLineString","coordinates":[[[8.7931,34.4078],[8.8009,34.36],[8.8502,34.3136],[8.8659,34.2408],[8.8566,33.9263],[8.8816,33.846],[8.8794,33.7589],[8.9023,33.7025]]]}},{"type":"Feature","properties":{"Major_or_M":"0","Known_or_a":"0"},"geometry":{"type":"MultiLineString","coordinates":[[[8.9023,33.7025],[8.2538,34.033],[8.3351,34.1702],[8.4943,34.3085],[8.6432,34.3831],[8.7931,34.4078]]]}},{"type":"Feature","properties":{"Major_or_M":"0","Known_or_a":"0"},"geometry":{"type":"MultiLineString","coordinates":[[[8.2538,34.033],[8.0973,33.9155],[7.8767,33.8684]]]}},{"type":"Feature","properties":{"Major_or_M":"0","Known_or_a":"1"},"geometry":{"type":"MultiLineString","coordinates":[[[8.7931,34.4078],[8.6728,34.4458],[8.5486,34.4106],[8.3154,34.3868],[8.216,34.3873],[8.1289,34.4101],[7.9514,34.3873],[7.8214,34.461],[7.5892,34.4891],[7.4869,34.4529]]]}},{"type":"Feature","properties":{"Major_or_M":"0","Known_or_a":"0"},"geometry":{"type":"MultiLineString","coordinates":[[[7.0723,34.5621],[7.1961,34.6603],[7.2585,34.7577],[7.2737,34.8255],[7.2493,34.9206],[7.3144,34.9942],[7.3138,35.062],[7.3733,35.1383],[7.3757,35.2346],[7.4399,35.3127]]]}},{"type":"Feature","properties":{"Major_or_M":"1","Known_or_a":"1"},"geometry":{"type":"MultiLineString","coordinates":[[[8.1405,35.4045],[8.2406,35.4976],[8.4613,35.5744],[8.5552,35.6394],[8.6214,35.7329],[8.6321,35.7936],[8.7085,35.8746]]]}},{"type":"Feature","properties":{"Major_or_M":"1","Known_or_a":"0"},"geometry":{"type":"MultiLineString","coordinates":[[[9.0869,35.5566],[9.4195,35.5923],[9.7274,35.5985]]]}},{"type":"Feature","properties":{"Major_or_M":"1","Known_or_a":"0"},"geometry":{"type":"MultiLineString","coordinates":[[[9.0208,36.0093],[8.9953,36.146],[9.0581,36.2559],[9.1314,36.3397]]]}},{"type":"Feature","properties":{"Major_or_M":"1","Known_or_a":"0"},"geometry":{"type":"MultiLineString","coordinates":[[[8.4613,35.5744],[8.5093,35.7729],[8.5665,35.9035],[8.6714,36.0466],[8.7053,36.1774]]]}},{"type":"Feature","properties":{"Major_or_M":"0","Known_or_a":"0"},"geometry":{"type":"MultiLineString","coordinates":[[[8.5918,34.9855],[8.3903,35.1661],[8.2961,35.2832],[8.177,35.362]]]}},{"type":"Feature","properties":{"Major_or_M":"1","Known_or_a":"0"},"geometry":{"type":"MultiLineString","coordinates":[[[8.5918,34.9855],[8.7682,35.0976],[8.8,35.1668]]]}},{"type":"Feature","properties":{"Major_or_M":"1","Known_or_a":"0"},"geometry":{"type":"MultiLineString","coordinates":[[[9.1299,35.258],[9.0866,35.5573]],[[9.1286,35.2575],[9.3296,35.0987],[9.3615,35.032],[9.5615,34.9642],[9.6439,34.9194],[9.6643,34.8852],[9.828,34.829],[9.9589,34.7277],[10.1097,34.6449],[10.4296,34.4992],[10.533,34.5449],[10.6501,34.6449],[10.6932,34.6605]],[[9.0208,36.0093],[9.0126,35.8237],[9.0869,35.5566]]]}},{"type":"Feature","properties":{"Major_or_M":"0","Known_or_a":"1"},"geometry":{"type":"MultiLineString","coordinates":[[[8.3221,35.0021],[8.5894,34.9812]],[[7.6933,34.9446],[8.0245,35.0224],[8.3236,35.0024]]]}},{"type":"Feature","properties":{"Major_or_M":"0","Known_or_a":"1"},"geometry":{"type":"MultiLineString","coordinates":[[[8.2448,35.1632],[8.2762,35.0763],[8.3334,34.984],[8.2572,34.8947],[8.2722,34.8074],[8.0552,34.7485],[7.9734,34.6277],[7.5892,34.4891]]]}},{"type":"Feature","properties":{"Major_or_M":"0","Known_or_a":"0"},"geometry":{"type":"MultiLineString","coordinates":[[[7.7523,35.2574],[7.6069,35.0895],[7.5348,34.9774],[7.541,34.8413],[7.5096,34.7899],[7.4468,34.749],[7.423,34.6814],[7.4125,34.552],[7.4753,34.4625],[7.5477,34.4096]]]}},{"type":"Feature","properties":{"Major_or_M":"0","Known_or_a":"1"},"geometry":{"type":"MultiLineString","coordinates":[[[7.5335,34.4762],[7.5409,34.5563],[7.6266,34.7385],[7.6045,34.7968],[7.6976,34.9551],[7.6833,35.0613],[7.8686,35.2167],[8.1213,35.326],[8.1405,35.4045]]]}},{"type":"Feature","properties":{"Major_or_M":"0","Known_or_a":"1"},"geometry":{"type":"MultiLineString","coordinates":[[[8.1405,35.4045],[8.0949,35.3815],[7.9471,35.3633],[7.8205,35.3735]]]}},{"type":"Feature","properties":{"Major_or_M":"0","Known_or_a":"1"},"geometry":{"type":"MultiLineString","coordinates":[[[7.9245,35.3633],[7.7523,35.2574],[7.654,35.2609],[7.5744,35.2905],[7.438,35.3129],[7.3016,35.3172],[7.2401,35.3451],[7.1525,35.4301]]]}},{"type":"Feature","properties":{"Major_or_M":"0","Known_or_a":"0"},"geometry":{"type":"MultiLineString","coordinates":[[[7.4009,35.791],[7.2854,35.6305],[7.1151,35.526]],[[7.4012,35.7905],[7.4885,35.8606],[7.6641,35.9626]]]}},{"type":"Feature","properties":{"Major_or_M":"0","Known_or_a":"0"},"geometry":{"type":"MultiLineString","coordinates":[[[6.9374,36.0185],[6.9976,35.9346],[7.1197,35.8791]]]}},{"type":"Feature","properties":{"Major_or_M":"0","Known_or_a":"1"},"geometry":{"type":"MultiLineString","coordinates":[[[6.9415,36.0024],[7.0293,36.0941]]]}},{"type":"Feature","properties":{"Major_or_M":"0","Known_or_a":"0"},"geometry":{"type":"MultiLineString","coordinates":[[[5.9103,35.6042],[5.9468,35.5977],[5.9953,35.6265],[6.0717,35.6215],[6.1826,35.6997]],[[5.9102,35.6038],[5.7739,35.5781],[5.6753,35.5781],[5.6168,35.5517]]]}},{"type":"Feature","properties":{"Major_or_M":"0","Known_or_a":"1"},"geometry":{"type":"MultiLineString","coordinates":[[[6.445,35.8141],[6.5107,35.9097]]]}},{"type":"Feature","properties":{"Major_or_M":"0","Known_or_a":"0"},"geometry":{"type":"MultiLineString","coordinates":[[[6.5107,35.9097],[6.5925,35.9564]]]}},{"type":"Feature","properties":{"Major_or_M":"1","Known_or_a":"1"},"geometry":{"type":"MultiLineString","coordinates":[[[6.5925,35.9564],[6.6475,35.844],[6.6657,35.7634],[6.6609,35.6823],[6.5981,35.6066],[6.5577,35.5891],[6.5107,35.5233],[6.4667,35.5049]]]}},{"type":"Feature","properties":{"Major_or_M":"0","Known_or_a":"0"},"geometry":{"type":"MultiLineString","coordinates":[[[6.5107,35.9097],[6.3313,35.9323],[6.206,36.0161]]]}},{"type":"Feature","properties":{"Major_or_M":"0","Known_or_a":"1"},"geometry":{"type":"MultiLineString","coordinates":[[[5.8327,35.3081],[5.862,35.3059],[5.9141,35.3323],[5.9748,35.3302],[6.0683,35.4187],[6.2018,35.4587],[6.2211,35.4758],[6.2125,35.4944],[6.2622,35.4905],[6.2617,35.5983],[6.32,35.65],[6.3321,35.7038],[6.445,35.8141]]]}},{"type":"Feature","properties":{"Major_or_M":"1","Known_or_a":"1"},"geometry":{"type":"MultiLineString","coordinates":[[[6.2735,35.4833],[6.3902,35.5174],[6.635,35.4809],[6.8111,35.5115],[7.0601,35.4731],[7.183,35.4232],[7.6856,35.3947],[7.8123,35.3726],[7.8974,35.3857],[7.9456,35.4469],[7.9712,35.4524],[8.1405,35.4045]]]}},{"type":"Feature","properties":{"Major_or_M":"0","Known_or_a":"0"},"geometry":{"type":"MultiLineString","coordinates":[[[6.0886,35.9036],[5.9947,35.9333],[5.9477,35.9762],[5.8489,36.015]]]}},{"type":"Feature","properties":{"Major_or_M":"0","Known_or_a":"0"},"geometry":{"type":"MultiLineString","coordinates":[[[6.0886,36.0333],[6.1399,36.0893]]]}},{"type":"Feature","properties":{"Major_or_M":"0","Known_or_a":"1"},"geometry":{"type":"MultiLineString","coordinates":[[[8.9964,33.7231],[9.0287,33.804],[9.1306,33.9515],[9.1696,34.06],[9.1801,34.1276],[9.1287,34.2504]]]}},{"type":"Feature","properties":{"Major_or_M":"0","Known_or_a":"0"},"geometry":{"type":"MultiLineString","coordinates":[[[9.7813,33.8785],[9.7702,33.8363],[9.7787,33.764],[9.577,33.6241],[9.4247,33.5889],[9.3485,33.5403],[9.1629,33.4985],[8.9859,33.4109]]]}},{"type":"Feature","properties":{"Major_or_M":"0","Known_or_a":"0"},"geometry":{"type":"MultiLineString","coordinates":[[[9.4783,33.4935],[9.5199,33.488],[9.6112,33.4157],[9.7664,33.251],[9.8749,33.2167],[9.971,33.1434],[10.0253,33.0683]]]}},{"type":"Feature","properties":{"Major_or_M":"0","Known_or_a":"0"},"geometry":{"type":"MultiLineString","coordinates":[[[10.5459,33.2976],[10.5621,33.2843],[10.6125,33.0683],[10.661,33.0416]]]}},{"type":"Feature","properties":{"Major_or_M":"0","Known_or_a":"0"},"geometry":{"type":"MultiLineString","coordinates":[[[10.4688,32.9379],[10.4183,32.9331],[10.3279,32.9702],[10.2375,32.9826],[10.1166,33.0445],[10.0367,33.0673],[9.9339,33.0673],[9.9034,33.053],[9.8044,33.0778],[9.7635,33.0588],[9.7083,33.0616],[9.6274,33.0045]]]}},{"type":"Feature","properties":{"Major_or_M":"0","Known_or_a":"0"},"geometry":{"type":"MultiLineString","coordinates":[[[10.3822,32.3059],[10.3365,32.1488],[10.3441,32.0365],[10.3108,31.9214],[10.3175,31.8167],[10.3051,31.7605],[10.3355,31.6035],[10.3441,31.2599],[10.2813,31.0143],[10.2746,30.8335],[10.1004,30.5613],[9.9272,30.3776],[9.5196,30.1483]]]}},{"type":"Feature","properties":{"Major_or_M":"0","Known_or_a":"0"},"geometry":{"type":"MultiLineString","coordinates":[[[9.5196,30.1483],[9.7026,30.1682],[10.2308,30.1701],[10.3089,30.1786],[10.444,30.2386],[10.4526,30.291],[10.4336,30.5194],[10.4612,30.6612],[10.445,30.7507],[10.4945,30.9477],[10.5307,31.0019],[10.7077,31.1752],[10.8838,31.4883],[10.9095,31.7129],[10.9856,31.87],[11.5176,32.3278],[11.6366,32.3839],[11.8879,32.4334],[12.1772,32.5552],[12.2581,32.6009],[12.3833,32.7608],[12.4685,32.8122]]]}},{"type":"Feature","properties":{"Major_or_M":"0","Known_or_a":"0"},"geometry":{"type":"MultiLineString","coordinates":[[[11.8022,31.7453],[11.7061,31.8414],[11.6756,31.9328],[11.7327,32.0851],[11.7546,32.3116],[11.8203,32.4134]]]}},{"type":"Feature","properties":{"Major_or_M":"1","Known_or_a":"1"},"geometry":{"type":"MultiLineString","coordinates":[[[10.1004,33.8801],[10.1794,33.7983],[10.4564,33.5984],[10.577,33.6297],[10.7293,33.7034],[10.7197,33.6273],[10.6734,33.5442],[10.6817,33.4988],[10.7138,33.4572],[10.7673,33.4417],[10.7983,33.4488],[10.924,33.5273],[10.9526,33.5535],[10.9407,33.6213],[11.0061,33.5583],[11.0384,33.4774],[11.0966,33.4369],[11.1252,33.3548],[11.3917,33.237],[11.4726,33.1776],[11.4726,33.1538],[11.5273,33.1597],[11.6998,33.0812],[11.8645,33.055],[11.9228,33.0312],[12.0144,32.9622],[12.3374,32.8195],[12.6491,32.7945],[12.7407,32.754],[13.1702,32.8861],[13.1821,32.9039],[13.2729,32.9087],[13.3895,32.892],[13.4894,32.829],[13.6727,32.7469],[13.7916,32.7385],[13.8773,32.7029],[13.9558,32.7126],[14.0592,32.6919],[14.1677,32.6398],[14.296,32.6406]]]}},{"type":"Feature","properties":{"Major_or_M":"1","Known_or_a":"0"},"geometry":{"type":"MultiLineString","coordinates":[[[10.9146,33.6939],[10.9772,33.7572],[10.9836,33.7926],[10.917,33.8712],[10.8432,33.8712],[10.7899,33.8293],[10.7409,33.7296],[10.8282,33.7524],[10.917,33.6927]]]}},{"type":"Feature","properties":{"Major_or_M":"1","Known_or_a":"0"},"geometry":{"type":"MultiLineString","coordinates":[[[11.1252,33.3548],[11.1167,33.3094],[11.191,33.1952],[11.3918,33.1581],[11.6298,33.0391],[11.6998,33.0812]]]}},{"type":"Feature","properties":{"Major_or_M":"1","Known_or_a":"0"},"geometry":{"type":"MultiLineString","coordinates":[[[12.4883,32.8091],[12.5755,32.7259],[12.7507,32.7117],[12.9363,32.7621],[13.0796,32.8599]]]}},{"type":"Feature","properties":{"Major_or_M":"1","Known_or_a":"0"},"geometry":{"type":"MultiLineString","coordinates":[[[13.1821,32.9039],[13.1215,32.4652],[13.0549,32.1977],[13.0101,31.4639],[13.1079,31.3623],[13.1679,31.2142],[13.2399,31.1422],[13.3355,31.0006],[13.3331,30.8293],[13.3854,30.63],[13.4181,30.5789],[13.4176,30.4313],[13.5597,30.4034]]]}},{"type":"Feature","properties":{"Major_or_M":"0","Known_or_a":"0"},"geometry":{"type":"MultiLineString","coordinates":[[[17.3953,29.0376],[17.3519,29.2292]]]}},{"type":"Feature","properties":{"Major_or_M":"1","Known_or_a":"0"},"geometry":{"type":"MultiLineString","coordinates":[[[15.9624,31.289],[16.2566,31.225],[16.3448,31.1865],[16.5848,31.2103],[16.8046,31.1915],[17.4076,31.0509],[17.6896,30.9452],[17.8276,30.871],[18.1322,30.7853],[18.6094,30.412],[18.6937,30.3791],[18.7843,30.3677],[18.8479,30.307],[19.0001,30.2528],[19.1565,30.2542],[19.3117,30.2806],[19.458,30.3249],[19.5737,30.3763],[19.6493,30.4348],[19.7314,30.4626],[20.0609,30.7746],[20.1408,30.8852],[20.1891,30.986]]]}},{"type":"Feature","properties":{"Major_or_M":"0","Known_or_a":"0"},"geometry":{"type":"MultiLineString","coordinates":[[[16.5848,31.2103],[16.7684,31.1192],[16.8665,31.0383],[16.9004,30.9841]]]}},{"type":"Feature","properties":{"Major_or_M":"0","Known_or_a":"0"},"geometry":{"type":"MultiLineString","coordinates":[[[17.1346,31.1194],[17.0949,31.0466]]]}},{"type":"Feature","properties":{"Major_or_M":"1","Known_or_a":"0"},"geometry":{"type":"MultiLineString","coordinates":[[[16.9869,31.1565],[17.1346,31.1194]]]}},{"type":"Feature","properties":{"Major_or_M":"1","Known_or_a":"0"},"geometry":{"type":"MultiLineString","coordinates":[[[18.1053,30.7982],[18.1062,30.755],[18.2733,30.5794],[18.3504,30.5445],[18.4487,30.5364]]]}},{"type":"Feature","properties":{"Major_or_M":"1","Known_or_a":"0"},"geometry":{"type":"MultiLineString","coordinates":[[[18.7843,30.3677],[18.7832,30.3011],[18.8637,30.3011]]]}},{"type":"Feature","properties":{"Major_or_M":"1","Known_or_a":"0"},"geometry":{"type":"MultiLineString","coordinates":[[[19.202,30.2608],[19.3033,30.2319],[19.4703,30.2497],[19.733,30.3532],[20.0252,30.5174],[20.0923,30.5724],[20.2187,30.7576]]]}},{"type":"Feature","properties":{"Major_or_M":"0","Known_or_a":"0"},"geometry":{"type":"MultiLineString","coordinates":[[[17.8835,30.8519],[17.8691,30.7759],[17.8948,30.7424],[17.9812,30.7502],[18.1053,30.7982]]]}},{"type":"Feature","properties":{"Major_or_M":"0","Known_or_a":"0"},"geometry":{"type":"MultiLineString","coordinates":[[[20.2187,30.7576],[20.262,30.692],[20.4252,30.5575],[20.508,30.4682],[20.6179,30.3968],[20.7014,30.299],[20.7894,30.1304],[20.7853,30.0581],[20.847,29.9985],[20.8684,29.8265],[20.9221,29.7358],[20.9282,29.6592],[20.9885,29.5559],[21.0492,29.3748],[21.1038,29.3123],[21.237,29.2705],[21.3016,29.1859]]]}},{"type":"Feature","properties":{"Major_or_M":"0","Known_or_a":"0"},"geometry":{"type":"MultiLineString","coordinates":[[[21.5463,29.0391],[21.5379,29.1065],[21.6236,29.4931]]]}},{"type":"Feature","properties":{"Major_or_M":"0","Known_or_a":"0"},"geometry":{"type":"MultiLineString","coordinates":[[[22.2832,32.1488],[22.4828,32.1842],[22.6099,32.2285],[22.7962,32.2185],[22.8861,32.2342],[23.0687,32.337]],[[22.2839,32.1488],[22.3196,32.1052],[22.3238,32.0386],[22.3054,32.0132],[22.1215,31.9075],[21.7342,31.7459],[21.1646,31.5936],[21.0248,31.5861],[20.9485,31.5408],[20.7634,31.3347],[20.7387,31.2872],[20.6358,31.1899],[20.4687,30.9422],[20.4041,30.8703],[20.2187,30.7576]]]}},{"type":"Feature","properties":{"Major_or_M":"0","Known_or_a":"0"},"geometry":{"type":"MultiLineString","coordinates":[[[20.1719,31.5706],[20.3056,31.7292],[20.3656,31.9252],[20.4265,32.049],[20.4912,32.0356],[20.5235,32.0651],[20.6187,32.2567]]]}},{"type":"Feature","properties":{"Major_or_M":"0","Known_or_a":"0"},"geometry":{"type":"MultiLineString","coordinates":[[[20.0867,32.1289],[20.1311,32.1065],[20.316,32.0966],[20.4685,32.1339],[20.5645,32.1898],[20.6096,32.2524],[20.8224,32.4325],[20.9276,32.5661],[20.9597,32.641],[20.9503,32.7088]]]}},{"type":"Feature","properties":{"Major_or_M":"1","Known_or_a":"0"},"geometry":{"type":"MultiLineString","coordinates":[[[20.2187,30.7576],[20.2263,30.7994],[20.1891,30.986],[20.2266,31.1514],[20.1704,31.3837],[20.1723,31.5978],[20.0781,31.9966],[20.0867,32.1289]]]}},{"type":"Feature","properties":{"Major_or_M":"1","Known_or_a":"1"},"geometry":{"type":"MultiLineString","coordinates":[[[20.0867,32.1289],[20.0769,32.1365],[20.134,32.1734],[20.3067,32.3567],[20.4816,32.4542],[20.5494,32.5328],[20.873,32.6565],[20.9503,32.7088]]]}},{"type":"Feature","properties":{"Major_or_M":"1","Known_or_a":"0"},"geometry":{"type":"MultiLineString","coordinates":[[[20.9577,32.6636],[21.1191,32.522],[21.2119,32.5006],[21.5617,32.5054],[21.6545,32.5259],[21.743,32.6045],[21.9137,32.6959],[21.9048,32.769],[21.868,32.8272]]]}},{"type":"Feature","properties":{"Major_or_M":"0","Known_or_a":"0"},"geometry":{"type":"MultiLineString","coordinates":[[[21.3302,32.7694],[21.4037,32.6173],[21.5372,32.6095],[21.6107,32.5731],[21.7277,32.5895]]]}},{"type":"Feature","properties":{"Major_or_M":"1","Known_or_a":"0"},"geometry":{"type":"MultiLineString","coordinates":[[[20.9503,32.7088],[20.9577,32.6636],[20.9803,32.6529],[21.1128,32.6523],[21.2156,32.6751],[21.2406,32.7101],[21.3302,32.7694],[21.5025,32.8015],[21.6166,32.7572],[21.6923,32.7587],[21.8283,32.7829],[21.868,32.8272]]]}},{"type":"Feature","properties":{"Major_or_M":"1","Known_or_a":"1"},"geometry":{"type":"MultiLineString","coordinates":[[[21.868,32.8272],[21.9175,32.8086],[22.0474,32.8208],[22.1766,32.7779],[22.3137,32.7958],[22.6437,32.7727]]]}},{"type":"Feature","properties":{"Major_or_M":"0","Known_or_a":"0"},"geometry":{"type":"MultiLineString","coordinates":[[[21.7113,32.7635],[21.7173,32.8036],[21.6752,32.8914],[21.6253,32.9143]]]}},{"type":"Feature","properties":{"Major_or_M":"0","Known_or_a":"0"},"geometry":{"type":"MultiLineString","coordinates":[[[21.6247,32.7558],[21.5548,32.8017],[21.5239,32.8429]]]}},{"type":"Feature","properties":{"Major_or_M":"0","Known_or_a":"0"},"geometry":{"type":"MultiLineString","coordinates":[[[22.0746,32.8069],[22.1086,32.7733],[22.1766,32.7779]]]}},{"type":"Feature","properties":{"Major_or_M":"0","Known_or_a":"0"},"geometry":{"type":"MultiLineString","coordinates":[[[22.1608,32.7715],[22.215,32.7551],[22.3028,32.7787],[22.3137,32.7958]]]}},{"type":"Feature","properties":{"Major_or_M":"1","Known_or_a":"0"},"geometry":{"type":"MultiLineString","coordinates":[[[22.6437,32.7727],[22.6602,32.7137],[22.7066,32.6728],[22.8401,32.6209],[22.9364,32.6016],[23.0021,32.5581],[23.0471,32.4796],[23.0694,32.337]]]}},{"type":"Feature","properties":{"Major_or_M":"1","Known_or_a":"0"},"geometry":{"type":"MultiLineString","coordinates":[[[22.5187,32.5911],[22.7216,32.5359],[23.0694,32.337]]]}},{"type":"Feature","properties":{"Major_or_M":"1","Known_or_a":"1"},"geometry":{"type":"MultiLineString","coordinates":[[[21.9175,32.8086],[22.0774,32.7003]]]}},{"type":"Feature","properties":{"Major_or_M":"1","Known_or_a":"1"},"geometry":{"type":"MultiLineString","coordinates":[[[23.0694,32.337],[23.0811,32.2975]]]}},{"type":"Feature","properties":{"Major_or_M":"1","Known_or_a":"0"},"geometry":{"type":"MultiLineString","coordinates":[[[23.0811,32.2975],[23.0978,32.2683],[23.2763,32.1576],[23.6376,32.1134]]]}},{"type":"Feature","properties":{"Major_or_M":"1","Known_or_a":"1"},"geometry":{"type":"MultiLineString","coordinates":[[[23.6376,32.1134],[23.6716,32.0784]]]}},{"type":"Feature","properties":{"Major_or_M":"1","Known_or_a":"0"},"geometry":{"type":"MultiLineString","coordinates":[[[23.6716,32.0784],[23.7287,32.028],[23.8315,31.9785],[24.2445,31.8338],[24.5091,31.7757],[24.9947,31.6215]]]}},{"type":"Feature","properties":{"Major_or_M":"1","Known_or_a":"0"},"geometry":{"type":"MultiLineString","coordinates":[[[23.6525,32.1032],[23.8689,32.0746],[23.965,32.086],[23.9783,32.0318],[24.1325,31.9499],[24.2848,31.889],[24.5991,31.8024],[24.9712,31.6491]]]}},{"type":"Feature","properties":{"Major_or_M":"1","Known_or_a":"1"},"geometry":{"type":"MultiLineString","coordinates":[[[24.9712,31.6491],[25.0189,31.6082]]]}},{"type":"Feature","properties":{"Major_or_M":"0","Known_or_a":"0"},"geometry":{"type":"MultiLineString","coordinates":[[[25.1195,31.5778],[25.0548,31.5407],[25.012,31.4788],[24.833,31.3493],[24.8264,31.2456],[24.8483,31.0971],[24.9473,30.9096],[24.9473,30.8734],[24.7836,30.4594],[24.6969,30.3642],[24.6188,30.2377],[24.5598,30.0578]]]}},{"type":"Feature","properties":{"Major_or_M":"0","Known_or_a":"0"},"geometry":{"type":"MultiLineString","coordinates":[[[23.9705,32.05],[23.9213,31.8481],[23.9794,31.593],[24.0708,31.3817],[24.0793,31.2884],[24.2316,30.9772],[24.3325,30.6622],[24.4762,30.3366],[24.5647,30.0254],[24.5619,29.9169],[24.5133,29.7522],[24.5343,29.698],[24.6285,29.5714]]]}},{"type":"Feature","properties":{"Major_or_M":"1","Known_or_a":"0"},"geometry":{"type":"MultiLineString","coordinates":[[[25.0189,31.6082],[25.076,31.579],[25.1635,31.5657],[25.1511,31.5267],[25.1826,31.5057],[25.3472,31.4591],[26.4282,31.3915],[26.6632,31.3896]]]}},{"type":"Feature","properties":{"Major_or_M":"1","Known_or_a":"0"},"geometry":{"type":"MultiLineString","coordinates":[[[25.4405,31.4553],[25.9175,31.6095],[26.3116,31.5057],[26.628,31.3963]]]}},{"type":"Feature","properties":{"Major_or_M":"1","Known_or_a":"1"},"geometry":{"type":"MultiLineString","coordinates":[[[26.628,31.3963],[26.6899,31.3839]]]}},{"type":"Feature","properties":{"Major_or_M":"1","Known_or_a":"0"},"geometry":{"type":"MultiLineString","coordinates":[[[26.6899,31.3839],[26.9569,31.3487],[27.152,31.3439],[27.2196,31.3563],[27.3488,31.224],[27.5487,31.1364],[27.9182,31.066],[28.0429,31.0527],[28.3056,31.0574],[28.4683,31.0279],[28.7272,30.9603],[28.929,30.8528],[29.0165,30.8176],[29.0841,30.81],[29.3249,30.8499],[29.4011,30.8813],[29.4582,30.9251],[29.6728,31.0346],[29.8927,31.185]]]}},{"type":"Feature","properties":{"Major_or_M":"1","Known_or_a":"0"},"geometry":{"type":"MultiLineString","coordinates":[[[28.6246,30.9822],[28.9036,30.8014],[28.9635,30.7833],[29.1006,30.7776],[29.4337,30.8442],[29.5814,30.8985],[29.8041,31.046]]]}},{"type":"Feature","properties":{"Major_or_M":"0","Known_or_a":"0"},"geometry":{"type":"MultiLineString","coordinates":[[[28.9291,30.7937],[28.8438,30.6929],[28.6687,30.5463],[28.5335,30.4036]]]}},{"type":"Feature","properties":{"Major_or_M":"0","Known_or_a":"0"},"geometry":{"type":"MultiLineString","coordinates":[[[26.5114,29.6496],[26.9182,29.8994],[26.9682,29.9601],[27.0232,30.0679],[27.1282,30.1642],[27.2138,30.1957],[27.2877,30.4284],[27.2906,30.5404],[27.2527,30.7546],[27.2884,31.0722],[27.3377,31.1815],[27.3402,31.2325]]]}},{"type":"Feature","properties":{"Major_or_M":"0","Known_or_a":"0"},"geometry":{"type":"MultiLineString","coordinates":[[[27.2138,30.1957],[27.2584,30.2199],[27.3163,30.2149],[27.4141,30.2556],[27.5247,30.2727],[27.5654,30.3092],[27.6475,30.3099],[27.7596,30.3756],[27.8051,30.3684],[27.8622,30.3834],[27.925,30.3691],[28.0121,30.4034],[28.1689,30.3648],[28.2967,30.3962],[28.4487,30.387],[28.8026,30.4355],[28.9861,30.4398],[29.175,30.417],[29.4134,30.3548]]]}},{"type":"Feature","properties":{"Major_or_M":"1","Known_or_a":"0"},"geometry":{"type":"MultiLineString","coordinates":[[[27.2196,31.3563],[27.0787,31.204],[26.8407,31.0413],[26.7922,30.9727],[26.7789,30.9004],[26.7903,30.8481],[26.7627,30.691],[26.6875,30.5435],[26.6351,30.2884],[26.6456,30.2446],[26.5971,30.0257],[26.6189,29.862],[26.4628,29.5717],[26.3876,29.4889],[26.2867,29.4194],[25.9914,29.4356],[25.7659,29.2748],[25.6964,29.2595],[25.5674,29.2633],[25.5455,29.2529],[25.5322,29.2167]]]}},{"type":"Feature","properties":{"Major_or_M":"0","Known_or_a":"0"},"geometry":{"type":"MultiLineString","coordinates":[[[24.2939,29.6193],[24.5907,29.5681],[24.8905,29.5674],[24.9413,29.5539]]]}},{"type":"Feature","properties":{"Major_or_M":"0","Known_or_a":"0"},"geometry":{"type":"MultiLineString","coordinates":[[[24.1511,29.5803],[24.2939,29.6193],[24.4117,29.7073],[24.4988,29.7409],[24.7022,29.7687],[24.7758,29.7573],[24.8251,29.7866],[24.8658,29.7844],[24.9413,29.5539],[25.0122,29.4825],[25.2026,29.3347],[25.2719,29.3111],[25.3982,29.2262],[25.4403,29.2533],[25.5322,29.2167],[25.5074,29.3176],[25.516,29.4047],[25.5731,29.5117],[25.7155,29.6759],[25.7648,29.7859],[26.3119,30.2684],[26.4086,30.3748],[26.46,30.4454],[26.6007,30.7702],[26.6628,30.8166],[26.7902,30.9663]]]}},{"type":"Feature","properties":{"Major_or_M":"0","Known_or_a":"0"},"geometry":{"type":"MultiLineString","coordinates":[[[25.645,29.2638],[25.8096,29.1299],[25.9505,29.128],[26.0561,29.108],[26.2417,29.0375],[26.3074,28.9424],[26.3721,28.9186],[26.3845,28.8995],[26.4285,28.6959],[26.4456,28.6844],[26.5731,28.6959],[26.6416,28.6816],[26.7149,28.7282],[26.7644,28.7035],[26.8748,28.6949],[27.6863,28.694],[27.7187,28.6825],[27.8129,28.5693],[28.0767,28.4722],[28.1185,28.4712],[28.2937,28.5236],[28.3641,28.5264],[28.5886,28.4627],[28.8656,28.3475],[28.9358,28.3342],[29.149,28.3532],[29.2728,28.3437]]]}},{"type":"Feature","properties":{"Major_or_M":"0","Known_or_a":"0"},"geometry":{"type":"MultiLineString","coordinates":[[[28.8656,28.3475],[28.9986,28.4579],[29.2937,28.5855]]]}},{"type":"Feature","properties":{"Major_or_M":"0","Known_or_a":"0"},"geometry":{"type":"MultiLineString","coordinates":[[[26.404,28.7919],[26.515,28.7501],[26.6377,28.7587],[26.7139,28.7444],[26.7321,28.7254]]]}},{"type":"Feature","properties":{"Major_or_M":"1","Known_or_a":"1"},"geometry":{"type":"MultiLineString","coordinates":[[[5.9079,43.4245],[5.8254,43.4445],[5.733,43.4916],[5.4746,43.5262],[5.3386,43.5805],[5.0238,43.6476]]]}},{"type":"Feature","properties":{"Major_or_M":"1","Known_or_a":"1"},"geometry":{"type":"MultiLineString","coordinates":[[[8.8548,44.8851],[8.8653,44.7743],[8.842,44.7343],[8.8667,44.7081],[8.8273,44.66],[8.8824,44.5806],[8.8967,44.4711],[8.8753,44.4468]]]}},{"type":"Feature","properties":{"Major_or_M":"0","Known_or_a":"1"},"geometry":{"type":"MultiLineString","coordinates":[[[7.8804,45.4776],[7.888,45.2049]]]}},{"type":"Feature","properties":{"Major_or_M":"0","Known_or_a":"0"},"geometry":{"type":"MultiLineString","coordinates":[[[7.8799,45.4767],[7.7581,45.4267],[7.7162,45.3872],[7.7372,45.3553],[7.7277,45.3339],[7.7419,45.2597],[7.6991,45.1083]]]}},{"type":"Feature","properties":{"Major_or_M":"1","Known_or_a":"0"},"geometry":{"type":"MultiLineString","coordinates":[[[8.4771,44.3143],[8.4576,44.3286],[8.2331,44.3688],[8.174,44.3664],[8.1126,44.3888],[8.0403,44.3793],[8.0094,44.4164],[7.8857,44.4516],[7.8342,44.5553],[7.8576,44.5982],[7.8557,44.6524],[7.8958,44.6829]]]}},{"type":"Feature","properties":{"Major_or_M":"1","Known_or_a":"0"},"geometry":{"type":"MultiLineString","coordinates":[[[7.4849,44.5173],[7.5002,44.6443],[7.4564,44.711],[7.3788,44.7828],[7.3484,44.8623],[7.355,44.9175],[7.3674,44.9418],[7.4364,44.9832],[7.6886,45.0745]],[[7.4849,44.5163],[7.4588,44.4487],[7.4783,44.3183],[7.5111,44.2822]]]}},{"type":"Feature","properties":{"Major_or_M":"0","Known_or_a":"0"},"geometry":{"type":"MultiLineString","coordinates":[[[8.4172,45.331],[8.2921,45.2002]]]}},{"type":"Feature","properties":{"Major_or_M":"1","Known_or_a":"0"},"geometry":{"type":"MultiLineString","coordinates":[[[7.8958,44.6829],[7.8072,44.7433],[7.6688,44.9175]],[[7.6887,45.0741],[7.6659,45.0265],[7.6692,44.917]]]}},{"type":"Feature","properties":{"Major_or_M":"0","Known_or_a":"0"},"geometry":{"type":"MultiLineString","coordinates":[[[31.2953,30.1256],[31.2287,30.0223],[31.3153,29.8486],[31.3039,29.7715],[31.3205,29.6349],[31.291,29.5807],[31.3006,29.544],[31.2653,29.4626],[31.2787,29.4369],[31.2591,29.4098],[31.2639,29.3313],[31.2225,29.2961],[31.2292,29.2323],[31.1616,29.1091],[31.1192,29.051],[31.0669,29.022],[31.0264,28.9401],[30.9244,28.8383],[30.9225,28.7778],[30.8582,28.5918],[30.8706,28.5337],[30.8535,28.449],[30.8344,28.4124],[30.7864,28.3781],[30.7459,28.2996],[30.7778,28.1011]]]}},{"type":"Feature","properties":{"Major_or_M":"1","Known_or_a":"1"},"geometry":{"type":"MultiLineString","coordinates":[[[30.8805,27.8066],[30.9658,27.8637],[31.0964,27.8615],[31.1589,27.8808],[31.3138,27.8883],[31.4554,27.9775],[31.5268,28.0482],[31.7072,28.1413],[31.898,28.2788],[32.1856,28.3195],[32.3613,28.2149],[32.4263,28.1995],[32.4635,28.1724],[32.6159,28.2716],[32.7069,28.2888],[32.9515,28.1806],[33.0969,28.1028],[33.144,28.0618],[33.31,27.8758],[33.5474,27.5414]]]}},{"type":"Feature","properties":{"Major_or_M":"1","Known_or_a":"0"},"geometry":{"type":"MultiLineString","coordinates":[[[33.5474,27.5414],[33.5975,27.4379]]]}},{"type":"Feature","properties":{"Major_or_M":"1","Known_or_a":"1"},"geometry":{"type":"MultiLineString","coordinates":[[[33.5975,27.4379],[33.6514,27.3633],[33.6439,27.3276],[33.7431,26.9264],[33.8298,26.8675],[33.924,26.7626]]]}},{"type":"Feature","properties":{"Major_or_M":"1","Known_or_a":"0"},"geometry":{"type":"MultiLineString","coordinates":[[[33.924,26.7626],[33.9255,26.6737],[33.9448,26.6462]]]}},{"type":"Feature","properties":{"Major_or_M":"1","Known_or_a":"1"},"geometry":{"type":"MultiLineString","coordinates":[[[33.9448,26.6462],[34.0123,26.6073]]]}},{"type":"Feature","properties":{"Major_or_M":"1","Known_or_a":"0"},"geometry":{"type":"MultiLineString","coordinates":[[[34.0123,26.6073],[34.0973,26.4096]]]}},{"type":"Feature","properties":{"Major_or_M":"1","Known_or_a":"1"},"geometry":{"type":"MultiLineString","coordinates":[[[34.0973,26.4096],[34.1236,26.3464]]]}},{"type":"Feature","properties":{"Major_or_M":"1","Known_or_a":"0"},"geometry":{"type":"MultiLineString","coordinates":[[[34.1236,26.3464],[34.1718,26.3189],[34.2061,26.209]]]}},{"type":"Feature","properties":{"Major_or_M":"1","Known_or_a":"1"},"geometry":{"type":"MultiLineString","coordinates":[[[31.3156,27.8928],[31.5074,27.887],[31.5716,27.9482]]]}},{"type":"Feature","properties":{"Major_or_M":"1","Known_or_a":"0"},"geometry":{"type":"MultiLineString","coordinates":[[[31.5716,27.9482],[31.5999,27.992]]]}},{"type":"Feature","properties":{"Major_or_M":"0","Known_or_a":"1"},"geometry":{"type":"MultiLineString","coordinates":[[[31.4119,27.8888],[31.4574,27.9796]]]}},{"type":"Feature","properties":{"Major_or_M":"0","Known_or_a":"0"},"geometry":{"type":"MultiLineString","coordinates":[[[30.9812,27.3037],[30.9173,27.2673],[30.9202,27.2277],[30.8674,27.1981],[30.726,27.0625],[30.5075,26.7773],[30.4665,26.677],[30.3947,26.5656],[30.3066,26.4868],[30.2473,26.4086],[30.0986,26.2826],[30.0611,26.1256],[30.0282,26.072],[29.984,26.0477],[29.9794,26.0174]]]}},{"type":"Feature","properties":{"Major_or_M":"0","Known_or_a":"0"},"geometry":{"type":"MultiLineString","coordinates":[[[31.1747,27.1774],[31.0508,27.1596],[31.0523,27.1235],[31.0151,27.0204],[30.8476,26.6542],[30.819,26.5599],[30.8187,26.445],[30.7534,26.3197],[30.712,26.0895],[30.7527,26.0006]]]}},{"type":"Feature","properties":{"Major_or_M":"0","Known_or_a":"0"},"geometry":{"type":"MultiLineString","coordinates":[[[5.0282,44.3097],[5.1065,44.3514]]]}},{"type":"Feature","properties":{"Major_or_M":"0","Known_or_a":"0"},"geometry":{"type":"MultiLineString","coordinates":[[[5.1065,44.3514],[5.1925,44.3859],[5.244,44.4261],[5.3262,44.4338],[5.3556,44.5406],[5.3869,44.5903],[5.4178,44.6078]]]}},{"type":"Feature","properties":{"Major_or_M":"0","Known_or_a":"0"},"geometry":{"type":"MultiLineString","coordinates":[[[5.7271,44.4981],[5.742,44.529],[5.7025,44.56],[5.6665,44.6179],[5.6501,44.7518],[5.6153,44.786],[5.6213,44.8038],[5.5808,44.8327],[5.5942,44.883]]]}},{"type":"Feature","properties":{"Major_or_M":"0","Known_or_a":"0"},"geometry":{"type":"MultiLineString","coordinates":[[[5.7105,45.1996],[5.7038,45.1331],[5.727,45.0954],[5.6873,44.9963],[5.6787,44.8928],[5.7093,44.8791],[5.7694,44.8874],[5.9288,44.7943],[5.9725,44.7105],[6.1401,44.5555]]]}},{"type":"Feature","properties":{"Major_or_M":"0","Known_or_a":"0"},"geometry":{"type":"MultiLineString","coordinates":[[[5.9865,44.4291],[5.9862,44.4728],[6.0061,44.515],[6.0745,44.6141]]]}},{"type":"Feature","properties":{"Major_or_M":"0","Known_or_a":"1"},"geometry":{"type":"MultiLineString","coordinates":[[[5.7172,44.446],[5.6851,44.4332],[5.6794,44.4145],[5.7948,44.2854]]]}},{"type":"Feature","properties":{"Major_or_M":"0","Known_or_a":"0"},"geometry":{"type":"MultiLineString","coordinates":[[[5.9246,44.2169],[5.8598,44.2635],[5.7945,44.2856]]]}},{"type":"Feature","properties":{"Major_or_M":"1","Known_or_a":"0"},"geometry":{"type":"MultiLineString","coordinates":[[[6.5933,44.8871],[6.5248,44.8282],[6.5037,44.7718],[6.5394,44.693],[6.5314,44.6451],[6.4857,44.6087],[6.4414,44.5406],[6.3094,44.5084],[6.1002,44.562],[5.9863,44.5438],[5.8527,44.5484],[5.7851,44.5243]]]}},{"type":"Feature","properties":{"Major_or_M":"0","Known_or_a":"0"},"geometry":{"type":"MultiLineString","coordinates":[[[6.2316,44.0997],[6.2405,44.1737],[6.2649,44.224],[6.3241,44.2698],[6.2762,44.3424],[6.2179,44.386],[6.1865,44.4495]]]}},{"type":"Feature","properties":{"Major_or_M":"0","Known_or_a":"0"},"geometry":{"type":"MultiLineString","coordinates":[[[6.5616,44.325],[6.5838,44.3628]]]}},{"type":"Feature","properties":{"Major_or_M":"1","Known_or_a":"0"},"geometry":{"type":"MultiLineString","coordinates":[[[7.4842,44.3385],[7.4226,44.3455],[7.3554,44.3176],[7.2478,44.3244],[7.1385,44.2804],[7.0553,44.2739],[6.7251,44.4517],[6.6897,44.4482],[6.6462,44.3833],[6.551,44.3625],[6.4078,44.3818],[6.3487,44.4315],[6.2574,44.4586],[6.1721,44.4446],[6.031,44.4624],[5.9621,44.4064],[5.9018,44.3853],[5.8557,44.3243],[5.853,44.2757],[5.9321,44.2101]]]}},{"type":"Feature","properties":{"Major_or_M":"0","Known_or_a":"0"},"geometry":{"type":"MultiLineString","coordinates":[[[6.5189,45.4805],[6.4643,45.4117],[6.4975,45.3221],[6.4345,45.2342],[6.4297,45.1949],[6.4065,45.1929],[6.389,45.1619],[6.3964,45.0831],[6.3497,45.045],[6.3821,45.0355]]]}},{"type":"Feature","properties":{"Major_or_M":"0","Known_or_a":"0"},"geometry":{"type":"MultiLineString","coordinates":[[[6.8688,45.2791],[6.7899,45.2717],[6.7378,45.2193],[6.6151,45.1887],[6.48,45.2116],[6.3863,45.2568],[6.3307,45.2619],[6.3287,45.2993],[6.2901,45.3582],[6.2746,45.4216],[6.1848,45.4659],[6.0734,45.4701],[6.0365,45.5022]]]}},{"type":"Feature","properties":{"Major_or_M":"0","Known_or_a":"1"},"geometry":{"type":"MultiLineString","coordinates":[[[6.7867,45.0346],[6.7204,45.0385],[6.5708,45.0989],[6.6092,45.1518],[6.616,45.189]]]}},{"type":"Feature","properties":{"Major_or_M":"0","Known_or_a":"1"},"geometry":{"type":"MultiLineString","coordinates":[[[6.9105,45.0953],[7.0146,45.1298]]]}},{"type":"Feature","properties":{"Major_or_M":"0","Known_or_a":"1"},"geometry":{"type":"MultiLineString","coordinates":[[[7.0144,45.1297],[6.9373,45.1292],[6.8319,45.1917],[6.8705,45.2306],[6.8688,45.2791],[6.9736,45.3258],[7.0203,45.2979],[7.0515,45.3002]]]}},{"type":"Feature","properties":{"Major_or_M":"0","Known_or_a":"1"},"geometry":{"type":"MultiLineString","coordinates":[[[6.7209,45.2119],[6.8319,45.1917]]]}},{"type":"Feature","properties":{"Major_or_M":"0","Known_or_a":"0"},"geometry":{"type":"MultiLineString","coordinates":[[[5.3432,44.7522],[5.3801,44.7769],[5.3857,44.8003],[5.4932,44.8484]]]}},{"type":"Feature","properties":{"Major_or_M":"0","Known_or_a":"0"},"geometry":{"type":"MultiLineString","coordinates":[[[5.035,45.8589],[5.0618,45.9713],[5.0115,46.0366],[5.0011,46.0834]]]}},{"type":"Feature","properties":{"Major_or_M":"0","Known_or_a":"0"},"geometry":{"type":"MultiLineString","coordinates":[[[5.6352,45.8246],[5.5535,45.8574],[5.4947,45.9463],[5.458,45.9599],[5.3941,45.9331],[5.3684,45.9659]]]}},{"type":"Feature","properties":{"Major_or_M":"0","Known_or_a":"1"},"geometry":{"type":"MultiLineString","coordinates":[[[5.6873,45.7603],[5.6356,45.8282],[5.6616,45.8795],[5.6698,46.0088]]]}},{"type":"Feature","properties":{"Major_or_M":"0","Known_or_a":"1"},"geometry":{"type":"MultiLineString","coordinates":[[[5.6907,45.7557],[5.7399,45.7568],[5.7607,45.7771],[5.8128,45.9313],[5.7774,46.0334],[5.7789,46.0873],[5.8049,46.1383]]]}},{"type":"Feature","properties":{"Major_or_M":"0","Known_or_a":"1"},"geometry":{"type":"MultiLineString","coordinates":[[[5.8006,45.9691],[5.8263,45.9533],[5.8117,45.9297]]]}},{"type":"Feature","properties":{"Major_or_M":"0","Known_or_a":"1"},"geometry":{"type":"MultiLineString","coordinates":[[[5.9049,46.0075],[5.8938,46.0518],[5.8617,46.0875],[5.8684,46.1139],[5.9024,46.1385]]]}},{"type":"Feature","properties":{"Major_or_M":"0","Known_or_a":"0"},"geometry":{"type":"MultiLineString","coordinates":[[[5.3705,46.0111],[5.403,46.0596],[5.5422,46.1396]]]}},{"type":"Feature","properties":{"Major_or_M":"0","Known_or_a":"1"},"geometry":{"type":"MultiLineString","coordinates":[[[6.1326,45.9343],[6.159,45.9554],[6.1629,45.9975],[6.2132,46.0564],[6.2304,46.1353]]]}},{"type":"Feature","properties":{"Major_or_M":"0","Known_or_a":"0"},"geometry":{"type":"MultiLineString","coordinates":[[[6.7638,45.6142],[6.727,45.6463],[6.7042,45.7266],[6.7242,45.858],[6.7088,45.8812],[6.6335,45.9176],[6.6224,45.9326],[6.6471,45.9443]]]}},{"type":"Feature","properties":{"Major_or_M":"0","Known_or_a":"0"},"geometry":{"type":"MultiLineString","coordinates":[[[6.6988,45.9201],[6.7588,45.9226],[6.7895,45.8869],[6.8184,45.8965],[6.8434,45.9161],[6.8935,46.0154],[7.0577,46.1428]]]}},{"type":"Feature","properties":{"Major_or_M":"0","Known_or_a":"0"},"geometry":{"type":"MultiLineString","coordinates":[[[6.2898,45.7477],[6.303,45.7273],[6.3005,45.6627],[6.3605,45.6677]]]}},{"type":"Feature","properties":{"Major_or_M":"1","Known_or_a":"0"},"geometry":{"type":"MultiLineString","coordinates":[[[6.593,44.8868],[6.7534,44.9392],[6.7916,45.0053],[6.7866,45.0353],[6.8969,45.0924],[7.0145,45.1295]],[[6.267,45.027],[6.3815,45.0356],[6.5933,44.8871],[6.5471,44.9238]]]}},{"type":"Feature","properties":{"Major_or_M":"1","Known_or_a":"1"},"geometry":{"type":"MultiLineString","coordinates":[[[7.5141,45.0803],[7.3401,45.1228],[7.0144,45.1297]],[[7.6886,45.0745],[7.7091,45.1169],[7.8966,45.2068],[7.9889,45.1945],[8.6123,45.1992]],[[7.5141,45.0802],[7.6887,45.0741]]]}},{"type":"Feature","properties":{"Major_or_M":"0","Known_or_a":"0"},"geometry":{"type":"MultiLineString","coordinates":[[[5.4403,43.5348],[5.3104,43.5559],[5.1999,43.5409]]]}},{"type":"Feature","properties":{"Major_or_M":"0","Known_or_a":"0"},"geometry":{"type":"MultiLineString","coordinates":[[[5.1835,43.4024],[5.3237,43.4142],[5.353,43.3856],[5.3639,43.3057]],[[5.0321,43.4199],[5.0575,43.4059],[5.1824,43.4024]]]}},{"type":"Feature","properties":{"Major_or_M":"0","Known_or_a":"0"},"geometry":{"type":"MultiLineString","coordinates":[[[5.0156,43.5791],[5.0677,43.5369],[5.1999,43.5409],[5.2449,43.442],[5.3477,43.3949],[5.3639,43.3057]]]}},{"type":"Feature","properties":{"Major_or_M":"1","Known_or_a":"0"},"geometry":{"type":"MultiLineString","coordinates":[[[6.084,43.826],[5.9701,43.7807],[5.8736,43.7657],[5.671,43.6929],[5.635,43.6665],[5.5252,43.6429],[5.4413,43.5352]]]}},{"type":"Feature","properties":{"Major_or_M":"1","Known_or_a":"1"},"geometry":{"type":"MultiLineString","coordinates":[[[5.5758,43.8628],[5.4849,43.8603],[5.4403,43.8835],[5.3685,43.8917],[5.306,43.8588],[5.1094,43.8785],[5.0395,43.8596],[5.0342,43.8299]]]}},{"type":"Feature","properties":{"Major_or_M":"1","Known_or_a":"0"},"geometry":{"type":"MultiLineString","coordinates":[[[5.9067,43.4241],[6.0048,43.4126],[6.2506,43.4207],[6.3496,43.4031],[6.5744,43.4812],[6.7265,43.4417],[6.864,43.4545],[6.9513,43.5492],[7.1207,43.5849],[7.115,43.6016],[7.1455,43.6639],[7.2704,43.7096]]]}},{"type":"Feature","properties":{"Major_or_M":"1","Known_or_a":"1"},"geometry":{"type":"MultiLineString","coordinates":[[[6.7403,43.445],[6.814,43.5159],[6.9206,43.5216]]]}},{"type":"Feature","properties":{"Major_or_M":"0","Known_or_a":"0"},"geometry":{"type":"MultiLineString","coordinates":[[[6.7046,43.4479],[6.6518,43.3684]]]}},{"type":"Feature","properties":{"Major_or_M":"0","Known_or_a":"0"},"geometry":{"type":"MultiLineString","coordinates":[[[6.2316,44.0997],[6.2877,44.058],[6.2934,44.007],[6.3167,43.9742],[6.3462,43.9671],[6.4447,43.879],[6.5064,43.8547]]]}},{"type":"Feature","properties":{"Major_or_M":"0","Known_or_a":"1"},"geometry":{"type":"MultiLineString","coordinates":[[[6.5059,43.8545],[6.6208,43.8095],[6.6524,43.7756],[6.8951,43.7988],[7.0244,43.789],[7.0691,43.7746],[7.1076,43.7282]]]}},{"type":"Feature","properties":{"Major_or_M":"0","Known_or_a":"0"},"geometry":{"type":"MultiLineString","coordinates":[[[6.7288,43.7881],[6.7514,43.8688]]]}},{"type":"Feature","properties":{"Major_or_M":"0","Known_or_a":"0"},"geometry":{"type":"MultiLineString","coordinates":[[[6.7514,43.8688],[6.8892,43.8695],[6.9338,43.8391],[6.896,43.8163],[6.9046,43.8063],[7.0491,43.7835],[7.1076,43.7282]]]}},{"type":"Feature","properties":{"Major_or_M":"0","Known_or_a":"0"},"geometry":{"type":"MultiLineString","coordinates":[[[7.1076,43.7282],[7.1919,43.7446],[7.27,43.7289]]]}},{"type":"Feature","properties":{"Major_or_M":"1","Known_or_a":"1"},"geometry":{"type":"MultiLineString","coordinates":[[[7.2715,43.706],[7.2875,43.7499],[7.4178,43.756],[7.5768,43.8024],[7.6619,43.792],[7.7747,43.8267],[7.9455,43.8524],[8.0678,43.898],[8.1677,43.9616],[8.1634,44.0005],[8.2196,44.0501],[8.2368,44.109],[8.2803,44.1561],[8.4111,44.1957],[8.4176,44.2321],[8.4515,44.2578],[8.434,44.2785],[8.4774,44.3149]]]}},{"type":"Feature","properties":{"Major_or_M":"1","Known_or_a":"0"},"geometry":{"type":"MultiLineString","coordinates":[[[6.7301,43.4424],[6.6772,43.4645],[6.5269,43.4836],[6.4089,43.5825],[6.2354,43.672],[6.1717,43.7334],[6.1479,43.7339],[6.1403,43.7567],[6.0841,43.7891],[6.0846,43.8262]]]}},{"type":"Feature","properties":{"Major_or_M":"1","Known_or_a":"1"},"geometry":{"type":"MultiLineString","coordinates":[[[9.6997,45.0611],[9.4484,45.0635],[9.2731,45.0883],[9.2669,45.0692],[9.1931,45.0421],[8.9792,44.9926],[8.9364,44.9707],[8.8548,44.8846]]]}},{"type":"Feature","properties":{"Major_or_M":"1","Known_or_a":"0"},"geometry":{"type":"MultiLineString","coordinates":[[[8.4771,44.3143],[8.2968,44.3574]],[[8.2967,44.3576],[8.2758,44.4086],[8.3162,44.4519],[8.2915,44.4614],[8.3086,44.5104],[8.2986,44.5252],[8.3519,44.5618],[8.3648,44.6655],[8.5142,44.6922],[8.5433,44.7398],[8.5937,44.7798],[8.8552,44.8849]]]}},{"type":"Feature","properties":{"Major_or_M":"1","Known_or_a":"1"},"geometry":{"type":"MultiLineString","coordinates":[[[8.4773,44.3143],[8.7005,44.4214],[8.7596,44.4366],[8.8314,44.429],[8.8761,44.4457],[8.9644,44.3991],[9.1196,44.3757],[9.1633,44.3548],[9.2421,44.3572],[9.3516,44.3153]]]}},{"type":"Feature","properties":{"Major_or_M":"1","Known_or_a":"0"},"geometry":{"type":"MultiLineString","coordinates":[[[11.1802,42.5607],[11.1511,42.6364],[11.1026,42.6897],[11.0569,42.7172],[10.8385,42.7867],[10.783,42.9133],[10.5706,43.0513],[10.5449,43.1051],[10.5439,43.2417],[10.5125,43.3021],[10.4554,43.353],[10.4887,43.4101],[10.3964,43.7219],[10.3992,43.7928],[10.3359,43.8623],[10.2055,43.9627],[10.0257,44.0626],[9.9395,44.1268],[9.9153,44.1735],[9.8539,44.1977],[9.7768,44.1973],[9.7537,44.2225],[9.6694,44.233],[9.6471,44.2506],[9.5828,44.2468],[9.398,44.2801],[9.3951,44.3039],[9.3508,44.3148]]]}},{"type":"Feature","properties":{"Major_or_M":"0","Known_or_a":"0"},"geometry":{"type":"MultiLineString","coordinates":[[[9.7249,44.7921],[9.7244,44.8331],[9.7558,44.8968],[9.7316,44.9525]]]}},{"type":"Feature","properties":{"Major_or_M":"0","Known_or_a":"1"},"geometry":{"type":"MultiLineString","coordinates":[[[9.7311,44.9535],[9.6992,45.0615],[9.5826,44.8935],[9.5079,44.8302],[9.408,44.8002],[9.3813,44.775]]]}},{"type":"Feature","properties":{"Major_or_M":"1","Known_or_a":"0"},"geometry":{"type":"MultiLineString","coordinates":[[[9.4379,45.2994],[9.5226,45.2633],[9.6131,45.259],[9.7704,45.1893]]]}},{"type":"Feature","properties":{"Major_or_M":"0","Known_or_a":"0"},"geometry":{"type":"MultiLineString","coordinates":[[[9.1901,45.4698],[9.2124,45.3799],[9.2076,45.2723],[9.1434,45.1919]]]}},{"type":"Feature","properties":{"Major_or_M":"0","Known_or_a":"0"},"geometry":{"type":"MultiLineString","coordinates":[[[9.4177,45.3117],[9.7287,45.3799],[9.8196,45.3751],[9.9733,45.427],[10.1342,45.5231],[10.2368,45.5379]]]}},{"type":"Feature","properties":{"Major_or_M":"0","Known_or_a":"0"},"geometry":{"type":"MultiLineString","coordinates":[[[10.0259,45.1422],[10.2888,45.0801],[10.4896,44.9559],[10.5168,44.9216]]]}},{"type":"Feature","properties":{"Major_or_M":"0","Known_or_a":"0"},"geometry":{"type":"MultiLineString","coordinates":[[[33.6035,37.4433],[33.6255,37.4382]]]}},{"type":"Feature","properties":{},"geometry":{"type":"MultiLineString","coordinates":[[[32.5971,29.9089],[32.7246,29.9367],[32.7763,29.9289],[32.868,29.9531],[32.9041,29.9471],[33.0368,30.012],[33.171,29.9924],[33.2617,30.0274],[33.346,30.1116]]]}},{"type":"Feature","properties":{"Major_or_M":"0","Known_or_a":"0"},"geometry":{"type":"MultiLineString","coordinates":[[[33.171,29.9924],[33.463,29.9353],[33.7179,29.9203],[33.8702,29.8514],[33.9594,29.7847],[34.0997,29.7111],[34.1964,29.6847],[34.3566,29.6569],[34.4251,29.6912],[34.5026,29.6965],[34.8855,29.6051],[35.0043,29.517],[34.9547,29.3321],[34.9558,29.2329],[35.0311,29.1765],[35.1403,29.0287],[35.1735,28.9291],[35.3266,28.9041],[35.4737,28.8574]]]}},{"type":"Feature","properties":{"Major_or_M":"0","Known_or_a":"1"},"geometry":{"type":"MultiLineString","coordinates":[[[35.1774,28.9276],[35.1627,28.8717],[35.1317,28.8474],[35.1089,28.7964],[35.1092,28.7089],[35.0575,28.629],[35.0592,28.6011],[35.0375,28.5876],[35.0186,28.4616]]]}},{"type":"Feature","properties":{"Major_or_M":"0","Known_or_a":"0"},"geometry":{"type":"MultiLineString","coordinates":[[[35.0186,28.4616],[35.0443,28.3713],[35.0271,28.2642],[35.0553,28.211],[35.0642,28.1303],[35.1378,28.0779],[35.242,28.0754],[35.2638,28.059],[35.2527,28.0072],[35.3772,27.8855],[35.4422,27.7802],[35.4908,27.6556],[35.5606,27.6474]]]}},{"type":"Feature","properties":{"Major_or_M":"0","Known_or_a":"0"},"geometry":{"type":"MultiLineString","coordinates":[[[34.7448,28.3977],[34.7981,28.4405],[34.8633,28.4662],[34.9614,28.4848],[35.0186,28.4687]]]}},{"type":"Feature","properties":{"Major_or_M":"0","Known_or_a":"1"},"geometry":{"type":"MultiLineString","coordinates":[[[34.9966,29.5338],[35.0344,29.6166]]]}},{"type":"Feature","properties":{"Major_or_M":"0","Known_or_a":"0"},"geometry":{"type":"MultiLineString","coordinates":[[[35.0344,29.6166],[35.0515,29.7832],[35.0372,29.8403],[35.0758,29.9617]]]}},{"type":"Feature","properties":{"Major_or_M":"0","Known_or_a":"1"},"geometry":{"type":"MultiLineString","coordinates":[[[35.0758,29.9617],[35.1262,30.0616]]]}},{"type":"Feature","properties":{"Major_or_M":"0","Known_or_a":"0"},"geometry":{"type":"MultiLineString","coordinates":[[[35.1229,30.0566],[35.1609,30.1502],[35.1329,30.284],[35.1594,30.5568],[35.1951,30.7281],[35.2675,30.8622],[35.2696,31.0112]]]}},{"type":"Feature","properties":{"Major_or_M":"1","Known_or_a":"0"},"geometry":{"type":"MultiLineString","coordinates":[[[10.9311,34.9761],[11.0079,35.0327],[11.0251,35.1217],[11.0907,35.2097],[11.1245,35.2369],[11.1626,35.2388],[11.0727,35.2973],[11.0336,35.353],[11.047,35.4839],[11.0874,35.5157],[11.0474,35.5167],[11.0332,35.5424],[11.0265,35.5847],[11.0439,35.6264],[10.8719,35.6797]]]}},{"type":"Feature","properties":{"Major_or_M":"1","Known_or_a":"1"},"geometry":{"type":"MultiLineString","coordinates":[[[10.8202,35.7128],[10.7998,35.762]]]}},{"type":"Feature","properties":{"Major_or_M":"0","Known_or_a":"0"},"geometry":{"type":"MultiLineString","coordinates":[[[10.7629,35.4448],[11.0284,35.5548]]]}},{"type":"Feature","properties":{"Major_or_M":"0","Known_or_a":"0"},"geometry":{"type":"MultiLineString","coordinates":[[[8.8201,34.4607],[8.9533,34.5416],[9.1613,34.7286],[9.5006,34.9956],[9.6805,35.0489],[9.7766,35.126],[10.1925,35.589],[10.2782,35.6652],[10.2102,35.8155]]]}},{"type":"Feature","properties":{"Major_or_M":"0","Known_or_a":"0"},"geometry":{"type":"MultiLineString","coordinates":[[[9.2189,35.8646],[9.2079,35.8255]]]}},{"type":"Feature","properties":{"Major_or_M":"0","Known_or_a":"0"},"geometry":{"type":"MultiLineString","coordinates":[[[9.2193,35.8646],[9.3626,35.8203],[9.5187,35.8689],[9.4863,35.8865],[9.3716,35.9017],[9.3264,35.9517]]]}},{"type":"Feature","properties":{"Major_or_M":"0","Known_or_a":"0"},"geometry":{"type":"MultiLineString","coordinates":[[[9.5187,35.8693],[9.6267,35.9093],[9.6343,35.9479],[9.6576,35.9716],[9.7243,35.994],[9.9755,35.8227],[10.2782,35.6656],[10.2815,35.6347],[10.2073,35.4891],[10.0845,35.1041],[10.0788,35.0122],[10.1055,34.9799]]]}},{"type":"Feature","properties":{"Major_or_M":"0","Known_or_a":"0"},"geometry":{"type":"MultiLineString","coordinates":[[[10.0769,34.2737],[10.1102,34.633],[10.0788,35.0122]]]}},{"type":"Feature","properties":{"Major_or_M":"0","Known_or_a":"0"},"geometry":{"type":"MultiLineString","coordinates":[[[10.1945,34.4231],[10.1702,34.622]]]}},{"type":"Feature","properties":{"Major_or_M":"0","Known_or_a":"0"},"geometry":{"type":"MultiLineString","coordinates":[[[8.9343,34.5278],[9.4449,34.6139],[9.6953,34.6382],[10.1883,34.6472],[10.4153,34.6301]]]}},{"type":"Feature","properties":{"Major_or_M":"0","Known_or_a":"0"},"geometry":{"type":"MultiLineString","coordinates":[[[9.9137,34.7624],[10.1778,34.9808],[10.4224,35.1564],[10.7151,35.3044]]]}},{"type":"Feature","properties":{"Major_or_M":"0","Known_or_a":"0"},"geometry":{"type":"MultiLineString","coordinates":[[[10.3403,35.6727],[10.327,35.6366]]]}},{"type":"Feature","properties":{"Major_or_M":"0","Known_or_a":"0"},"geometry":{"type":"MultiLineString","coordinates":[[[9.201,35.6361],[9.2144,35.5742]]]}},{"type":"Feature","properties":{"Major_or_M":"1","Known_or_a":"0"},"geometry":{"type":"MultiLineString","coordinates":[[[10.6932,34.6605],[10.7532,34.7274],[10.6681,34.7997],[10.6186,34.8325],[10.3887,34.9139],[10.1536,34.9777],[9.9833,35.0453],[9.6459,35.1143],[9.5964,35.1476],[9.4893,35.1814],[9.1302,35.2578],[8.7435,35.4386],[8.6835,35.4486],[8.4955,35.4201]]]}},{"type":"Feature","properties":{"Major_or_M":"0","Known_or_a":"0"},"geometry":{"type":"MultiLineString","coordinates":[[[8.8145,34.5561],[9.0553,34.8259],[9.2794,35.0324],[9.337,35.0682]]]}},{"type":"Feature","properties":{"Major_or_M":"0","Known_or_a":"0"},"geometry":{"type":"MultiLineString","coordinates":[[[9.329,35.099],[9.4242,35.2837]]]}},{"type":"Feature","properties":{"Major_or_M":"1","Known_or_a":"0"},"geometry":{"type":"MultiLineString","coordinates":[[[10.7149,35.3039],[10.4538,35.4344],[9.9646,35.5024],[9.8609,35.5329],[9.7274,35.5985],[9.5722,35.4036],[9.3226,35.3246],[9.2955,35.298],[9.2146,35.2723],[9.0007,35.242],[8.8,35.1668],[8.7772,35.2118],[8.7008,35.291],[8.618,35.346],[8.1526,35.4089]]]}},{"type":"Feature","properties":{"Major_or_M":"0","Known_or_a":"0"},"geometry":{"type":"MultiLineString","coordinates":[[[10.1418,36.395],[10.2222,36.3317],[10.2722,36.1913],[10.3246,36.1347],[10.3864,36.0133],[10.6306,35.8453]]]}},{"type":"Feature","properties":{"Major_or_M":"0","Known_or_a":"0"},"geometry":{"type":"MultiLineString","coordinates":[[[8.6723,35.5798],[8.717,35.8934]]]}},{"type":"Feature","properties":{"Major_or_M":"0","Known_or_a":"0"},"geometry":{"type":"MultiLineString","coordinates":[[[8.2716,34.8062],[8.213,34.7315]]]}},{"type":"Feature","properties":{"Major_or_M":"0"},"geometry":{"type":"MultiLineString","coordinates":[[[8.5062,35.186],[8.8,35.1668]]]}},{"type":"Feature","properties":{"Major_or_M":"0","Known_or_a":"0"},"geometry":{"type":"MultiLineString","coordinates":[[[35.0593,29.89],[34.9431,29.9679],[34.8522,30.0012],[34.6818,29.9988]]]}},{"type":"Feature","properties":{"Major_or_M":"0","Known_or_a":"0"},"geometry":{"type":"MultiLineString","coordinates":[[[34.6877,29.9712],[34.6578,30.0559],[34.5649,30.2097],[34.5167,30.2582],[34.4143,30.3182],[34.365,30.4099],[34.3352,30.4331],[34.0995,30.5088],[34.022,30.4874],[33.9521,30.4999],[33.8996,30.4813]]]}},{"type":"Feature","properties":{"Major_or_M":"0","Known_or_a":"0"},"geometry":{"type":"MultiLineString","coordinates":[[[34.904,29.5951],[34.7144,29.5714],[34.593,29.491],[34.545,29.3345],[34.5488,29.2978],[34.5854,29.2588],[34.573,29.1769],[34.5388,29.1132],[34.5483,29.0656],[34.4293,28.9304]]]}},{"type":"Feature","properties":{"Major_or_M":"0","Known_or_a":"1"},"geometry":{"type":"MultiLineString","coordinates":[[[34.4293,28.9304],[34.3405,28.8371],[34.2815,28.8019],[34.1954,28.8229],[34.1578,28.7658],[34.1135,28.752],[34.0935,28.7044],[34.031,28.663],[33.9963,28.6159],[33.9767,28.5535],[34.0205,28.4612],[34.0196,28.4088],[33.9901,28.3594],[33.9339,28.3341],[33.8868,28.2618],[33.7145,28.2266],[33.6335,28.2409]]]}},{"type":"Feature","properties":{"Major_or_M":"1","Known_or_a":"1"},"geometry":{"type":"MultiLineString","coordinates":[[[35.0015,29.5302],[35.0249,29.566],[35.1372,29.5574],[35.2738,29.6959],[35.3109,29.8072],[35.3038,29.9258],[35.3399,30.0114],[35.4443,30.0376],[35.45,30.0809],[35.5246,30.1937]]]}},{"type":"Feature","properties":{"Major_or_M":"1","Known_or_a":"1"},"geometry":{"type":"MultiLineString","coordinates":[[[35.4514,30.0485],[35.4324,30.078],[35.4071,30.0833],[35.4347,30.1166],[35.4426,30.179],[35.4764,30.2123]]]}},{"type":"Feature","properties":{"Major_or_M":"0","Known_or_a":"0"},"geometry":{"type":"MultiLineString","coordinates":[[[33.7376,29.9099],[33.8466,30.0018],[33.8894,30.0815]]]}},{"type":"Feature","properties":{"Major_or_M":"0","Known_or_a":"1"},"geometry":{"type":"MultiLineString","coordinates":[[[32.5753,29.9526],[32.6046,29.8973],[32.7359,29.8298],[32.7957,29.7688],[32.8524,29.5836],[32.8185,29.4126],[32.9359,29.3451],[33.0461,29.1795],[33.0999,29.0589]]]}},{"type":"Feature","properties":{"Major_or_M":"0","Known_or_a":"0"},"geometry":{"type":"MultiLineString","coordinates":[[[33.0999,29.0589],[33.2208,28.9968],[33.2779,28.9176],[33.3817,28.8853],[33.4321,28.84]]]}},{"type":"Feature","properties":{"Major_or_M":"0","Known_or_a":"1"},"geometry":{"type":"MultiLineString","coordinates":[[[33.4321,28.84],[33.4572,28.8028],[33.6207,28.7086],[33.7037,28.6897],[33.7404,28.7093],[33.7836,28.7086],[33.8661,28.6786],[33.8899,28.6544],[33.9481,28.6444],[33.9925,28.6071]]]}},{"type":"Feature","properties":{"Major_or_M":"1","Known_or_a":"0"},"geometry":{"type":"MultiLineString","coordinates":[[[32.8449,26.0271],[32.7173,26.168],[32.7868,26.3355]]]}},{"type":"Feature","properties":{"Major_or_M":"1","Known_or_a":"1"},"geometry":{"type":"MultiLineString","coordinates":[[[32.7868,26.3355],[32.8125,26.4159],[32.7692,26.5863],[32.7663,26.6757],[32.8844,26.7324],[32.9519,26.8042],[33.0128,26.8418],[33.1284,27.0041],[33.2793,27.1183],[33.3539,27.204]]]}},{"type":"Feature","properties":{"Major_or_M":"0","Known_or_a":"1"},"geometry":{"type":"MultiLineString","coordinates":[[[33.3477,27.2002],[33.3539,27.2639],[33.2977,27.2854],[33.2972,27.2268],[33.3153,27.2092],[33.3529,27.213]]]}},{"type":"Feature","properties":{"Major_or_M":"0","Known_or_a":"0"},"geometry":{"type":"MultiLineString","coordinates":[[[33.3539,27.204],[33.3862,27.2264]]]}},{"type":"Feature","properties":{"Major_or_M":"0","Known_or_a":"1"},"geometry":{"type":"MultiLineString","coordinates":[[[33.3862,27.2264],[33.4694,27.2482],[33.5808,27.3034]]]}},{"type":"Feature","properties":{"Major_or_M":"0","Known_or_a":"0"},"geometry":{"type":"MultiLineString","coordinates":[[[33.5808,27.3034],[33.6171,27.3215],[33.6413,27.3748],[33.6809,27.3686]]]}},{"type":"Feature","properties":{"Major_or_M":"0","Known_or_a":"1"},"geometry":{"type":"MultiLineString","coordinates":[[[33.2542,27.0995],[33.2088,27.1493],[33.2455,27.1721]]]}},{"type":"Feature","properties":{"Major_or_M":"0","Known_or_a":"1"},"geometry":{"type":"MultiLineString","coordinates":[[[33.2364,27.086],[33.2726,27.0731],[33.2859,27.0503]]]}},{"type":"Feature","properties":{"Major_or_M":"0","Known_or_a":"1"},"geometry":{"type":"MultiLineString","coordinates":[[[33.0362,26.8656],[33.1425,26.8718],[33.2191,26.9527],[33.2643,26.9546]]]}},{"type":"Feature","properties":{"Major_or_M":"0","Known_or_a":"0"},"geometry":{"type":"MultiLineString","coordinates":[[[33.2343,26.9608],[33.1774,27.0507]]]}},{"type":"Feature","properties":{"Major_or_M":"0","Known_or_a":"0"},"geometry":{"type":"MultiLineString","coordinates":[[[33.2519,26.9608],[33.2858,26.9689],[33.3301,27.0098],[33.3482,27.0046],[33.4096,26.9284],[33.3972,26.8894],[33.4076,26.8409],[33.4681,26.8014]]]}},{"type":"Feature","properties":{"Major_or_M":"0","Known_or_a":"1"},"geometry":{"type":"MultiLineString","coordinates":[[[33.4681,26.8014],[33.5065,26.8433],[33.5132,26.8889],[33.5703,26.9494],[33.5908,26.9998]]]}},{"type":"Feature","properties":{"Major_or_M":"0","Known_or_a":"0"},"geometry":{"type":"MultiLineString","coordinates":[[[33.5908,26.9998],[33.6607,27.0184],[33.7039,27.0513]]]}},{"type":"Feature","properties":{"Major_or_M":"0","Known_or_a":"1"},"geometry":{"type":"MultiLineString","coordinates":[[[33.4681,26.8014],[33.5584,26.7338],[33.6265,26.7395],[33.5779,26.769]]]}},{"type":"Feature","properties":{"Major_or_M":"0","Known_or_a":"0"},"geometry":{"type":"MultiLineString","coordinates":[[[33.5779,26.769],[33.5399,26.7971],[33.4875,26.809]]]}},{"type":"Feature","properties":{"Major_or_M":"0","Known_or_a":"0"},"geometry":{"type":"MultiLineString","coordinates":[[[33.5689,26.7338],[33.5998,26.7105],[33.6131,26.6748],[33.5879,26.494],[33.5979,26.4692],[33.6322,26.453],[33.7145,26.3669],[33.7426,26.3769]]]}},{"type":"Feature","properties":{"Major_or_M":"0","Known_or_a":"0"},"geometry":{"type":"MultiLineString","coordinates":[[[33.6027,26.4616],[33.5432,26.4364],[33.5132,26.4026],[33.4356,26.3888]]]}},{"type":"Feature","properties":{"Major_or_M":"0","Known_or_a":"1"},"geometry":{"type":"MultiLineString","coordinates":[[[33.7426,26.3769],[33.7818,26.3797],[33.8941,26.3283],[33.9964,26.305]]]}},{"type":"Feature","properties":{"Major_or_M":"0","Known_or_a":"0"},"geometry":{"type":"MultiLineString","coordinates":[[[33.8701,26.347],[33.8546,26.4016],[33.8989,26.4478],[33.9031,26.503],[33.9503,26.5468],[33.9807,26.5463],[34.0248,26.5723]]]}},{"type":"Feature","properties":{"Major_or_M":"0","Known_or_a":"1"},"geometry":{"type":"MultiLineString","coordinates":[[[33.9964,26.305],[34.0507,26.3388],[34.1236,26.3464]]]}},{"type":"Feature","properties":{"Major_or_M":"0","Known_or_a":"0"},"geometry":{"type":"MultiLineString","coordinates":[[[25.2523,46.0059],[25.2756,46.1372],[25.367,46.1886],[25.3974,46.2448],[25.3717,46.2724]]]}},{"type":"Feature","properties":{"Major_or_M":"0","Known_or_a":"0"},"geometry":{"type":"MultiLineString","coordinates":[[[24.3471,45.2642],[24.4466,45.273],[24.5161,45.3025],[24.4,45.3882]],[[24.3175,45.3952],[24.4,45.3882],[24.4514,45.4224],[24.4019,45.4843],[24.3172,45.517]]]}},{"type":"Feature","properties":{"Major_or_M":"0","Known_or_a":"0"},"geometry":{"type":"MultiLineString","coordinates":[[[24.1791,44.2351],[24.3875,44.1865],[24.4975,44.1251],[24.5739,44.0216],[24.6733,43.8189],[24.7225,43.7932],[24.7746,43.7339],[24.7547,43.7282],[24.5691,43.7846],[24.4882,43.7832]]]}},{"type":"Feature","properties":{"Major_or_M":"1","Known_or_a":"1"},"geometry":{"type":"MultiLineString","coordinates":[[[23.8497,43.7519],[23.9772,43.7416],[24.0296,43.7133],[24.1845,43.6747],[24.4458,43.7147],[24.603,43.6462],[24.6653,43.6362],[24.7724,43.684],[24.872,43.6611],[24.8892,43.6668],[24.8927,43.7068],[24.9427,43.7118],[24.9741,43.7033],[25.0926,43.6133],[25.2275,43.5719],[25.3818,43.6168],[25.4971,43.6162],[25.7441,43.6711],[25.92,43.7846],[25.9793,43.856],[26.1903,43.9752],[26.3637,44.0188],[26.4508,44.0166],[26.5893,44.053],[26.7103,44.0602],[26.8688,44.1116],[26.9812,44.1287],[27.0876,44.1351],[27.4413,44.1123],[27.6148,44.1994],[27.7169,44.1994],[27.8147,44.2365],[27.9337,44.2429],[27.9829,44.2658],[28.0429,44.3671],[28.1228,44.4321],[28.1243,44.4821],[28.055,44.5392],[28.0572,44.6191],[28.0243,44.6619],[27.9508,44.6984],[28.0572,44.7119],[28.0864,44.7312],[28.1093,44.8368],[28.1828,44.956],[28.1542,45.0117],[28.2114,45.1316],[28.1357,45.2659],[28.1721,45.3401],[28.2492,45.3065],[28.5072,45.2659],[28.5958,45.208],[28.6836,45.1773],[28.7385,45.1652],[28.8035,45.1816],[29.0438,45.1131],[29.1594,45.046]]]}},{"type":"Feature","properties":{"Major_or_M":"1","Known_or_a":"0"},"geometry":{"type":"MultiLineString","coordinates":[[[29.1594,45.046],[29.2008,45.0331],[29.148,45.011]]]}},{"type":"Feature","properties":{"Major_or_M":"0","Known_or_a":"0"},"geometry":{"type":"MultiLineString","coordinates":[[[28.7891,45.1772],[28.6979,45.1067],[28.6194,45.0695],[28.5316,44.9824]]]}},{"type":"Feature","properties":{"Major_or_M":"0","Known_or_a":"0"},"geometry":{"type":"MultiLineString","coordinates":[[[28.5072,45.2658],[28.4666,45.2009],[28.5023,45.0438],[28.5923,44.8654],[28.5987,44.829],[28.5773,44.7597],[28.493,44.6727],[28.3446,44.5613],[28.1736,44.2872],[27.9637,44.088]]]}},{"type":"Feature","properties":{"Major_or_M":"0","Known_or_a":"0"},"geometry":{"type":"MultiLineString","coordinates":[[[28.6437,44.1937],[28.2194,44.0944],[27.9936,44.0859],[27.8636,44.1159],[27.6598,44.1965]]]}},{"type":"Feature","properties":{"Major_or_M":"0","Known_or_a":"0"},"geometry":{"type":"MultiLineString","coordinates":[[[25.9793,43.856],[26.0274,43.8153],[26.423,43.6326],[26.9294,43.3192]]]}},{"type":"Feature","properties":{"Major_or_M":"0","Known_or_a":"0"},"geometry":{"type":"MultiLineString","coordinates":[[[25.0343,43.7352],[25.039,43.9047],[24.9991,44.1179],[24.9324,44.1816],[24.7992,44.233],[24.8201,44.4938],[24.7982,44.6823],[24.7792,44.7289],[24.803,44.7774],[24.8544,44.8269],[24.901,44.9592],[24.9734,45.0706],[24.9933,45.1762],[25.0314,45.2724],[25.0885,45.3399],[25.3008,45.4675],[25.5577,45.6826],[25.7077,45.7711],[25.8257,45.8016],[26.0677,45.9572],[26.1097,45.9886],[26.1304,46.0271]]]}},{"type":"Feature","properties":{},"geometry":{"type":"MultiLineString","coordinates":[[[11.9629,42.0175],[12.0257,42.0161]]]}},{"type":"Feature","properties":{},"geometry":{"type":"MultiLineString","coordinates":[[[12.1582,41.942],[12.0978,41.9974]]]}},{"type":"Feature","properties":{"Major_or_M":"1","Known_or_a":"1"},"geometry":{"type":"MultiLineString","coordinates":[[[12.3878,41.6827],[12.4207,41.7136]]]}},{"type":"Feature","properties":{"Major_or_M":"0","Known_or_a":"0"},"geometry":{"type":"MultiLineString","coordinates":[[[8.4917,39.0893],[8.5181,39.1378],[8.5096,39.2013],[8.5767,39.242],[8.5788,39.2677],[8.521,39.3712],[8.4782,39.3883],[8.486,39.4626],[8.5545,39.5204],[8.6438,39.5525],[8.668,39.5868],[8.6652,39.6175],[8.6209,39.6653],[8.5888,39.686],[8.5503,39.6839],[8.6152,39.6946],[8.7708,39.6582],[8.7858,39.7517],[8.8586,39.7974],[8.9457,39.9244],[8.9157,39.9637],[8.8355,39.9927],[8.8708,40.0301],[8.8355,39.9927],[8.7823,39.9837],[8.7237,39.9302],[8.6017,39.883]]]}},{"type":"Feature","properties":{"Major_or_M":"0","Known_or_a":"0"},"geometry":{"type":"MultiLineString","coordinates":[[[8.576,39.242],[8.668,39.2813],[8.7694,39.2891],[8.8051,39.3063],[8.9836,39.297],[9.0921,39.2385],[9.2241,39.2898]]]}},{"type":"Feature","properties":{"Major_or_M":"0","Known_or_a":"0"},"geometry":{"type":"MultiLineString","coordinates":[[[9.0692,39.2963],[9.0899,39.4762],[9.1363,39.5497],[9.1342,39.6275],[9.1492,39.6753],[9.1392,39.7288],[9.0328,39.7831],[9.0628,39.8652],[9.117,39.8845],[9.1242,39.9009],[9.0671,39.9608],[9.0985,40.0372],[9.0963,40.0686]]]}},{"type":"Feature","properties":{"Major_or_M":"0","Known_or_a":"0"},"geometry":{"type":"MultiLineString","coordinates":[[[8.4175,40.8136],[8.5417,40.7108],[8.6174,40.6944],[8.678,40.6551],[8.7266,40.598],[8.7444,40.5631],[8.7566,40.4531],[8.8034,40.3429],[8.7798,40.2615],[8.8084,40.223],[8.8005,40.1687],[8.8698,40.0302],[8.9162,40.0402],[8.9633,40.0731],[9.0753,40.0595],[9.2095,40.1359],[9.2695,40.1387],[9.2816,40.158],[9.2538,40.4021],[9.2959,40.4807],[9.2681,40.5913],[9.3716,40.7048],[9.3595,40.7819],[9.2952,40.8354]]]}},{"type":"Feature","properties":{"Major_or_M":"0","Known_or_a":"0"},"geometry":{"type":"MultiLineString","coordinates":[[[8.767,40.425],[8.8355,40.4735],[8.8469,40.5535],[8.8833,40.6306],[8.919,40.662],[9.2738,40.8119],[9.3252,40.8669],[9.4301,40.9268]]]}},{"type":"Feature","properties":{"Major_or_M":"0","Known_or_a":"0"},"geometry":{"type":"MultiLineString","coordinates":[[[9.6735,40.7826],[9.6157,40.7876],[9.5386,40.844],[9.5001,40.9304],[9.3616,40.9168],[9.2559,40.9418],[9.1703,40.914],[8.954,40.8983],[8.8847,40.9118]]]}},{"type":"Feature","properties":{"Major_or_M":"0","Known_or_a":"0"},"geometry":{"type":"MultiLineString","coordinates":[[[8.5649,40.799],[8.5835,40.7905],[8.627,40.8069],[8.6549,40.7819],[8.7013,40.7776],[8.8269,40.8126],[8.9597,40.8797],[9.0682,40.9761],[9.0382,41.0646],[9.0554,41.116]]]}},{"type":"Feature","properties":{"Major_or_M":"0","Known_or_a":"0"},"geometry":{"type":"MultiLineString","coordinates":[[[9.2866,41.1788],[9.2631,41.1231],[9.1953,41.0682],[9.0882,40.9411],[9.1153,40.8569],[9.0639,40.7876],[9.0796,40.7234]]]}},{"type":"Feature","properties":{"Major_or_M":"1","Known_or_a":"0"},"geometry":{"type":"MultiLineString","coordinates":[[[8.9741,34.1465],[9.1447,34.1536]]]}},{"type":"Feature","properties":{"Major_or_M":"1","Known_or_a":"1"},"geometry":{"type":"MultiLineString","coordinates":[[[9.1448,34.1535],[9.3929,34.2522]]]}},{"type":"Feature","properties":{"Major_or_M":"1","Known_or_a":"0"},"geometry":{"type":"MultiLineString","coordinates":[[[9.3929,34.2522],[9.453,34.279],[9.6118,34.4045],[9.6963,34.4479],[9.955,34.5295],[10.3572,34.6121],[10.5945,34.6948],[10.7534,34.7275]]]}},{"type":"Feature","properties":{"Major_or_M":"0","Known_or_a":"1"},"geometry":{"type":"MultiLineString","coordinates":[[[35.8574,32.6124],[35.8997,32.6413]]]}},{"type":"Feature","properties":{"Major_or_M":"0","Known_or_a":"1"},"geometry":{"type":"MultiLineString","coordinates":[[[36.1113,32.6256],[36.0996,32.6503]]]}},{"type":"Feature","properties":{"Major_or_M":"0","Known_or_a":"0"},"geometry":{"type":"MultiLineString","coordinates":[[[35.891,32.2776],[35.9473,32.308],[36.0265,32.3044],[36.0651,32.3347],[36.2109,32.3413],[36.3025,32.4121],[36.3853,32.4471]]]}},{"type":"Feature","properties":{"Major_or_M":"0","Known_or_a":"0"},"geometry":{"type":"MultiLineString","coordinates":[[[36.3403,32.3805],[36.3777,32.3282],[36.6219,32.3182]]]}},{"type":"Feature","properties":{"Major_or_M":"0","Known_or_a":"0"},"geometry":{"type":"MultiLineString","coordinates":[[[34.9359,32.114],[34.9059,32.1218],[34.8124,32.2054]]]}},{"type":"Feature","properties":{"Major_or_M":"1","Known_or_a":"1"},"geometry":{"type":"MultiLineString","coordinates":[[[32.392,34.848],[32.4164,34.9414],[32.4462,34.9747],[32.4248,35.0378]]]}},{"type":"Feature","properties":{"Major_or_M":"1","Known_or_a":"0"},"geometry":{"type":"MultiLineString","coordinates":[[[32.5435,34.7189],[32.4164,34.7594],[32.392,34.848]]]}},{"type":"Feature","properties":{"Major_or_M":"1","Known_or_a":"1"},"geometry":{"type":"MultiLineString","coordinates":[[[32.5435,34.7189],[32.6094,34.6846],[32.7288,34.7113],[32.8054,34.678]]]}},{"type":"Feature","properties":{"Major_or_M":"1","Known_or_a":"0"},"geometry":{"type":"MultiLineString","coordinates":[[[32.8054,34.678],[32.8399,34.6918],[32.8556,34.6742],[32.9256,34.6552],[32.9846,34.657],[33.1274,34.7127],[33.2038,34.7151],[33.2199,34.7337],[33.3037,34.7513],[33.3294,34.7318],[33.3584,34.7346],[33.4917,34.7836],[33.578,34.8379],[33.6095,34.9174],[33.639,34.9297],[33.6585,34.9621],[33.6951,34.9835],[33.8063,35.0049],[33.871,35.0777],[33.9562,35.122],[33.9029,35.1858],[33.8167,35.2053],[33.7239,35.26],[33.5562,35.2391],[33.4962,35.2495]]]}},{"type":"Feature","properties":{"Major_or_M":"1","Known_or_a":"0"},"geometry":{"type":"MultiLineString","coordinates":[[[33.639,34.9297],[33.6166,34.9954],[33.6133,35.0744]]]}},{"type":"Feature","properties":{"Major_or_M":"0","Known_or_a":"0"},"geometry":{"type":"MultiLineString","coordinates":[[[33.6364,34.938],[33.421,35.0197]]]}},{"type":"Feature","properties":{"Major_or_M":"1","Known_or_a":"0"},"geometry":{"type":"MultiLineString","coordinates":[[[33.421,35.0197],[33.4924,35.0563],[33.63,35.0796],[33.7099,35.1215],[33.791,35.0792],[33.8634,35.0666]]]}},{"type":"Feature","properties":{"Major_or_M":"1","Known_or_a":"1"},"geometry":{"type":"MultiLineString","coordinates":[[[33.421,35.0197],[33.3547,35.1601]]]}},{"type":"Feature","properties":{"Major_or_M":"1","Known_or_a":"1"},"geometry":{"type":"MultiLineString","coordinates":[[[33.3171,35.1506],[33.2529,35.0801],[33.2476,35.0282]]]}},{"type":"Feature","properties":{"Major_or_M":"1","Known_or_a":"0"},"geometry":{"type":"MultiLineString","coordinates":[[[33.0009,35.2024],[33.0808,35.1406],[33.3364,35.1539],[33.449,35.2005],[33.4913,35.2395],[33.498,35.2867],[33.4866,35.3062],[33.4352,35.3262]]]}},{"type":"Feature","properties":{"Major_or_M":"1","Known_or_a":"1"},"geometry":{"type":"MultiLineString","coordinates":[[[33.4352,35.3262],[33.3262,35.34]]]}},{"type":"Feature","properties":{"Major_or_M":"1","Known_or_a":"0"},"geometry":{"type":"MultiLineString","coordinates":[[[33.3262,35.34],[33.1089,35.3533],[33.0509,35.3124],[33.0009,35.2024],[32.8289,35.1382]]]}},{"type":"Feature","properties":{"Major_or_M":"0","Known_or_a":"0"},"geometry":{"type":"MultiLineString","coordinates":[[[33.0574,35.3198],[32.9489,35.3038]]]}},{"type":"Feature","properties":{"Major_or_M":"1","Known_or_a":"1"},"geometry":{"type":"MultiLineString","coordinates":[[[32.8289,35.1382],[32.6569,35.1939],[32.5513,35.1572]]]}},{"type":"Feature","properties":{"Major_or_M":"1","Known_or_a":"0"},"geometry":{"type":"MultiLineString","coordinates":[[[32.5513,35.1572],[32.4877,35.0744],[32.4248,35.0378]]]}},{"type":"Feature","properties":{"Major_or_M":"0","Known_or_a":"1"},"geometry":{"type":"MultiLineString","coordinates":[[[32.4248,35.0378],[32.314,35.0601],[32.2864,35.0421],[32.3231,34.9906],[32.324,34.9021],[32.3611,34.8622],[32.3914,34.8526]]]}},{"type":"Feature","properties":{"Major_or_M":"0","Known_or_a":"1"},"geometry":{"type":"MultiLineString","coordinates":[[[32.3007,35.0911],[32.3016,35.056],[32.3297,35.0592],[32.355,34.9902],[32.4368,34.9121],[32.5624,34.825],[32.5648,34.7936],[32.533,34.7224]]]}},{"type":"Feature","properties":{"Major_or_M":"0","Known_or_a":"1"},"geometry":{"type":"MultiLineString","coordinates":[[[32.4147,34.9313],[32.3721,34.9059],[32.324,34.9021]]]}},{"type":"Feature","properties":{"Major_or_M":"0","Known_or_a":"0"},"geometry":{"type":"MultiLineString","coordinates":[[[33.7806,34.9911],[33.8801,34.9778],[33.9753,34.9916],[34.0743,34.9854],[34.0634,35.0163],[33.9562,35.122]]]}},{"type":"Feature","properties":{"Major_or_M":"0","Known_or_a":"1"},"geometry":{"type":"MultiLineString","coordinates":[[[33.9029,35.1858],[33.903,35.247],[33.9273,35.2926],[34.0472,35.3897]]]}},{"type":"Feature","properties":{"Major_or_M":"0","Known_or_a":"0"},"geometry":{"type":"MultiLineString","coordinates":[[[34.0472,35.3897],[34.0862,35.4126],[34.1148,35.4825],[34.1868,35.5553],[34.3148,35.5825],[34.3667,35.6229],[34.4605,35.6567]]]}},{"type":"Feature","properties":{"Major_or_M":"0","Known_or_a":"0"},"geometry":{"type":"MultiLineString","coordinates":[[[34.1354,35.5046],[33.8982,35.4216],[33.7583,35.403],[33.6566,35.3574],[33.4216,35.3305]]]}},{"type":"Feature","properties":{"Major_or_M":"0","Known_or_a":"0"},"geometry":{"type":"MultiLineString","coordinates":[[[33.7464,35.3988],[33.7252,35.3517],[33.7378,35.2553]]]}},{"type":"Feature","properties":{"Major_or_M":"1","Known_or_a":"1"},"geometry":{"type":"MultiLineString","coordinates":[[[15.2671,47.4122],[15.3123,47.3968],[15.3754,47.3337],[15.3492,47.3052],[15.3028,47.2921],[15.304,47.2659],[15.3456,47.2088],[15.3456,47.1374],[15.4147,47.0922],[15.486,46.8959],[15.53,46.8412],[15.5336,46.7626],[15.6514,46.6948],[15.7454,46.5521],[15.8596,46.4343],[15.928,46.4176],[16.1612,46.4176],[16.3325,46.4497]]]}},{"type":"Feature","properties":{"Major_or_M":"1","Known_or_a":"1"},"geometry":{"type":"MultiLineString","coordinates":[[[16.2088,46.2177],[16.2028,46.232],[16.2445,46.2689],[16.1648,46.3605],[16.0398,46.3807],[15.9982,46.3736],[15.8811,46.4181]]]}},{"type":"Feature","properties":{"Major_or_M":"1","Known_or_a":"1"},"geometry":{"type":"MultiLineString","coordinates":[[[15.8834,40.0127],[15.6286,40.2571],[15.6557,40.3341],[15.5919,40.3931],[15.5232,40.5175],[15.403,40.578],[15.3821,40.5972],[15.3959,40.612],[15.3706,40.6364],[15.259,40.6978],[15.2433,40.7674],[15.2521,40.7826]]]}},{"type":"Feature","properties":{"Major_or_M":"1","Known_or_a":"0"},"geometry":{"type":"MultiLineString","coordinates":[[[15.2521,40.7826],[15.3809,40.877],[15.3688,40.9361],[15.4207,41.0539]]]}},{"type":"Feature","properties":{"Major_or_M":"1","Known_or_a":"0"},"geometry":{"type":"MultiLineString","coordinates":[[[15.4207,41.0539],[15.3737,41.0193],[15.2864,40.9967],[15.2114,40.9891],[15.1279,41.0088]]]}},{"type":"Feature","properties":{"Major_or_M":"1","Known_or_a":"1"},"geometry":{"type":"MultiLineString","coordinates":[[[15.1279,41.0088],[14.8937,41.12],[14.855,41.1238]]]}},{"type":"Feature","properties":{"Major_or_M":"0","Known_or_a":"0"},"geometry":{"type":"MultiLineString","coordinates":[[[15.0932,41.0225],[14.9863,40.9578],[14.8607,40.9259]]]}},{"type":"Feature","properties":{"Major_or_M":"0","Known_or_a":"0"},"geometry":{"type":"MultiLineString","coordinates":[[[15.013,41.0633],[15.0895,41.0897],[15.1031,41.147],[15.1523,41.1897]]]}},{"type":"Feature","properties":{"Major_or_M":"1","Known_or_a":"1"},"geometry":{"type":"MultiLineString","coordinates":[[[15.5488,40.0858],[15.511,40.0742]]]}},{"type":"Feature","properties":{"Major_or_M":"1","Known_or_a":"1"},"geometry":{"type":"MultiLineString","coordinates":[[[15.507,40.0734],[15.4151,40.092],[15.2926,40.0746],[15.1855,40.1334],[15.1655,40.1877],[15.1417,40.2053]]]}},{"type":"Feature","properties":{"Major_or_M":"1","Known_or_a":"0"},"geometry":{"type":"MultiLineString","coordinates":[[[15.1417,40.2053],[15.0366,40.3051]]]}},{"type":"Feature","properties":{"Major_or_M":"1","Known_or_a":"1"},"geometry":{"type":"MultiLineString","coordinates":[[[15.0366,40.3051],[15.0002,40.356],[15.0201,40.4456]]]}},{"type":"Feature","properties":{"Major_or_M":"0","Known_or_a":"0"},"geometry":{"type":"MultiLineString","coordinates":[[[15.0177,40.436],[15.1121,40.4659],[15.3241,40.4018],[15.4438,40.4228],[15.5014,40.385],[15.5413,40.3833]]]}},{"type":"Feature","properties":{"Major_or_M":"1","Known_or_a":"1"},"geometry":{"type":"MultiLineString","coordinates":[[[35.5246,30.1937],[35.5765,30.2484],[35.6032,30.3165],[35.6117,30.3983],[35.5703,30.5245],[35.6251,30.5392],[35.6446,30.6368],[35.7221,30.7201],[35.7193,30.8286],[35.7721,30.9413],[35.7702,31.0037]]]}},{"type":"Feature","properties":{"Major_or_M":"1","Known_or_a":"0"},"geometry":{"type":"MultiLineString","coordinates":[[[35.7702,31.0037],[35.7369,31.1741]]]}},{"type":"Feature","properties":{"Major_or_M":"1","Known_or_a":"1"},"geometry":{"type":"MultiLineString","coordinates":[[[35.7369,31.1741],[35.745,31.3697],[35.8111,31.4472],[35.7688,31.5852],[35.7978,31.669],[35.8087,31.797]]]}},{"type":"Feature","properties":{"Major_or_M":"1","Known_or_a":"1"},"geometry":{"type":"MultiLineString","coordinates":[[[35.8087,31.797],[35.924,31.8512],[35.9411,31.8941],[35.9321,31.9393],[36.0001,31.9826],[36.0087,32.0069],[36.0725,32.0164],[36.1116,32.1344],[36.2039,32.2234],[36.2346,32.2838],[36.3479,32.3876],[36.3774,32.439],[36.4718,32.5142],[36.5351,32.6022],[36.5427,32.6745],[36.5669,32.7183],[36.4637,32.9501],[36.468,33.0048],[36.3913,33.1738]]]}},{"type":"Feature","properties":{"Major_or_M":"1","Known_or_a":"1"},"geometry":{"type":"MultiLineString","coordinates":[[[35.937,31.9437],[35.8578,32.0178],[35.7926,32.0297],[35.7127,32.0725],[35.6779,32.1687],[35.6346,32.1958],[35.5932,32.2991],[35.5823,32.3781]]]}},{"type":"Feature","properties":{"Major_or_M":"1","Known_or_a":"0"},"geometry":{"type":"MultiLineString","coordinates":[[[35.5823,32.3781],[35.6039,32.497],[35.5939,32.577],[35.6301,32.6817],[35.6239,32.7231]]]}},{"type":"Feature","properties":{"Major_or_M":"0","Known_or_a":"1"},"geometry":{"type":"MultiLineString","coordinates":[[[35.7127,32.0725],[35.6158,32.0721],[35.504,32.1187]]]}},{"type":"Feature","properties":{"Major_or_M":"1","Known_or_a":"1"},"geometry":{"type":"MultiLineString","coordinates":[[[35.4201,32.1449],[35.4736,31.9695],[35.4657,31.8945],[35.4412,31.8517],[35.3156,31.8044],[35.2367,31.792],[35.0892,31.8134],[35.029,31.8486],[34.9898,31.8493]]]}},{"type":"Feature","properties":{"Major_or_M":"1","Known_or_a":"0"},"geometry":{"type":"MultiLineString","coordinates":[[[35.4654,31.8689],[35.6038,31.8165],[35.64,31.8184]]]}},{"type":"Feature","properties":{"Major_or_M":"0","Known_or_a":"1"},"geometry":{"type":"MultiLineString","coordinates":[[[35.4567,31.8686],[35.4049,31.9155],[35.3815,31.9074],[35.3348,31.9238],[35.2854,31.9771],[35.214,31.9649]]]}},{"type":"Feature","properties":{"Major_or_M":"1","Known_or_a":"1"},"geometry":{"type":"MultiLineString","coordinates":[[[35.4493,32.0347],[35.4939,32.0783],[35.5491,32.2234],[35.5034,32.5061],[35.542,32.5399],[35.5719,32.7378],[35.5125,32.8487],[35.5315,32.8716],[35.6143,32.9058],[35.6514,32.893],[35.6547,32.8463],[35.6419,32.7493],[35.5943,32.6983]]]}},{"type":"Feature","properties":{"Major_or_M":"1","Known_or_a":"1"},"geometry":{"type":"MultiLineString","coordinates":[[[35.504,32.1187],[35.4833,32.1365],[35.4022,32.1518],[35.2845,32.2163],[35.2019,32.2324],[35.0808,32.1708],[34.9664,32.1618],[34.9059,32.1218],[34.7755,32.0754]]]}},{"type":"Feature","properties":{"Major_or_M":"1","Known_or_a":"1"},"geometry":{"type":"MultiLineString","coordinates":[[[35.64,31.8184],[35.7001,31.817],[35.782,31.7861],[35.8087,31.797]]]}},{"type":"Feature","properties":{"Major_or_M":"0","Known_or_a":"0"},"geometry":{"type":"MultiLineString","coordinates":[[[35.7978,31.7118],[35.8655,31.6933],[35.9549,31.7004]]]}},{"type":"Feature","properties":{"Major_or_M":"0","Known_or_a":"0"},"geometry":{"type":"MultiLineString","coordinates":[[[35.9197,31.5948],[35.9054,31.6452],[35.9454,31.659],[35.9559,31.6875],[35.9478,31.7951],[35.9192,31.8489]]]}},{"type":"Feature","properties":{"Major_or_M":"0","Known_or_a":"1"},"geometry":{"type":"MultiLineString","coordinates":[[[35.7712,31.5649],[35.9054,31.6452]]]}},{"type":"Feature","properties":{"Major_or_M":"0","Known_or_a":"1"},"geometry":{"type":"MultiLineString","coordinates":[[[35.9273,31.4962],[35.9026,31.579],[35.9197,31.5948]]]}},{"type":"Feature","properties":{"Major_or_M":"0","Known_or_a":"0"},"geometry":{"type":"MultiLineString","coordinates":[[[35.9273,31.4962],[35.9861,31.4158],[35.9575,31.3083],[35.9281,31.2573],[35.8792,31.2236],[35.7426,31.2689]]]}},{"type":"Feature","properties":{"Major_or_M":"0","Known_or_a":"0"},"geometry":{"type":"MultiLineString","coordinates":[[[35.8616,31.2269],[35.7404,31.179]]]}},{"type":"Feature","properties":{"Major_or_M":"0","Known_or_a":"0"},"geometry":{"type":"MultiLineString","coordinates":[[[35.7345,31.1626],[35.7067,31.0932],[35.7253,30.9694],[35.6981,30.9109]]]}},{"type":"Feature","properties":{"Major_or_M":"0","Known_or_a":"1"},"geometry":{"type":"MultiLineString","coordinates":[[[35.6981,30.9109],[35.652,30.8538],[35.6444,30.7767],[35.6596,30.7272],[35.6168,30.6834],[35.6481,30.6423]]]}},{"type":"Feature","properties":{"Major_or_M":"1","Known_or_a":"1"},"geometry":{"type":"MultiLineString","coordinates":[[[35.5703,30.5245],[35.5278,30.5178],[35.5264,30.4407],[35.5068,30.4136],[35.5159,30.3855],[35.464,30.3317],[35.4754,30.1885],[35.5015,30.1586]]]}},{"type":"Feature","properties":{"Major_or_M":"1","Known_or_a":"1"},"geometry":{"type":"MultiLineString","coordinates":[[[35.5441,30.2144],[35.5111,30.2475],[35.4897,30.316],[35.444,30.3336]]]}},{"type":"Feature","properties":{"Major_or_M":"0","Known_or_a":"0"},"geometry":{"type":"MultiLineString","coordinates":[[[35.6117,30.3888],[35.7867,30.5763],[35.8458,30.6863],[35.8829,30.6991],[35.9359,30.8433],[35.8888,30.9661],[35.7687,31.0093]]]}},{"type":"Feature","properties":{"Major_or_M":"0","Known_or_a":"1"},"geometry":{"type":"MultiLineString","coordinates":[[[35.9359,30.8433],[35.9678,30.8909]]]}},{"type":"Feature","properties":{"Major_or_M":"0","Known_or_a":"1"},"geometry":{"type":"MultiLineString","coordinates":[[[35.6032,30.3355],[35.4981,30.3222],[35.4277,30.3374],[35.4148,30.3598],[35.3515,30.3733],[35.3259,30.4094],[35.1621,30.53]]]}},{"type":"Feature","properties":{"Major_or_M":"0","Known_or_a":"0"},"geometry":{"type":"MultiLineString","coordinates":[[[35.444,30.3336],[35.4049,30.2979],[35.2017,30.2267],[35.0014,30.191],[34.8376,30.104],[34.7515,30.0235],[34.6801,30.0037]]]}},{"type":"Feature","properties":{"Major_or_M":"0","Known_or_a":"0"},"geometry":{"type":"MultiLineString","coordinates":[[[35.1178,32.919],[35.2353,32.9185],[35.3714,32.9404],[35.4994,32.9109]]]}},{"type":"Feature","properties":{"Major_or_M":"0","Known_or_a":"1"},"geometry":{"type":"MultiLineString","coordinates":[[[35.4994,32.9109],[35.6997,32.899],[35.7116,32.8833],[35.8867,32.8676],[35.951,32.8291]]]}},{"type":"Feature","properties":{"Major_or_M":"0","Known_or_a":"1"},"geometry":{"type":"MultiLineString","coordinates":[[[35.6535,32.8555],[35.7064,32.8509],[35.8144,32.8919],[36.0531,32.9019]]]}},{"type":"Feature","properties":{"Major_or_M":"0","Known_or_a":"0"},"geometry":{"type":"MultiLineString","coordinates":[[[35.6242,32.9034],[35.6429,32.9338],[35.6358,33.0156]]]}},{"type":"Feature","properties":{"Major_or_M":"0","Known_or_a":"1"},"geometry":{"type":"MultiLineString","coordinates":[[[35.6358,33.0156],[35.6581,33.2183],[35.6948,33.254],[35.7276,33.2212],[36.0587,33.1027],[36.1793,33.0775]]]}},{"type":"Feature","properties":{"Major_or_M":"0","Known_or_a":"0"},"geometry":{"type":"MultiLineString","coordinates":[[[35.7872,33.2059],[35.8426,33.2402],[35.9863,33.3777],[36.1234,33.4115],[36.2112,33.4801],[36.3131,33.5153]]]}},{"type":"Feature","properties":{"Major_or_M":"0","Known_or_a":"0"},"geometry":{"type":"MultiLineString","coordinates":[[[35.6948,33.254],[35.5909,33.2497],[35.4572,33.2812],[35.4453,33.2678],[35.2949,33.3083],[35.2224,33.2786]]]}},{"type":"Feature","properties":{"Major_or_M":"1","Known_or_a":"1"},"geometry":{"type":"MultiLineString","coordinates":[[[35.0785,32.928],[35.1116,33.1089],[35.1611,33.1398],[35.2153,33.205],[35.2224,33.2786],[35.2848,33.4487],[35.3743,33.54],[35.4133,33.6485],[35.4604,33.7099],[35.4961,33.8108],[35.4994,33.8684],[35.5201,33.9017],[35.5787,33.9031],[35.6101,33.9655],[35.6542,34.008]]]}},{"type":"Feature","properties":{"Major_or_M":"0","Known_or_a":"0"},"geometry":{"type":"MultiLineString","coordinates":[[[35.532,33.9031],[35.525,33.8884],[35.5593,33.8417],[35.6644,33.8075],[35.8767,33.8175]]]}},{"type":"Feature","properties":{"Major_or_M":"0","Known_or_a":"1"},"geometry":{"type":"MultiLineString","coordinates":[[[35.8767,33.8175],[35.9635,33.8541]]]}},{"type":"Feature","properties":{"Major_or_M":"0","Known_or_a":"0"},"geometry":{"type":"MultiLineString","coordinates":[[[35.9635,33.8541],[36.0686,33.9093],[36.2011,34.02]]]}},{"type":"Feature","properties":{"Major_or_M":"0","Known_or_a":"0"},"geometry":{"type":"MultiLineString","coordinates":[[[36.2011,34.02],[36.1836,33.9669],[36.2374,33.9227],[36.108,33.728],[36.0889,33.6742],[36.0927,33.6338]]]}},{"type":"Feature","properties":{"Major_or_M":"0","Known_or_a":"0"},"geometry":{"type":"MultiLineString","coordinates":[[[36.1561,33.6105],[36.1941,33.6114],[36.1951,33.5757],[36.226,33.5453],[36.2565,33.5205],[36.3081,33.5119],[36.257,33.4225],[36.2446,33.3701]]]}},{"type":"Feature","properties":{"Major_or_M":"0","Known_or_a":"1"},"geometry":{"type":"MultiLineString","coordinates":[[[36.2446,33.3701],[36.2355,33.334]]]}},{"type":"Feature","properties":{"Major_or_M":"0","Known_or_a":"1"},"geometry":{"type":"MultiLineString","coordinates":[[[36.2437,33.3648],[36.2641,33.3211]]]}},{"type":"Feature","properties":{"Major_or_M":"0","Known_or_a":"0"},"geometry":{"type":"MultiLineString","coordinates":[[[36.2355,33.334],[36.2198,33.2692],[36.2322,33.2017],[36.1861,33.0956]]]}},{"type":"Feature","properties":{"Major_or_M":"0","Known_or_a":"1"},"geometry":{"type":"MultiLineString","coordinates":[[[36.1861,33.0956],[36.1604,33.037]]]}},{"type":"Feature","properties":{"Major_or_M":"0","Known_or_a":"0"},"geometry":{"type":"MultiLineString","coordinates":[[[36.1604,33.037],[36.0694,32.9456],[36.0556,32.9076]]]}},{"type":"Feature","properties":{"Major_or_M":"0","Known_or_a":"1"},"geometry":{"type":"MultiLineString","coordinates":[[[36.0556,32.9076],[36.0522,32.8576]]]}},{"type":"Feature","properties":{"Major_or_M":"0","Known_or_a":"1"},"geometry":{"type":"MultiLineString","coordinates":[[[36.3706,33.4111],[36.3934,33.3635]]]}},{"type":"Feature","properties":{"Major_or_M":"1","Known_or_a":"1"},"geometry":{"type":"MultiLineString","coordinates":[[[36.3131,33.5153],[36.5109,33.6397],[36.7877,33.6421],[36.9028,33.6697],[37.0353,33.7687],[37.1381,33.7915],[37.1826,33.8205],[37.2711,33.93],[37.3185,34.0236]]]}},{"type":"Feature","properties":{"Major_or_M":"0","Known_or_a":"1"},"geometry":{"type":"MultiLineString","coordinates":[[[36.6992,33.6478],[36.7163,33.6835],[36.7121,33.753],[36.7535,33.811],[37.0154,34.025]]]}},{"type":"Feature","properties":{"Major_or_M":"0","Known_or_a":"0"},"geometry":{"type":"MultiLineString","coordinates":[[[36.5109,33.6397],[36.6071,33.743],[36.6071,33.771],[36.57,33.7872],[36.7056,33.9314],[36.7337,34.0257]]]}},{"type":"Feature","properties":{"Major_or_M":"0","Known_or_a":"0"},"geometry":{"type":"MultiLineString","coordinates":[[[36.4862,32.5261],[36.6435,32.6201],[36.7144,32.7058],[36.7801,32.7324]]]}},{"type":"Feature","properties":{"Major_or_M":"0","Known_or_a":"1"},"geometry":{"type":"MultiLineString","coordinates":[[[36.7801,32.7324],[36.8029,32.7505],[36.8001,32.7686]]]}},{"type":"Feature","properties":{"Major_or_M":"0","Known_or_a":"0"},"geometry":{"type":"MultiLineString","coordinates":[[[36.8001,32.7686],[36.7468,32.8271],[36.6725,32.86],[36.6344,32.8638],[36.5988,32.8347]]]}},{"type":"Feature","properties":{"Major_or_M":"0","Known_or_a":"1"},"geometry":{"type":"MultiLineString","coordinates":[[[36.5988,32.8347],[36.5669,32.7183]]]}},{"type":"Feature","properties":{"Major_or_M":"0","Known_or_a":"0"},"geometry":{"type":"MultiLineString","coordinates":[[[36.5669,32.7183],[36.6349,32.7486],[36.7995,32.7465]]]}},{"type":"Feature","properties":{"Major_or_M":"0","Known_or_a":"0"},"geometry":{"type":"MultiLineString","coordinates":[[[36.5669,32.7183],[36.6625,32.6986],[36.7272,32.6358],[36.8101,32.6444]]]}},{"type":"Feature","properties":{"Major_or_M":"0","Known_or_a":"0"},"geometry":{"type":"MultiLineString","coordinates":[[[36.584,32.8028],[36.6107,32.9728],[36.5816,33.0351],[36.5298,33.0932],[36.514,33.1874],[36.4636,33.2107]]]}},{"type":"Feature","properties":{"Major_or_M":"1","Known_or_a":"1"},"geometry":{"type":"MultiLineString","coordinates":[[[36.9074,32.6625],[36.9217,32.7024],[36.9164,32.7519]]]}},{"type":"Feature","properties":{"Major_or_M":"0","Known_or_a":"0"},"geometry":{"type":"MultiLineString","coordinates":[[[10.3202,43.5138],[10.3397,43.472],[10.3816,43.451],[10.4268,43.4011]]]}},{"type":"Feature","properties":{"Major_or_M":"0","Known_or_a":"0"},"geometry":{"type":"MultiLineString","coordinates":[[[9.5171,42.5455],[9.519,42.4932],[9.5,42.4379],[9.5485,42.299],[9.5066,42.1429],[9.5143,42.1048],[9.3877,42.0429],[9.3648,42.0087],[9.362,41.9516],[9.3877,41.885],[9.3991,41.7717],[9.3915,41.7203],[9.3543,41.7127],[9.3001,41.6556],[9.2611,41.5071],[9.2078,41.4433],[9.1811,41.3824]]]}},{"type":"Feature","properties":{"Major_or_M":"0","Known_or_a":"0"},"geometry":{"type":"MultiLineString","coordinates":[[[9.1821,41.2406],[9.1583,41.1559],[9.0412,41.1121],[8.9708,41.036],[8.9137,41.0065],[8.8766,40.956],[8.8137,40.9132],[8.7005,40.9113],[8.5625,40.7971],[8.4121,40.8152],[8.3826,40.8409],[8.3607,40.8294],[8.3188,40.7314],[8.2074,40.68],[8.2189,40.6086],[8.236,40.5924],[8.3131,40.5905],[8.4283,40.4763],[8.4378,40.4259],[8.5025,40.3669],[8.492,40.3021],[8.5044,40.2774],[8.4806,40.2193],[8.5054,40.1013],[8.4559,39.9928],[8.4321,39.8795],[8.4406,39.9129],[8.4768,39.9243],[8.5825,39.9205],[8.6986,39.7111],[8.8442,39.5816],[9.0336,39.377],[9.0993,39.2247]]]}},{"type":"Feature","properties":{"Major_or_M":"0","Known_or_a":"0"},"geometry":{"type":"MultiLineString","coordinates":[[[8.4549,39.062],[8.5054,39.0905],[8.6329,39.0039],[8.7176,38.962],[8.8099,38.9544],[8.8756,38.9059],[8.9536,38.963],[8.9841,39.0058],[9.0098,39.1467],[9.0574,39.2047],[9.1402,39.238],[9.2506,39.2342],[9.5,39.357],[9.5675,39.3599],[9.6361,39.4512],[9.5932,39.5321],[9.5828,39.693],[9.5571,39.7844],[9.6399,39.8129],[9.6646,40.0299],[9.6189,40.0528],[9.5952,40.0927],[9.5428,40.0927],[9.5038,40.1127],[9.4943,40.1365],[9.5952,40.2755],[9.6075,40.3288],[9.6761,40.3707],[9.6475,40.423],[9.7493,40.443],[9.7893,40.5591],[9.7789,40.5829],[9.7027,40.5763],[9.6827,40.5981],[9.7027,40.6848],[9.6665,40.7381],[9.678,40.7657],[9.6523,40.8409],[9.6113,40.8894],[9.5028,40.9322],[9.4819,40.976],[9.3629,41.1035],[9.3648,41.1673],[9.3125,41.1654],[9.243,41.2178],[9.184,41.2254]]]}},{"type":"Feature","properties":{"Major_or_M":"0","Known_or_a":"0"},"geometry":{"type":"MultiLineString","coordinates":[[[8.8413,40.9294],[8.8851,40.9122],[8.9137,40.857]]]}},{"type":"Feature","properties":{"Major_or_M":"1","Known_or_a":"1"},"geometry":{"type":"MultiLineString","coordinates":[[[33.5968,26.0071],[33.6503,26.0285],[33.6998,26.0029]],[[33.8705,26.0106],[33.9098,26.0499],[33.949,26.1344],[34.0139,26.1356],[34.049,26.1076],[34.1328,26.0814],[34.2013,26.1023],[34.2417,26.1576]]]}},{"type":"Feature","properties":{"Major_or_M":"1","Known_or_a":"1"},"geometry":{"type":"MultiLineString","coordinates":[[[34.1197,26.1489],[34.1685,26.0975]]]}},{"type":"Feature","properties":{"Major_or_M":"1","Known_or_a":"0"},"geometry":{"type":"MultiLineString","coordinates":[[[34.2061,26.209],[34.2417,26.1576]]]}},{"type":"Feature","properties":{"Major_or_M":"1","Known_or_a":"1"},"geometry":{"type":"MultiLineString","coordinates":[[[34.2417,26.1576],[34.2623,26.1159]]]}},{"type":"Feature","properties":{"Major_or_M":"1","Known_or_a":"0"},"geometry":{"type":"MultiLineString","coordinates":[[[34.2623,26.1159],[34.3158,26.0225]]]}},{"type":"Feature","properties":{"Major_or_M":"0","Known_or_a":"0"},"geometry":{"type":"MultiLineString","coordinates":[[[35.7067,31.0932],[35.6404,31.1285]]]}},{"type":"Feature","properties":{"Major_or_M":"0","Known_or_a":"1"},"geometry":{"type":"MultiLineString","coordinates":[[[35.6404,31.1285],[35.5581,31.1889],[35.5457,31.1718]]]}},{"type":"Feature","properties":{"Major_or_M":"0","Known_or_a":"0"},"geometry":{"type":"MultiLineString","coordinates":[[[35.5457,31.1718],[35.5372,31.1033],[35.5096,31.0695]]]}},{"type":"Feature","properties":{"Major_or_M":"0","Known_or_a":"1"},"geometry":{"type":"MultiLineString","coordinates":[[[35.5096,31.0695],[35.4695,31.0281]]]}},{"type":"Feature","properties":{"Major_or_M":"0","Known_or_a":"0"},"geometry":{"type":"MultiLineString","coordinates":[[[35.3478,30.6412],[35.3802,30.6936],[35.3885,30.7852],[35.4362,30.8882],[35.4726,31.0328]]]}},{"type":"Feature","properties":{"Major_or_M":"0","Known_or_a":"0"},"geometry":{"type":"MultiLineString","coordinates":[[[35.2747,30.9232],[35.3404,30.9741],[35.3597,31.0356],[35.3872,31.0681],[35.3525,31.2265],[35.3829,31.3046],[35.3777,31.4292],[35.3944,31.4697],[35.2591,31.5527],[35.216,31.6468]]]}},{"type":"Feature","properties":{"Major_or_M":"1","Known_or_a":"1"},"geometry":{"type":"MultiLineString","coordinates":[[[36.827,31.8899],[36.8389,31.9237],[36.8104,32.0598],[36.8151,32.1702],[36.8437,32.2697],[36.8051,32.3515],[36.8189,32.4253],[36.8094,32.4391],[36.6938,32.509],[36.4989,32.5214],[36.2702,32.5619],[36.1113,32.6256]]]}},{"type":"Feature","properties":{"Major_or_M":"0","Known_or_a":"1"},"geometry":{"type":"MultiLineString","coordinates":[[[36.8104,32.0598],[36.6481,32.2007],[36.6186,32.3073],[36.6357,32.3972],[36.7114,32.5019],[36.7499,32.5209]]]}},{"type":"Feature","properties":{"Major_or_M":"0","Known_or_a":"1"},"geometry":{"type":"MultiLineString","coordinates":[[[35.9188,31.9644],[35.9101,32.0611],[35.8339,32.1125],[35.8206,32.1634],[35.8767,32.2091],[35.8948,32.3019],[35.8863,32.3276],[35.9396,32.3937],[35.9557,32.4694],[35.9843,32.4827]]]}},{"type":"Feature","properties":{"Major_or_M":"0","Known_or_a":"0"},"geometry":{"type":"MultiLineString","coordinates":[[[35.9843,32.4827],[36.0752,32.5436],[36.1113,32.6256]]]}},{"type":"Feature","properties":{"Major_or_M":"1","Known_or_a":"1"},"geometry":{"type":"MultiLineString","coordinates":[[[34.6576,31.7659],[34.7095,31.8468],[34.8947,31.9655],[34.9164,32.0174],[34.9651,32.3184],[34.9347,32.4606],[34.896,32.5075]]]}},{"type":"Feature","properties":{"Major_or_M":"1","Known_or_a":"1"},"geometry":{"type":"MultiLineString","coordinates":[[[35.2583,32.2234],[35.131,32.3053],[35.0388,32.3315],[34.9404,32.4393],[35.0709,32.4178],[35.228,32.4499]]]}},{"type":"Feature","properties":{"Major_or_M":"1","Known_or_a":"1"},"geometry":{"type":"MultiLineString","coordinates":[[[34.896,32.5075],[35.1144,32.5159],[35.2173,32.6099],[35.2661,32.617],[35.3255,32.573],[35.4597,32.5462],[35.5034,32.5061]]]}},{"type":"Feature","properties":{"Major_or_M":"1","Known_or_a":"1"},"geometry":{"type":"MultiLineString","coordinates":[[[35.3871,32.4862],[35.5034,32.5061],[35.613,32.6189]]]}},{"type":"Feature","properties":{"Major_or_M":"1","Known_or_a":"0"},"geometry":{"type":"MultiLineString","coordinates":[[[35.228,32.4499],[35.3871,32.4862]]]}},{"type":"Feature","properties":{"Major_or_M":"1","Known_or_a":"0"},"geometry":{"type":"MultiLineString","coordinates":[[[35.613,32.6189],[35.682,32.6593],[35.7177,32.648],[35.814,32.664],[35.9027,32.5754],[36.0103,32.573],[36.1113,32.6256]]]}},{"type":"Feature","properties":{"Major_or_M":"1","Known_or_a":"1"},"geometry":{"type":"MultiLineString","coordinates":[[[35.5681,32.7159],[35.682,32.6593]]]}},{"type":"Feature","properties":{"Major_or_M":"0","Known_or_a":"1"},"geometry":{"type":"MultiLineString","coordinates":[[[35.509,32.511],[35.6205,32.4654],[35.7246,32.388],[35.7573,32.3434],[35.8346,32.319],[35.891,32.2776]]]}},{"type":"Feature","properties":{"Major_or_M":"0","Known_or_a":"1"},"geometry":{"type":"MultiLineString","coordinates":[[[35.5034,32.5061],[35.4631,32.4041],[35.412,32.372],[35.2845,32.2163],[35.2591,32.131],[35.2652,32.0878],[35.2493,32.0697],[35.2757,32.0326],[35.2555,32.0064],[35.2545,31.9578],[35.22,31.9198]]]}},{"type":"Feature","properties":{"Major_or_M":"0","Known_or_a":"1"},"geometry":{"type":"MultiLineString","coordinates":[[[35.2643,32.1558],[35.111,32.0939]]]}},{"type":"Feature","properties":{"Major_or_M":"0","Known_or_a":"0"},"geometry":{"type":"MultiLineString","coordinates":[[[35.1851,32.2613],[35.1972,32.3208],[35.2347,32.3452],[35.2931,32.4643],[35.1869,32.581]]]}},{"type":"Feature","properties":{"Major_or_M":"0","Known_or_a":"1"},"geometry":{"type":"MultiLineString","coordinates":[[[35.1642,32.276],[35.1907,32.2887]]]}},{"type":"Feature","properties":{"Major_or_M":"0","Known_or_a":"1"},"geometry":{"type":"MultiLineString","coordinates":[[[35.1869,32.581],[35.1228,32.6468],[35.0981,32.7957]]]}},{"type":"Feature","properties":{"Major_or_M":"0","Known_or_a":"0"},"geometry":{"type":"MultiLineString","coordinates":[[[35.0981,32.7957],[35.1019,32.8885],[35.0867,32.9138]]]}},{"type":"Feature","properties":{"Major_or_M":"1","Known_or_a":"1"},"geometry":{"type":"MultiLineString","coordinates":[[[34.896,32.5075],[34.9386,32.6815]]]}},{"type":"Feature","properties":{"Major_or_M":"1","Known_or_a":"0"},"geometry":{"type":"MultiLineString","coordinates":[[[34.9386,32.6815],[34.9609,32.8248],[34.9804,32.8367],[35.0085,32.8138],[35.0451,32.8152],[35.0804,32.8747],[35.0785,32.928]]]}},{"type":"Feature","properties":{"Major_or_M":"0","Known_or_a":"1"},"geometry":{"type":"MultiLineString","coordinates":[[[35.23,32.6133],[35.2172,32.7001],[35.232,32.7305],[35.3029,32.7743],[35.4219,32.7838]]]}},{"type":"Feature","properties":{"Major_or_M":"0","Known_or_a":"0"},"geometry":{"type":"MultiLineString","coordinates":[[[35.4219,32.7838],[35.542,32.7858]]]}},{"type":"Feature","properties":{"Major_or_M":"0","Known_or_a":"1"},"geometry":{"type":"MultiLineString","coordinates":[[[35.2829,32.7605],[35.2563,32.8015],[35.1625,32.8681]]]}},{"type":"Feature","properties":{"Major_or_M":"0","Known_or_a":"0"},"geometry":{"type":"MultiLineString","coordinates":[[[35.1625,32.8681],[35.1178,32.919]]]}},{"type":"Feature","properties":{"Major_or_M":"0","Known_or_a":"1"},"geometry":{"type":"MultiLineString","coordinates":[[[35.1178,32.919],[35.0785,32.928]]]}},{"type":"Feature","properties":{"Major_or_M":"0","Known_or_a":"0"},"geometry":{"type":"MultiLineString","coordinates":[[[33.992,26.6227],[33.8832,26.5706],[33.7885,26.5668],[33.7499,26.5382],[33.7356,26.502]]]}},{"type":"Feature","properties":{"Major_or_M":"0","Known_or_a":"0"},"geometry":{"type":"MultiLineString","coordinates":[[[33.9355,26.5949],[33.9084,26.5553]]]}},{"type":"Feature","properties":{"Major_or_M":"0","Known_or_a":"0"},"geometry":{"type":"MultiLineString","coordinates":[[[33.9964,26.305],[33.9864,26.2622],[34.0474,26.1708],[34.1197,26.1489]]]}},{"type":"Feature","properties":{"Major_or_M":"0","Known_or_a":"0"},"geometry":{"type":"MultiLineString","coordinates":[[[33.4356,26.3888],[33.4587,26.3526],[33.5048,26.3412],[33.5205,26.2184],[33.5534,26.1775],[33.5553,26.1337]]]}},{"type":"Feature","properties":{"Major_or_M":"0","Known_or_a":"1"},"geometry":{"type":"MultiLineString","coordinates":[[[33.0427,26.3542],[33.0605,26.331],[33.1134,26.3349],[33.1665,26.3674],[33.1976,26.4141],[33.2404,26.428],[33.4,26.408],[33.4356,26.3888]]]}},{"type":"Feature","properties":{"Major_or_M":"0","Known_or_a":"0"},"geometry":{"type":"MultiLineString","coordinates":[[[33.4587,26.3526],[33.4204,26.347]]]}},{"type":"Feature","properties":{"Major_or_M":"0","Known_or_a":"1"},"geometry":{"type":"MultiLineString","coordinates":[[[33.4204,26.347],[33.3476,26.291],[33.282,26.3602],[33.2602,26.3424],[33.1039,26.3024],[33.0605,26.331]]]}},{"type":"Feature","properties":{"Major_or_M":"1","Known_or_a":"1"},"geometry":{"type":"MultiLineString","coordinates":[[[32.7948,26.3556],[32.9365,26.3499],[33.0118,26.3702],[33.0515,26.3556]]]}},{"type":"Feature","properties":{"Major_or_M":"1","Known_or_a":"0"},"geometry":{"type":"MultiLineString","coordinates":[[[33.0515,26.3556],[33.0782,26.387]]]}},{"type":"Feature","properties":{"Major_or_M":"1","Known_or_a":"1"},"geometry":{"type":"MultiLineString","coordinates":[[[33.0782,26.387],[33.0847,26.4088],[33.1536,26.4634],[33.2599,26.6936],[33.4661,26.8027]]]}},{"type":"Feature","properties":{"Major_or_M":"0","Known_or_a":"0"},"geometry":{"type":"MultiLineString","coordinates":[[[33.5124,26.7671],[33.4711,26.7475],[33.2837,26.7257],[33.2155,26.7578]]]}},{"type":"Feature","properties":{"Major_or_M":"0","Known_or_a":"1"},"geometry":{"type":"MultiLineString","coordinates":[[[33.2155,26.7578],[33.1858,26.7646],[33.1219,26.8178]]]}},{"type":"Feature","properties":{"Major_or_M":"0","Known_or_a":"0"},"geometry":{"type":"MultiLineString","coordinates":[[[33.1219,26.8178],[33.1341,26.8463],[33.1101,26.8671]]]}},{"type":"Feature","properties":{"Major_or_M":"0","Known_or_a":"0"},"geometry":{"type":"MultiLineString","coordinates":[[[32.8844,26.7324],[32.9953,26.6789],[33.2464,26.6726]]]}},{"type":"Feature","properties":{"Major_or_M":"0","Known_or_a":"0"},"geometry":{"type":"MultiLineString","coordinates":[[[9.9178,44.1666],[9.9758,44.217],[9.9463,44.3165],[9.8773,44.3788],[9.9087,44.4554],[9.9906,44.513],[10.0139,44.5754],[10.0644,44.6058],[10.0977,44.6943],[10.3266,44.8052]]]}},{"type":"Feature","properties":{"Major_or_M":"0","Known_or_a":"1"},"geometry":{"type":"MultiLineString","coordinates":[[[10.5103,44.9042],[10.5098,44.8814],[10.6326,44.7072]]]}},{"type":"Feature","properties":{"Major_or_M":"1","Known_or_a":"1"},"geometry":{"type":"MultiLineString","coordinates":[[[10.4921,45.155],[10.7952,45.1631]]]}},{"type":"Feature","properties":{"Major_or_M":"0","Known_or_a":"0"},"geometry":{"type":"MultiLineString","coordinates":[[[11.075,46.1292],[11.1149,46.0349],[11.0959,45.9559],[11.0088,45.8936],[10.9888,45.8436],[11.0126,45.7979],[10.9979,45.7717],[10.9336,45.7313],[10.8132,45.5743],[10.7961,45.5262],[10.8313,45.481],[10.985,45.4429]]]}},{"type":"Feature","properties":{"Major_or_M":"0","Known_or_a":"0"},"geometry":{"type":"MultiLineString","coordinates":[[[8.9401,45.1664],[8.9363,45.2045],[8.7392,45.4524],[8.6209,45.4489]]]}},{"type":"Feature","properties":{"Major_or_M":"0","Known_or_a":"0"},"geometry":{"type":"MultiLineString","coordinates":[[[9.526,45.7363],[9.6078,45.7715],[9.6107,45.7472],[9.6702,45.7072]]]}},{"type":"Feature","properties":{"Major_or_M":"1","Known_or_a":"0"},"geometry":{"type":"MultiLineString","coordinates":[[[9.4001,44.2803],[9.669,44.2741],[9.7166,44.247],[9.7242,44.2255]]]}},{"type":"Feature","properties":{"Major_or_M":"1","Known_or_a":"0"},"geometry":{"type":"MultiLineString","coordinates":[[[10.9974,43.7359],[11.0648,43.777]],[[11.0655,43.7773],[11.1637,43.7848],[11.249,43.7724]],[[10.6486,43.6644],[10.9955,43.7353]],[[10.6481,43.6644],[10.3988,43.7106]]]}},{"type":"Feature","properties":{"Major_or_M":"0","Known_or_a":"1"},"geometry":{"type":"MultiLineString","coordinates":[[[10.5463,44.0018],[10.5472,43.9837],[10.5106,43.9676],[10.4963,43.9371],[10.5225,43.9095]],[[10.4963,43.8495],[10.5225,43.91]]]}},{"type":"Feature","properties":{"Major_or_M":"0","Known_or_a":"0"},"geometry":{"type":"MultiLineString","coordinates":[[[10.3911,43.8039],[10.4135,43.8391],[10.4958,43.8495]]]}},{"type":"Feature","properties":{"Major_or_M":"0","Known_or_a":"0"},"geometry":{"type":"MultiLineString","coordinates":[[[11.2478,43.772],[10.8946,43.9357],[10.7761,43.8795],[10.4958,43.8495]]]}},{"type":"Feature","properties":{"Major_or_M":"0","Known_or_a":"0"},"geometry":{"type":"MultiLineString","coordinates":[[[10.8558,43.4039],[10.8035,43.3611],[10.693,43.3311]]]}},{"type":"Feature","properties":{"Major_or_M":"1","Known_or_a":"0"},"geometry":{"type":"MultiLineString","coordinates":[[[10.5446,43.1041],[10.5322,43.0165],[10.4913,42.9908],[10.6607,42.988]]]}},{"type":"Feature","properties":{"Major_or_M":"0","Known_or_a":"0"},"geometry":{"type":"MultiLineString","coordinates":[[[15.5755,46.2453],[15.7492,46.2249],[15.842,46.1951],[15.8729,46.1701],[15.9074,46.0571],[15.886,45.9489],[15.8908,45.812],[16.03,45.8156],[16.1442,45.7894],[16.3305,45.7859],[16.5351,45.6526],[16.597,45.5765],[16.754,45.4837]]]}},{"type":"Feature","properties":{"Major_or_M":"1","Known_or_a":"1"},"geometry":{"type":"MultiLineString","coordinates":[[[15.8908,45.812],[15.7993,45.7645],[15.7707,45.724],[15.6303,45.6681],[15.5613,45.5503],[15.5625,45.5122],[15.4852,45.4218],[15.6411,45.3361],[15.9504,45.3231],[16.136,45.3754],[16.2907,45.3695],[16.3739,45.4575],[16.3644,45.5003]]]}},{"type":"Feature","properties":{"Major_or_M":"1","Known_or_a":"1"},"geometry":{"type":"MultiLineString","coordinates":[[[16.3763,45.4861],[16.2752,45.5194],[16.0884,45.6467]]]}},{"type":"Feature","properties":{"Major_or_M":"1","Known_or_a":"0"},"geometry":{"type":"MultiLineString","coordinates":[[[16.0884,45.6467],[15.9016,45.7787],[15.8908,45.812],[15.6232,45.8953]]]}},{"type":"Feature","properties":{"Major_or_M":"1","Known_or_a":"0"},"geometry":{"type":"MultiLineString","coordinates":[[[16.3644,45.5003],[16.1538,45.7549],[16.1181,45.8227],[16.1277,45.9096],[16.2335,45.9393],[16.2502,46.0202],[16.2918,46.0785],[16.2728,46.1487],[16.2088,46.2177]]]}},{"type":"Feature","properties":{"Major_or_M":"0","Known_or_a":"0"},"geometry":{"type":"MultiLineString","coordinates":[[[16.281,46.1173],[16.4947,45.9929],[16.7077,45.937],[16.9432,45.8442],[17.0291,45.7656],[17.0779,45.6954],[17.2528,45.5777],[17.671,45.4052]]]}},{"type":"Feature","properties":{"Major_or_M":"0","Known_or_a":"1"},"geometry":{"type":"MultiLineString","coordinates":[[[16.9722,45.8215],[16.878,45.6788],[16.8518,45.5491],[16.8126,45.4742],[16.5616,45.26]]]}},{"type":"Feature","properties":{"Major_or_M":"0","Known_or_a":"1"},"geometry":{"type":"MultiLineString","coordinates":[[[16.8209,45.4869],[17.2308,45.5997]]]}},{"type":"Feature","properties":{"Major_or_M":"1","Known_or_a":"0"},"geometry":{"type":"MultiLineString","coordinates":[[[18.8039,45.2748],[18.4843,45.2779],[17.9394,45.3754],[17.8649,45.4028],[17.6032,45.4016],[17.2659,45.423],[16.8209,45.4869],[16.6008,45.4611],[16.3751,45.471]]]}},{"type":"Feature","properties":{"Major_or_M":"1","Known_or_a":"1"},"geometry":{"type":"MultiLineString","coordinates":[[[18.5233,45.2788],[18.0155,45.1672],[17.705,45.1601],[17.6086,45.1041],[17.5068,45.1041]]]}},{"type":"Feature","properties":{"Major_or_M":"1","Known_or_a":"1"},"geometry":{"type":"MultiLineString","coordinates":[[[18.0583,45.1779],[18.5687,45.1033]]]}},{"type":"Feature","properties":{"Major_or_M":"1","Known_or_a":"0"},"geometry":{"type":"MultiLineString","coordinates":[[[18.5459,45.1222],[18.4914,45.0661],[18.3974,45.0054]]]}},{"type":"Feature","properties":{"Major_or_M":"1","Known_or_a":"1"},"geometry":{"type":"MultiLineString","coordinates":[[[18.1585,45.1568],[18.1476,45.0768],[18.3974,45.0054],[18.5571,44.9109]]]}},{"type":"Feature","properties":{"Major_or_M":"1","Known_or_a":"1"},"geometry":{"type":"MultiLineString","coordinates":[[[18.5403,45.6231],[18.4662,45.6609],[18.2984,45.6966],[18.1842,45.7514],[18.0177,45.7561],[17.9629,45.7716]]]}},{"type":"Feature","properties":{"Major_or_M":"1","Known_or_a":"0"},"geometry":{"type":"MultiLineString","coordinates":[[[17.9629,45.7716],[17.871,45.7645],[17.564,45.8382],[17.1869,45.9774],[16.9929,46.0667],[16.8163,46.1773],[16.6509,46.2451],[16.5962,46.2522],[16.4915,46.2998],[16.3832,46.3046]]]}},{"type":"Feature","properties":{"Major_or_M":"1","Known_or_a":"1"},"geometry":{"type":"MultiLineString","coordinates":[[[16.1941,46.3186],[16.3832,46.3046]]]}},{"type":"Feature","properties":{"Major_or_M":"1","Known_or_a":"1"},"geometry":{"type":"MultiLineString","coordinates":[[[16.2028,46.232],[16.3053,46.2261]]]}},{"type":"Feature","properties":{"Major_or_M":"0","Known_or_a":"0"},"geometry":{"type":"MultiLineString","coordinates":[[[16.9722,45.8215],[17.0167,45.8596],[17.0512,45.9631],[17.0905,46.0024],[17.1774,46.0357],[17.5152,46.0607],[17.6616,46.0345],[17.8139,46.0643]]]}},{"type":"Feature","properties":{"Major_or_M":"0","Known_or_a":"1"},"geometry":{"type":"MultiLineString","coordinates":[[[17.7889,45.2921],[17.8649,45.4028],[17.8757,45.5325],[17.9364,45.6038],[17.9245,45.6812],[17.9629,45.7716],[17.9566,45.8335],[18.0078,45.8953]]]}},{"type":"Feature","properties":{"Major_or_M":"0","Known_or_a":"0"},"geometry":{"type":"MultiLineString","coordinates":[[[18.0078,45.8953],[18.1138,45.9667],[18.1757,46.0559]]]}},{"type":"Feature","properties":{"Major_or_M":"1","Known_or_a":"0"},"geometry":{"type":"MultiLineString","coordinates":[[[18.2864,46.0845],[18.0913,46.0464],[17.8617,46.0488],[17.7249,46.094],[17.575,46.1868],[17.4179,46.3153],[17.3561,46.4283],[17.337,46.5104],[17.2389,46.7293],[17.1996,46.9625]]]}},{"type":"Feature","properties":{"Major_or_M":"1","Known_or_a":"0"},"geometry":{"type":"MultiLineString","coordinates":[[[18.1119,46.3189],[18.0369,46.4259],[18.0464,46.5164],[18.15,46.5961],[18.0774,46.7055],[18.1166,46.8281],[18.2225,46.8959],[18.2463,46.9411],[18.3724,47.0398],[18.3962,47.0755],[18.4153,47.047],[18.4549,47.0289]]]}},{"type":"Feature","properties":{"Major_or_M":"1","Known_or_a":"1"},"geometry":{"type":"MultiLineString","coordinates":[[[18.3962,47.0755],[18.4576,47.1377]]]}},{"type":"Feature","properties":{"Major_or_M":"0","Known_or_a":"0"},"geometry":{"type":"MultiLineString","coordinates":[[[18.3808,46.5521],[18.3094,46.6199],[18.307,46.7591],[18.282,46.8328],[18.2844,46.8804],[18.2463,46.9411]]]}},{"type":"Feature","properties":{"Major_or_M":"1","Known_or_a":"0"},"geometry":{"type":"MultiLineString","coordinates":[[[18.2463,46.9411],[18.1999,47.0184],[18.0964,47.0434],[18.0429,47.0922]]]}},{"type":"Feature","properties":{"Major_or_M":"0","Known_or_a":"0"},"geometry":{"type":"MultiLineString","coordinates":[[[18.1999,47.0184],[18.1411,46.9423],[18.0519,46.8888],[17.9674,46.8709],[17.7604,46.79],[17.6843,46.7781],[17.6676,46.7638],[17.6415,46.6199],[17.6189,46.5973],[17.4809,46.5723],[17.419,46.577]]]}},{"type":"Feature","properties":{"Major_or_M":"0","Known_or_a":"0"},"geometry":{"type":"MultiLineString","coordinates":[[[17.2594,46.6901],[17.3904,46.6675],[17.4071,46.6377],[17.4392,46.5199],[17.4117,46.3265]]]}},{"type":"Feature","properties":{"Major_or_M":"0","Known_or_a":"0"},"geometry":{"type":"MultiLineString","coordinates":[[[18.0777,46.3649],[17.6082,46.3617],[17.5035,46.3974],[17.3202,46.4105],[17.0234,46.464],[16.8069,46.4545],[16.4987,46.376],[16.3197,46.3891],[16.1757,46.4189]]]}},{"type":"Feature","properties":{"Major_or_M":"0","Known_or_a":"0"},"geometry":{"type":"MultiLineString","coordinates":[[[17.4117,46.3265],[17.3597,46.053]]]}},{"type":"Feature","properties":{"Major_or_M":"0","Known_or_a":"0"},"geometry":{"type":"MultiLineString","coordinates":[[[18.3833,46.1154],[18.4451,46.1],[18.6164,46.0988],[18.6652,46.0726],[18.7178,46.0687]]]}},{"type":"Feature","properties":{"Major_or_M":"1","Known_or_a":"0"},"geometry":{"type":"MultiLineString","coordinates":[[[16.3325,46.4497],[16.3994,46.5045],[16.4684,46.6234],[16.5529,46.7186],[16.5809,46.8514]]]}},{"type":"Feature","properties":{"Major_or_M":"0","Known_or_a":"0"},"geometry":{"type":"MultiLineString","coordinates":[[[15.4242,47.0577],[15.4674,47.0744],[15.7707,47.1065],[16.0646,47.0732],[16.2871,46.9863],[16.4159,46.9792],[16.6194,47.0256],[16.8442,47.1089],[17.0115,47.1017],[17.322,47.1386]]]}},{"type":"Feature","properties":{"Major_or_M":"1","Known_or_a":"0"},"geometry":{"type":"MultiLineString","coordinates":[[[16.6217,47.2322],[16.8009,47.166],[17.1436,46.972],[17.1996,46.9625],[17.2375,46.9649],[17.2792,46.9946],[17.3268,47.0589],[17.4315,47.1374]]]}},{"type":"Feature","properties":{"Major_or_M":"1","Known_or_a":"0"},"geometry":{"type":"MultiLineString","coordinates":[[[16.6217,47.2322],[16.7581,47.2231],[16.8556,47.2338],[17.0317,47.2968],[17.3518,47.467],[17.4184,47.5288],[17.4969,47.5598],[17.5945,47.6454],[17.623,47.6895]]]}},{"type":"Feature","properties":{"Major_or_M":"1","Known_or_a":"0"},"geometry":{"type":"MultiLineString","coordinates":[[[16.6995,47.2305],[17.1126,47.1469],[17.4315,47.1374],[17.5766,47.16],[17.7855,47.1279],[17.9652,47.1398],[18.0068,47.0934],[18.0429,47.0922],[18.2139,47.2385],[18.3923,47.3456],[18.447,47.3548]]]}},{"type":"Feature","properties":{"Major_or_M":"1","Known_or_a":"0"},"geometry":{"type":"MultiLineString","coordinates":[[[18.4576,47.1377],[18.4247,47.1945],[18.3005,47.2815],[18.2153,47.392],[18.0678,47.4979],[18.0511,47.5372],[18.151,47.7311]]]}},{"type":"Feature","properties":{"Major_or_M":"1","Known_or_a":"0"},"geometry":{"type":"MultiLineString","coordinates":[[[17.8964,47.7132],[18.2652,47.5931],[18.3854,47.5717]]]}},{"type":"Feature","properties":{"Major_or_M":"0","Known_or_a":"0"},"geometry":{"type":"MultiLineString","coordinates":[[[18.0678,47.4979],[18.1427,47.4919],[18.295,47.5157],[18.3854,47.5717]]]}},{"type":"Feature","properties":{"Major_or_M":"0","Known_or_a":"0"},"geometry":{"type":"MultiLineString","coordinates":[[[18.3485,47.5395],[18.3676,47.4598],[18.4958,47.3663]]]}},{"type":"Feature","properties":{"Major_or_M":"1","Known_or_a":"1"},"geometry":{"type":"MultiLineString","coordinates":[[[17.9714,47.7275],[18.0915,47.7358],[18.3176,47.7192],[18.4299,47.7313]]]}},{"type":"Feature","properties":{"Major_or_M":"1","Known_or_a":"0"},"geometry":{"type":"MultiLineString","coordinates":[[[17.9714,47.7275],[17.623,47.6895],[17.0821,47.574],[16.7936,47.5978],[16.6436,47.6526],[16.5988,47.6923],[16.7079,47.5764],[16.7186,47.5407],[16.7055,47.4479],[16.577,47.3957]]]}},{"type":"Feature","properties":{"Major_or_M":"0","Known_or_a":"0"},"geometry":{"type":"MultiLineString","coordinates":[[[17.2559,47.6045],[17.2028,47.5502],[16.8804,47.3361],[16.6366,47.2323],[16.4247,47.2659],[16.3165,47.254],[16.2546,47.2671],[16.0625,47.4574]]]}},{"type":"Feature","properties":{"Major_or_M":"0","Known_or_a":"0"},"geometry":{"type":"MultiLineString","coordinates":[[[16.0884,47.7315],[16.1267,47.6918],[16.1219,47.6133],[16.0434,47.505],[16.0625,47.4574],[16.0256,47.4098],[15.9934,47.3123],[15.9875,47.2088],[15.9268,47.1279],[15.928,47.0137],[15.8257,46.8804],[15.8721,46.7959]]]}},{"type":"Feature","properties":{"Major_or_M":"0","Known_or_a":"0"},"geometry":{"type":"MultiLineString","coordinates":[[[15.8934,46.9634],[15.8424,46.9787],[15.7976,47.0139],[15.7005,47.131],[15.6653,47.2081],[15.7005,47.2385],[15.691,47.2909],[15.7177,47.3956],[15.7043,47.4451],[15.7719,47.4927],[15.8186,47.5583],[15.8119,47.6012],[15.7872,47.6221]]]}},{"type":"Feature","properties":{"Major_or_M":"0","Known_or_a":"1"},"geometry":{"type":"MultiLineString","coordinates":[[[15.9317,47.6853],[15.918,47.6697],[15.8181,47.6583],[15.8295,47.6497],[15.819,47.6354],[15.7872,47.6221],[15.6525,47.6031],[15.5697,47.5403],[15.504,47.5298],[15.4117,47.4765],[15.2813,47.4374],[15.2671,47.4122]]]}},{"type":"Feature","properties":{"Major_or_M":"1","Known_or_a":"1"},"geometry":{"type":"MultiLineString","coordinates":[[[15.2671,47.4122],[14.9848,47.3451],[14.9153,47.2795],[14.7745,47.1938],[14.6574,47.19],[14.5569,47.2226]]]}},{"type":"Feature","properties":{"Major_or_M":"1","Known_or_a":"1"},"geometry":{"type":"MultiLineString","coordinates":[[[15.0804,47.361],[14.9791,47.4755],[14.8953,47.5212]]]}},{"type":"Feature","properties":{"Major_or_M":"0","Known_or_a":"1"},"geometry":{"type":"MultiLineString","coordinates":[[[15.0114,47.3442],[14.9943,47.368],[14.9191,47.3975],[14.8211,47.4032],[14.5822,47.4708],[14.4834,47.4746]]]}},{"type":"Feature","properties":{"Major_or_M":"0","Known_or_a":"1"},"geometry":{"type":"MultiLineString","coordinates":[[[14.4527,47.0484],[14.5377,47.0018],[14.5677,46.9218],[14.542,46.732],[14.5834,46.7105],[14.6905,46.6948],[14.7933,46.7205],[14.8275,46.7034],[14.8532,46.7091]]]}},{"type":"Feature","properties":{"Major_or_M":"0","Known_or_a":"1"},"geometry":{"type":"MultiLineString","coordinates":[[[14.7745,47.1938],[14.7347,47.156],[14.7362,47.1032],[14.7176,47.0589],[14.8447,46.9104],[14.8575,46.8505],[14.8261,46.7776],[14.8261,46.7362],[14.8804,46.682],[14.9132,46.682],[15.0484,46.5709]]]}},{"type":"Feature","properties":{"Major_or_M":"1","Known_or_a":"1"},"geometry":{"type":"MultiLineString","coordinates":[[[15.6496,46.4283],[15.6942,46.6199]]]}},{"type":"Feature","properties":{"Major_or_M":"0","Known_or_a":"0"},"geometry":{"type":"MultiLineString","coordinates":[[[14.3517,46.2622],[14.5845,46.1937],[14.6003,46.178],[14.5559,46.1076]]]}},{"type":"Feature","properties":{"Major_or_M":"0","Known_or_a":"0"},"geometry":{"type":"MultiLineString","coordinates":[[[14.2191,45.9193],[14.3504,45.8025],[14.4603,45.7611],[14.4818,45.6973],[14.5013,45.6973]]]}},{"type":"Feature","properties":{"Major_or_M":"1","Known_or_a":"1"},"geometry":{"type":"MultiLineString","coordinates":[[[14.5073,46.0569],[14.5699,45.9914],[14.6323,45.9593],[15.0,45.9225],[15.0487,45.8808],[15.1308,45.8546],[15.1915,45.8535],[15.3759,45.9308],[15.4735,45.9344],[15.6232,45.8953]]]}},{"type":"Feature","properties":{"Major_or_M":"0","Known_or_a":"1"},"geometry":{"type":"MultiLineString","coordinates":[[[14.4607,45.328],[14.5323,45.38],[14.6156,45.3692],[14.7333,45.3716],[14.8119,45.3907],[15.0153,45.3811],[15.0665,45.3859],[15.1164,45.424],[15.2211,45.4145],[15.3449,45.4478],[15.44,45.5108],[15.5578,45.5313]]]}},{"type":"Feature","properties":{"Major_or_M":"0","Known_or_a":"0"},"geometry":{"type":"MultiLineString","coordinates":[[[15.1106,45.8594],[15.1152,45.8368],[15.1795,45.8047],[15.3377,45.6274],[15.3639,45.5608],[15.4852,45.4218]]]}},{"type":"Feature","properties":{"Major_or_M":"1","Known_or_a":"0"},"geometry":{"type":"MultiLineString","coordinates":[[[14.9242,44.9969],[15.2261,45.073],[15.3915,45.3431],[15.4852,45.4218]]]}},{"type":"Feature","properties":{"Major_or_M":"0","Known_or_a":"0"},"geometry":{"type":"MultiLineString","coordinates":[[[15.2877,45.4394],[15.4356,45.2776],[15.5035,45.167],[15.5843,45.1004],[15.6653,44.96]]]}},{"type":"Feature","properties":{"Major_or_M":"1","Known_or_a":"0"},"geometry":{"type":"MultiLineString","coordinates":[[[15.2949,45.1799],[15.3476,45.0266],[15.2948,44.828]]]}},{"type":"Feature","properties":{"Major_or_M":"0","Known_or_a":"0"},"geometry":{"type":"MultiLineString","coordinates":[[[15.0882,44.5198],[15.1441,44.5257],[15.219,44.5019],[15.3166,44.5091],[15.3999,44.5709],[15.6402,44.6792],[15.7033,44.722],[15.8079,44.7316],[15.9293,44.7887],[15.8888,44.8386],[15.9317,44.8945],[15.9626,44.9088],[16.0435,44.8755],[16.1263,44.8684],[16.1644,44.8815],[16.1929,44.9171],[16.1906,44.9564],[16.3524,44.9981],[16.3976,45.0373]]]}},{"type":"Feature","properties":{"Major_or_M":"0","Known_or_a":"1"},"geometry":{"type":"MultiLineString","coordinates":[[[15.6653,44.96],[15.6941,44.9195],[15.9293,44.7887]]]}},{"type":"Feature","properties":{"Major_or_M":"0","Known_or_a":"0"},"geometry":{"type":"MultiLineString","coordinates":[[[15.9293,44.7887],[16.0085,44.7577],[16.0192,44.7304],[16.2251,44.6043],[16.3214,44.5555],[16.3666,44.5507]]]}},{"type":"Feature","properties":{"Major_or_M":"0","Known_or_a":"0"},"geometry":{"type":"MultiLineString","coordinates":[[[16.1644,44.8815],[16.1715,44.8446],[16.2881,44.6459],[16.3988,44.5317]]]}},{"type":"Feature","properties":{"Major_or_M":"1","Known_or_a":"0"},"geometry":{"type":"MultiLineString","coordinates":[[[16.6619,44.7779],[16.6084,44.8267],[16.4478,44.8803],[16.4739,44.9505],[16.4359,45.0111],[16.3693,45.0635],[16.3621,45.0885],[16.2027,45.1563],[16.1979,45.1729],[16.2907,45.3695]]]}},{"type":"Feature","properties":{"Major_or_M":"1","Known_or_a":"1"},"geometry":{"type":"MultiLineString","coordinates":[[[16.3537,45.4242],[16.4492,45.3205],[16.5135,45.2776],[16.6384,45.23],[16.7716,45.2146],[16.8787,45.1658],[16.9727,45.1729],[17.1321,45.1384],[17.2463,45.1372]]]}},{"type":"Feature","properties":{"Major_or_M":"1","Known_or_a":"1"},"geometry":{"type":"MultiLineString","coordinates":[[[16.6312,44.5567],[16.6562,44.6138],[16.699,44.634],[16.7276,44.6756],[16.6788,44.7137],[16.6467,44.8172],[16.6943,44.8755],[16.6824,44.9433],[16.6955,44.9731]]]}},{"type":"Feature","properties":{"Major_or_M":"1","Known_or_a":"0"},"geometry":{"type":"MultiLineString","coordinates":[[[16.6955,44.9731],[16.7014,45.1277]]]}},{"type":"Feature","properties":{"Major_or_M":"1","Known_or_a":"1"},"geometry":{"type":"MultiLineString","coordinates":[[[16.7014,45.1277],[16.7371,45.167],[16.7376,45.2164]]]}},{"type":"Feature","properties":{"Major_or_M":"1","Known_or_a":"0"},"geometry":{"type":"MultiLineString","coordinates":[[[17.2463,45.1372],[17.3583,45.1337],[17.5068,45.1041]]]}},{"type":"Feature","properties":{"Major_or_M":"1","Known_or_a":"0"},"geometry":{"type":"MultiLineString","coordinates":[[[16.8263,45.1943],[16.8467,45.2408],[16.9752,45.3455],[17.087,45.4026],[17.1104,45.4462],[17.1893,45.5084],[17.2453,45.6238],[17.3464,45.6845],[17.3678,45.7868],[17.4148,45.8905]]]}},{"type":"Feature","properties":{"Major_or_M":"1","Known_or_a":"1"},"geometry":{"type":"MultiLineString","coordinates":[[[17.2463,45.1372],[17.281,45.0968],[17.2964,45.0147],[17.2869,44.9029],[17.2024,44.841],[17.1846,44.7922],[17.1322,44.7375],[17.1394,44.6816],[17.0823,44.5126],[17.0394,44.4591],[16.98,44.4198],[16.9193,44.3235],[16.8574,44.283],[16.8407,44.2259],[16.7836,44.1617],[16.7801,44.0903],[16.7372,44.0177],[16.7896,43.9261],[16.7777,43.888],[16.8277,43.8321],[16.7954,43.8165],[16.7507,43.7623],[16.665,43.7328],[16.6165,43.6071],[16.5049,43.5346]]]}},{"type":"Feature","properties":{"Major_or_M":"1","Known_or_a":"0"},"geometry":{"type":"MultiLineString","coordinates":[[[16.9202,44.5245],[17.0118,44.4888],[17.0618,44.427]]]}},{"type":"Feature","properties":{"Major_or_M":"1","Known_or_a":"1"},"geometry":{"type":"MultiLineString","coordinates":[[[16.9202,44.5245],[16.8905,44.5352],[16.781,44.5269],[16.7501,44.5507],[16.6573,44.559],[16.5371,44.5412],[16.4443,44.5555],[16.3988,44.5317],[16.4098,44.4401],[16.3991,44.4068],[16.3182,44.3187],[16.3123,44.2878],[16.3099,44.2652],[16.3551,44.1997],[16.2671,44.1664],[16.1976,44.0225],[16.1298,44.0296],[16.106,44.0094],[16.0358,43.9927],[16.0203,43.9701]]]}},{"type":"Feature","properties":{"Major_or_M":"1","Known_or_a":"1"},"geometry":{"type":"MultiLineString","coordinates":[[[15.9549,43.9951],[16.0167,44.0248],[15.9739,44.1319],[15.9941,44.2116]]]}},{"type":"Feature","properties":{"Major_or_M":"0","Known_or_a":"1"},"geometry":{"type":"MultiLineString","coordinates":[[[15.7024,44.0237],[15.8499,44.1498],[15.9308,44.1736],[15.9818,44.1709]]]}},{"type":"Feature","properties":{"Major_or_M":"1","Known_or_a":"1"},"geometry":{"type":"MultiLineString","coordinates":[[[14.9242,44.9969],[15.1584,44.9105],[15.3554,44.7842],[15.5517,44.4858],[15.6894,44.3701],[15.768,44.2766],[15.6865,44.1912],[15.7595,44.1188],[15.9935,44.0114]]]}},{"type":"Feature","properties":{"Major_or_M":"1","Known_or_a":"0"},"geometry":{"type":"MultiLineString","coordinates":[[[15.23,44.1155],[15.395,44.1914],[15.5687,44.2426],[15.6365,44.3009],[15.6139,44.3461],[15.6894,44.3701]]]}},{"type":"Feature","properties":{"Major_or_M":"0","Known_or_a":"1"},"geometry":{"type":"MultiLineString","coordinates":[[[14.9242,44.9969],[14.9393,44.9493],[14.9024,44.8184],[14.9286,44.7185],[15.0143,44.584],[15.2486,44.3949],[15.345,44.3354],[15.5187,44.2699],[15.5559,44.2378]]]}},{"type":"Feature","properties":{"Major_or_M":"0","Known_or_a":"0"},"geometry":{"type":"MultiLineString","coordinates":[[[16.3551,44.1997],[16.385,44.17],[16.4932,44.1284],[16.617,43.9903],[16.7288,43.8964],[16.7777,43.888]]]}},{"type":"Feature","properties":{"Major_or_M":"0","Known_or_a":"0"},"geometry":{"type":"MultiLineString","coordinates":[[[17.1714,44.7796],[17.3471,44.7036],[17.3832,44.5999],[17.447,44.5846],[17.4718,44.557],[17.4822,44.5123],[17.6773,44.3828],[17.7411,44.2496]]]}},{"type":"Feature","properties":{"Major_or_M":"0","Known_or_a":"0"},"geometry":{"type":"MultiLineString","coordinates":[[[17.4718,44.557],[17.5841,44.5789],[17.6259,44.6094],[17.7383,44.5789],[17.7896,44.5837],[17.9467,44.656]]]}},{"type":"Feature","properties":{"Major_or_M":"0","Known_or_a":"0"},"geometry":{"type":"MultiLineString","coordinates":[[[17.7889,45.2921],[17.7295,45.1588]]]}},{"type":"Feature","properties":{"Major_or_M":"0","Known_or_a":"1"},"geometry":{"type":"MultiLineString","coordinates":[[[17.7295,45.1588],[17.7306,45.0662],[17.6973,44.9216],[17.665,44.8787],[17.7297,44.794]]]}},{"type":"Feature","properties":{"Major_or_M":"0","Known_or_a":"0"},"geometry":{"type":"MultiLineString","coordinates":[[[17.7297,44.794],[17.927,44.6941],[17.9689,44.5856]]]}},{"type":"Feature","properties":{"Major_or_M":"0","Known_or_a":"0"},"geometry":{"type":"MultiLineString","coordinates":[[[17.9689,44.5856],[17.9384,44.5247],[17.9546,44.4314],[17.8699,44.2896],[17.8632,44.2391]]]}},{"type":"Feature","properties":{"Major_or_M":"1","Known_or_a":"1"},"geometry":{"type":"MultiLineString","coordinates":[[[15.23,44.1155],[15.4809,44.0926],[15.6694,44.0174],[15.9549,43.9951],[16.0203,43.9701],[16.0767,43.9269],[16.1767,43.9174],[16.3115,43.8203],[16.3905,43.7223],[16.479,43.6719],[16.5485,43.5681]]]}},{"type":"Feature","properties":{"Major_or_M":"1","Known_or_a":"0"},"geometry":{"type":"MultiLineString","coordinates":[[[16.1976,44.0225],[16.1942,43.9403],[16.1767,43.9174]]]}},{"type":"Feature","properties":{"Major_or_M":"1","Known_or_a":"1"},"geometry":{"type":"MultiLineString","coordinates":[[[17.0618,44.427],[17.1632,44.361],[17.1622,44.3362],[17.0737,44.281],[17.0985,44.2334],[17.187,44.1573],[17.1508,44.1164],[17.1518,44.065],[17.2298,43.9422]]]}},{"type":"Feature","properties":{"Major_or_M":"1","Known_or_a":"0"},"geometry":{"type":"MultiLineString","coordinates":[[[17.1632,44.361],[17.245,44.3581],[17.3183,44.2991],[17.4696,44.2943],[17.6562,44.2515],[17.6743,44.222],[17.7695,44.2572],[17.8452,44.2448],[17.8909,44.2239],[17.9042,44.2001]]]}},{"type":"Feature","properties":{"Major_or_M":"1","Known_or_a":"1"},"geometry":{"type":"MultiLineString","coordinates":[[[16.6165,43.6071],[16.665,43.7328],[16.7507,43.7623],[16.8087,43.8261],[16.8963,43.8194],[17.0296,43.8461],[17.1523,43.8156],[17.2298,43.9422],[17.3446,44.0383],[17.4243,44.0564],[17.4671,44.1049],[17.5861,44.1563],[17.6743,44.222],[18.0305,44.0126],[18.0938,43.9412],[18.2328,43.8451]]]}},{"type":"Feature","properties":{"Major_or_M":"1","Known_or_a":"1"},"geometry":{"type":"MultiLineString","coordinates":[[[16.5049,43.5346],[16.6401,43.6165],[16.7105,43.6079],[16.7914,43.646],[17.0684,43.6174],[17.1855,43.7307],[17.2073,43.7726],[17.1978,43.784],[17.2345,43.8135],[17.1933,43.8689]]]}},{"type":"Feature","properties":{"Major_or_M":"1","Known_or_a":"1"},"geometry":{"type":"MultiLineString","coordinates":[[[16.7305,43.6231],[17.2068,43.4157],[17.3105,43.3452],[17.3771,43.3319],[17.5288,43.2072],[17.525,43.1777],[17.5821,43.1434],[17.6297,43.0549],[17.6915,43.0778],[17.702,43.1025],[17.9888,43.152],[18.1126,43.1977],[18.1973,43.29],[18.1173,43.4128],[18.0964,43.4966],[18.0755,43.507],[18.0564,43.5651],[17.9946,43.6374],[18.0088,43.6926],[18.1002,43.7574],[18.1668,43.7564],[18.2328,43.8451],[18.332,43.8268],[18.4462,43.844],[18.5052,43.8925],[18.6043,43.9124]]]}},{"type":"Feature","properties":{"Major_or_M":"0","Known_or_a":"1"},"geometry":{"type":"MultiLineString","coordinates":[[[16.9907,43.5089],[17.061,43.5508],[17.1,43.6117],[17.095,43.6394]]]}},{"type":"Feature","properties":{"Major_or_M":"0","Known_or_a":"1"},"geometry":{"type":"MultiLineString","coordinates":[[[16.5049,43.5346],[16.6679,43.4414],[16.9191,43.3919],[17.1,43.2424]]]}},{"type":"Feature","properties":{"Major_or_M":"0","Known_or_a":"0"},"geometry":{"type":"MultiLineString","coordinates":[[[17.1,43.2424],[17.164,43.193],[17.4715,43.0616],[17.5762,43.0321],[17.6297,43.0549]]]}},{"type":"Feature","properties":{"Major_or_M":"0","Known_or_a":"1"},"geometry":{"type":"MultiLineString","coordinates":[[[17.2179,43.4046],[17.229,43.4299],[17.2965,43.4775],[17.2423,43.508],[17.2404,43.5242],[17.2746,43.5765],[17.3232,43.5917],[17.3175,43.6317],[17.3479,43.6555],[17.2851,43.7069],[17.2718,43.7459],[17.2231,43.8011]]]}},{"type":"Feature","properties":{"Major_or_M":"0","Known_or_a":"1"},"geometry":{"type":"MultiLineString","coordinates":[[[17.2965,43.4851],[17.347,43.5384]]]}},{"type":"Feature","properties":{"Major_or_M":"0","Known_or_a":"0"},"geometry":{"type":"MultiLineString","coordinates":[[[17.3232,43.5917],[17.3089,43.5489],[17.367,43.5318],[17.4155,43.468],[17.4774,43.4338],[17.5326,43.3586],[17.682,43.2367]]]}},{"type":"Feature","properties":{"Major_or_M":"0","Known_or_a":"0"},"geometry":{"type":"MultiLineString","coordinates":[[[17.5288,43.2072],[17.6268,43.191],[17.6658,43.211],[17.7486,43.2986],[17.8219,43.3405]]]}},{"type":"Feature","properties":{"Major_or_M":"0","Known_or_a":"0"},"geometry":{"type":"MultiLineString","coordinates":[[[17.5763,43.191],[17.6439,43.1625],[17.702,43.1025]]]}},{"type":"Feature","properties":{"Major_or_M":"0","Known_or_a":"0"},"geometry":{"type":"MultiLineString","coordinates":[[[17.2345,43.8135],[17.2623,43.8411],[17.5478,43.9277]]]}},{"type":"Feature","properties":{"Major_or_M":"0","Known_or_a":"0"},"geometry":{"type":"MultiLineString","coordinates":[[[17.2298,43.9422],[17.3013,43.8716],[17.346,43.8497],[17.5487,43.8316],[17.5687,43.8459],[17.5973,43.8735],[17.5925,43.9125],[17.4564,44.021],[17.4299,44.0645],[17.4383,44.1048],[17.3746,44.1533],[17.4126,44.2161],[17.4907,44.2209],[17.5839,44.2696]]]}},{"type":"Feature","properties":{"Major_or_M":"0","Known_or_a":"1"},"geometry":{"type":"MultiLineString","coordinates":[[[17.5478,43.9277],[17.5661,43.931],[17.6011,43.9886],[17.7048,44.0572],[17.745,44.1751],[17.8343,44.1999],[17.9613,44.1942],[17.9927,44.1809],[18.0526,44.0943],[18.1687,43.9944],[18.2496,43.9629],[18.2611,43.9325],[18.3096,43.9125],[18.3067,43.8887],[18.2801,43.8668],[18.284,43.8337]]]}},{"type":"Feature","properties":{"Major_or_M":"1","Known_or_a":"0"},"geometry":{"type":"MultiLineString","coordinates":[[[18.0858,43.9511],[18.1478,43.9601],[18.1906,43.9915],[18.2687,44.0105],[18.3125,44.0553],[18.3372,44.1628]]]}},{"type":"Feature","properties":{"Major_or_M":"0","Known_or_a":"0"},"geometry":{"type":"MultiLineString","coordinates":[[[18.3172,43.8279],[18.4064,43.7697],[18.454,43.7012]]]}},{"type":"Feature","properties":{"Major_or_M":"0","Known_or_a":"0"},"geometry":{"type":"MultiLineString","coordinates":[[[18.1194,43.2046],[18.1986,43.1787],[18.4042,43.1749],[18.5336,43.1416]]]}},{"type":"Feature","properties":{"Major_or_M":"1","Known_or_a":"0"},"geometry":{"type":"MultiLineString","coordinates":[[[17.6297,43.0549],[17.6243,43.0131],[17.5558,42.9826],[17.5482,42.9598],[17.7233,42.9017],[17.7852,42.8455],[17.8984,42.797],[17.9175,42.7646],[17.9843,42.719],[18.1366,42.6799],[18.1689,42.6371],[18.2308,42.6257]]]}},{"type":"Feature","properties":{"Major_or_M":"1","Known_or_a":"1"},"geometry":{"type":"MultiLineString","coordinates":[[[17.8882,43.1377],[18.0186,43.0626],[18.0538,42.9807],[18.167,42.936],[18.3012,42.8579],[18.4278,42.7627]]]}},{"type":"Feature","properties":{"Major_or_M":"1","Known_or_a":"1"},"geometry":{"type":"MultiLineString","coordinates":[[[18.9931,42.7578],[18.9157,42.7608],[18.8442,42.7228],[18.802,42.721],[18.443,42.7761],[18.4278,42.7627],[18.4335,42.7304],[18.364,42.7161],[18.305,42.6438],[18.2365,42.6162],[18.2255,42.5695]]]}},{"type":"Feature","properties":{"Major_or_M":"0","Known_or_a":"0"},"geometry":{"type":"MultiLineString","coordinates":[[[17.8984,42.797],[17.9253,42.836],[17.9843,42.8484],[17.9986,42.8893],[18.0842,42.8398],[18.1194,42.7999],[18.2917,42.7152],[18.3641,42.7161]]]}},{"type":"Feature","properties":{"Major_or_M":"1","Known_or_a":"1"},"geometry":{"type":"MultiLineString","coordinates":[[[18.4744,42.777],[18.392,42.9265],[18.3996,43.0064],[18.491,43.074],[18.5843,43.2177],[18.6318,43.2535]]]}},{"type":"Feature","properties":{"Major_or_M":"1","Known_or_a":"1"},"geometry":{"type":"MultiLineString","coordinates":[[[18.2308,42.6257],[18.2255,42.5695],[18.4939,42.4487],[18.5263,42.4616]]]}},{"type":"Feature","properties":{"Major_or_M":"0","Known_or_a":"0"},"geometry":{"type":"MultiLineString","coordinates":[[[18.2255,42.5695],[18.2997,42.5829],[18.2911,42.6133],[18.305,42.6438]]]}},{"type":"Feature","properties":{"Major_or_M":"0","Known_or_a":"0"},"geometry":{"type":"MultiLineString","coordinates":[[[18.3681,42.509],[18.3854,42.5353],[18.4244,42.54],[18.4444,42.5819],[18.4107,42.7266]]]}},{"type":"Feature","properties":{"Major_or_M":"0","Known_or_a":"0"},"geometry":{"type":"MultiLineString","coordinates":[[[18.2969,42.599],[18.3197,42.6105],[18.3939,42.6019],[18.4349,42.6181]]]}},{"type":"Feature","properties":{"Major_or_M":"0","Known_or_a":"0"},"geometry":{"type":"MultiLineString","coordinates":[[[18.1898,42.6358],[18.2013,42.6548],[18.1871,42.6898],[18.2408,42.7411]]]}},{"type":"Feature","properties":{"Major_or_M":"0","Known_or_a":"0"},"geometry":{"type":"MultiLineString","coordinates":[[[8.1724,35.4724],[8.141,35.4048]]]}},{"type":"Feature","properties":{"Major_or_M":"0","Known_or_a":"0"},"geometry":{"type":"MultiLineString","coordinates":[[[10.2452,36.2617],[10.2937,36.3474],[10.4812,36.2941],[10.3941,36.2437]]]}},{"type":"Feature","properties":{"Major_or_M":"0","Known_or_a":"0"},"geometry":{"type":"MultiLineString","coordinates":[[[10.495,36.0376],[10.4636,36.0633],[10.4127,36.1661],[10.3937,36.2446],[10.5045,36.355],[10.5602,36.4016],[10.5783,36.4002],[9.6403,36.405]]]}},{"type":"Feature","properties":{"Major_or_M":"1","Known_or_a":"0"},"geometry":{"type":"MultiLineString","coordinates":[[[10.1871,36.8238],[10.1866,36.7952],[10.21,36.7681],[10.3309,36.7329],[10.5583,36.5149],[10.5788,36.4016],[10.4878,36.3146],[10.4669,36.1123],[10.5278,35.9824],[10.64,35.8363]]]}},{"type":"Feature","properties":{"Major_or_M":"0","Known_or_a":"0"},"geometry":{"type":"MultiLineString","coordinates":[[[10.8615,36.5734],[10.6459,36.6201],[10.3313,36.7319]]]}},{"type":"Feature","properties":{"Major_or_M":"0","Known_or_a":"0"},"geometry":{"type":"MultiLineString","coordinates":[[[11.0923,36.84],[10.9,36.9989],[10.7482,36.8942],[10.5655,36.8142]]]}},{"type":"Feature","properties":{"Major_or_M":"0","Known_or_a":"0"},"geometry":{"type":"MultiLineString","coordinates":[[[9.9035,36.3974],[10.0715,36.5568],[10.1614,36.6072]]]}},{"type":"Feature","properties":{"Major_or_M":"0","Known_or_a":"0"},"geometry":{"type":"MultiLineString","coordinates":[[[9.9035,36.3974],[9.9839,36.5849],[10.0634,36.6272],[10.0006,36.7191]]]}},{"type":"Feature","properties":{"Major_or_M":"0","Known_or_a":"1"},"geometry":{"type":"MultiLineString","coordinates":[[[9.8768,36.533],[9.8987,36.5663]]]}},{"type":"Feature","properties":{"Major_or_M":"0","Known_or_a":"0"},"geometry":{"type":"MultiLineString","coordinates":[[[7.7534,36.8887],[7.792,36.8566],[7.8867,36.8395],[8.3159,36.917],[8.4444,36.8923],[8.5467,36.9061],[9.0241,37.0217],[9.3415,37.1236],[9.459,37.1883],[9.5294,37.2083],[9.8692,37.2716],[9.952,37.2321],[10.1238,37.2178],[10.0173,37.1048],[10.0182,37.066],[10.0567,37.0446],[10.1076,36.9061],[10.3123,36.8542]]]}},{"type":"Feature","properties":{"Major_or_M":"0","Known_or_a":"0"},"geometry":{"type":"MultiLineString","coordinates":[[[9.8088,36.6667],[9.8369,36.8299]]]}},{"type":"Feature","properties":{"Major_or_M":"0","Known_or_a":"0"},"geometry":{"type":"MultiLineString","coordinates":[[[9.6165,36.3174],[9.6413,36.4055],[9.6189,36.4645],[9.6089,36.6534]]]}},{"type":"Feature","properties":{"Major_or_M":"0","Known_or_a":"0"},"geometry":{"type":"MultiLineString","coordinates":[[[9.4895,36.5059],[9.6184,36.4669]]]}},{"type":"Feature","properties":{"Major_or_M":"0"},"geometry":{"type":"MultiLineString","coordinates":[[[9.0878,36.5911],[9.0959,36.4764],[9.1873,36.4507],[9.2748,36.4549]]]}},{"type":"Feature","properties":{"Major_or_M":"0","Known_or_a":"0"},"geometry":{"type":"MultiLineString","coordinates":[[[9.0959,36.4773],[9.3039,36.5473],[9.2415,36.4492],[9.1573,36.4921]]]}},{"type":"Feature","properties":{"Major_or_M":"0","Known_or_a":"0"},"geometry":{"type":"MultiLineString","coordinates":[[[9.1416,36.345],[9.0697,36.4021],[9.2411,36.4483]]]}},{"type":"Feature","properties":{"Major_or_M":"0","Known_or_a":"0"},"geometry":{"type":"MultiLineString","coordinates":[[[9.0859,36.2884],[9.2306,36.3217],[9.233,36.514]]]}},{"type":"Feature","properties":{"Major_or_M":"0","Known_or_a":"0"},"geometry":{"type":"MultiLineString","coordinates":[[[9.0997,36.4412],[9.1958,36.4335]]]}},{"type":"Feature","properties":{"Major_or_M":"0","Known_or_a":"0"},"geometry":{"type":"MultiLineString","coordinates":[[[9.4138,36.3874],[9.302,36.4221],[9.2139,36.4231]]]}},{"type":"Feature","properties":{"Major_or_M":"0","Known_or_a":"1"},"geometry":{"type":"MultiLineString","coordinates":[[[9.1559,36.356],[9.2411,36.4483]]]}},{"type":"Feature","properties":{"Major_or_M":"0","Known_or_a":"0"},"geometry":{"type":"MultiLineString","coordinates":[[[9.2566,36.0513],[9.2866,36.106],[9.0405,36.0642],[8.8411,36.0799],[8.6279,36.2336],[8.5227,36.3549],[8.4842,36.2926],[8.3675,36.2332]]]}},{"type":"Feature","properties":{"Major_or_M":"0","Known_or_a":"0"},"geometry":{"type":"MultiLineString","coordinates":[[[7.9934,36.1536],[7.9286,36.0975],[7.8929,36.1179],[7.9848,36.2916],[7.9796,36.235],[7.9277,36.0965]]]}},{"type":"Feature","properties":{"Major_or_M":"0","Known_or_a":"1"},"geometry":{"type":"MultiLineString","coordinates":[[[7.6388,36.2098],[7.7078,36.2198],[7.7535,36.2521],[7.9848,36.2916]]]}},{"type":"Feature","properties":{"Major_or_M":"0","Known_or_a":"0"},"geometry":{"type":"MultiLineString","coordinates":[[[9.9316,36.8514],[9.7798,36.8128],[9.726,36.7557],[9.5266,36.6524],[9.2625,36.6382],[9.1968,36.6505],[9.1326,36.6125],[8.9365,36.6068],[8.6538,36.5439],[8.5657,36.4922],[8.0013,36.6804],[7.7833,36.8237],[7.7424,36.8299]],[[9.9301,36.8509],[10.0458,36.9085],[10.1809,36.8585],[10.3123,36.8542]]]}},{"type":"Feature","properties":{"Major_or_M":"0","Known_or_a":"0"},"geometry":{"type":"MultiLineString","coordinates":[[[8.6956,36.6381],[8.5657,36.4922]]]}},{"type":"Feature","properties":{"Major_or_M":"0","Known_or_a":"0"},"geometry":{"type":"MultiLineString","coordinates":[[[8.7504,36.9537],[8.8859,36.8713],[9.1105,36.7851],[9.1823,36.7328],[8.9425,36.6067],[9.0205,36.7304],[9.0971,36.7884]]]}},{"type":"Feature","properties":{"Major_or_M":"0","Known_or_a":"0"},"geometry":{"type":"MultiLineString","coordinates":[[[9.211,36.7338],[9.2524,36.7704]]]}},{"type":"Feature","properties":{"Major_or_M":"1","Known_or_a":"0"},"geometry":{"type":"MultiLineString","coordinates":[[[21.3188,38.5066],[21.2789,38.5393],[21.2789,38.5988],[21.242,38.6107]]]}},{"type":"Feature","properties":{"Major_or_M":"1","Known_or_a":"1"},"geometry":{"type":"MultiLineString","coordinates":[[[24.9585,35.0646],[24.9842,35.1088]]]}},{"type":"Feature","properties":{"Major_or_M":"0","Known_or_a":"0"},"geometry":{"type":"MultiLineString","coordinates":[[[23.7727,35.6682],[23.7507,35.6623],[23.7584,35.5522]]]}},{"type":"Feature","properties":{"Major_or_M":"1","Known_or_a":"0"},"geometry":{"type":"MultiLineString","coordinates":[[[28.5817,37.8752],[28.6186,37.8919]]]}},{"type":"Feature","properties":{"Major_or_M":"1","Known_or_a":"0"},"geometry":{"type":"MultiLineString","coordinates":[[[27.8385,37.8621],[27.8603,37.7476],[28.0052,37.6612],[27.9957,37.6333],[27.9523,37.6027],[27.9927,37.5897],[28.0084,37.5299],[28.0522,37.5105],[28.0767,37.4757],[28.0319,37.375],[28.0549,37.3151],[28.0906,37.3237],[28.162,37.2793],[28.21,37.2778],[28.307,37.24],[28.2832,37.2242],[28.291,37.197],[28.2756,37.1716],[28.2873,37.1424],[28.2731,37.0996],[28.3285,37.0641],[28.371,37.06],[28.3561,37.0303],[28.2914,36.9822],[28.2762,36.8643]]]}},{"type":"Feature","properties":{"Major_or_M":"0","Known_or_a":"0"},"geometry":{"type":"MultiLineString","coordinates":[[[26.8473,38.1211],[26.8584,38.0722],[26.9605,38.091],[27.0396,38.0642],[27.1435,37.9969],[27.2062,38.0063],[27.2556,37.9945],[27.3243,38.0116],[27.3475,37.9453]]]}},{"type":"Feature","properties":{"Major_or_M":"0","Known_or_a":"0"},"geometry":{"type":"MultiLineString","coordinates":[[[27.5271,37.8598],[27.5277,37.8407],[27.4124,37.7636],[27.3779,37.7117],[27.3214,37.674]]]}},{"type":"Feature","properties":{"Major_or_M":"0","Known_or_a":"0"},"geometry":{"type":"MultiLineString","coordinates":[[[27.271,37.5106],[27.3349,37.5007],[27.3492,37.4636],[27.4226,37.4187],[27.4357,37.3951],[27.472,37.3928],[27.5287,37.3479],[27.5959,37.3355],[27.6042,37.3128],[27.5827,37.2799]]]}},{"type":"Feature","properties":{"Major_or_M":"0","Known_or_a":"0"},"geometry":{"type":"MultiLineString","coordinates":[[[27.7828,37.3208],[27.7823,37.2946],[27.7634,37.2771],[27.585,37.1688],[27.5858,37.1275]]]}},{"type":"Feature","properties":{"Major_or_M":"0","Known_or_a":"0"},"geometry":{"type":"MultiLineString","coordinates":[[[27.5867,37.1284],[27.5403,37.1237],[27.4549,37.0741],[27.4311,37.0345],[27.3702,37.0605],[27.2979,37.0427],[27.2275,37.0557]],[[27.4595,37.0769],[27.4417,37.0955],[27.3769,37.1097],[27.3757,37.1322]]]}},{"type":"Feature","properties":{"Major_or_M":"0","Known_or_a":"0"},"geometry":{"type":"MultiLineString","coordinates":[[[28.2762,36.8643],[28.1404,36.8366],[28.1237,36.8149],[28.0325,36.7846],[27.845,36.7937],[27.793,36.7687],[27.6609,36.7537],[27.5783,36.7131],[27.4807,36.6909],[27.3721,36.6881]]]}},{"type":"Feature","properties":{"Major_or_M":"0","Known_or_a":"1"},"geometry":{"type":"MultiLineString","coordinates":[[[27.4272,38.0158],[27.7384,38.0958]]]}},{"type":"Feature","properties":{"Major_or_M":"0","Known_or_a":"1"},"geometry":{"type":"MultiLineString","coordinates":[[[27.4304,38.0353],[27.4539,38.0272]]]}},{"type":"Feature","properties":{"Major_or_M":"0","Known_or_a":"0"},"geometry":{"type":"MultiLineString","coordinates":[[[27.7365,38.0957],[27.7159,38.1278]]]}},{"type":"Feature","properties":{"Major_or_M":"0","Known_or_a":"1"},"geometry":{"type":"MultiLineString","coordinates":[[[27.9601,37.0423],[27.7737,37.0144]]]}},{"type":"Feature","properties":{"Major_or_M":"1","Known_or_a":"0"},"geometry":{"type":"MultiLineString","coordinates":[[[34.896,32.5075],[34.889,32.4187],[34.7913,32.1069],[34.7404,32.0108],[34.7352,31.9313],[34.7499,31.8747]]]}},{"type":"Feature","properties":{"Major_or_M":"1","Known_or_a":"1"},"geometry":{"type":"MultiLineString","coordinates":[[[12.5182,41.8912],[12.7247,41.8902],[12.884,41.8365]]]}},{"type":"Feature","properties":{"Major_or_M":"1","Known_or_a":"1"},"geometry":{"type":"MultiLineString","coordinates":[[[12.496,41.8796],[12.6613,41.7953],[12.7159,41.7949],[12.8716,41.7487],[12.9632,41.756],[13.1639,41.7281],[13.3876,41.6273],[13.4196,41.5904],[13.5238,41.5508],[13.542,41.5281],[13.6061,41.5298],[13.6606,41.5029],[13.7525,41.4927],[13.8135,41.4986],[13.8418,41.4618],[13.9377,41.4479],[14.055,41.3519],[14.0674,41.2966],[14.0498,41.2527],[14.1407,41.2073],[14.1897,41.1165],[14.2463,41.085],[14.2912,41.0847],[14.3692,41.0339]]]}},{"type":"Feature","properties":{"Major_or_M":"1","Known_or_a":"1"},"geometry":{"type":"MultiLineString","coordinates":[[[12.4905,41.8895],[12.6643,41.7198],[13.1907,41.315],[13.2522,41.2979],[13.3205,41.3434],[13.4164,41.3601],[13.5245,41.2989],[13.56,41.2618],[13.6525,41.2696],[13.7705,41.2451],[13.8332,41.1854],[13.8429,41.137],[14.1912,41.1223]]]}},{"type":"Feature","properties":{"Major_or_M":"1","Known_or_a":"1"},"geometry":{"type":"MultiLineString","coordinates":[[[12.3799,42.0091],[12.2984,42.043]]]}},{"type":"Feature","properties":{"Major_or_M":"1","Known_or_a":"1"},"geometry":{"type":"MultiLineString","coordinates":[[[27.366,38.2326],[27.3336,38.1881]]]}},{"type":"Feature","properties":{"Major_or_M":"1","Known_or_a":"0"},"geometry":{"type":"MultiLineString","coordinates":[[[27.3676,38.2334],[27.4257,38.367],[27.5343,38.4521]]]}},{"type":"Feature","properties":{"Major_or_M":"1","Known_or_a":"0"},"geometry":{"type":"MultiLineString","coordinates":[[[27.1423,38.3052],[27.1244,38.3535],[27.1398,38.4277]],[[27.1407,38.3072],[27.1922,38.2535],[27.3339,38.1861],[27.328,38.1351],[27.3432,38.0996],[27.4154,38.0796],[27.4319,38.0438],[27.4252,38.006],[27.3686,37.9724],[27.3572,37.9436]]]}},{"type":"Feature","properties":{"Major_or_M":"1","Known_or_a":"0"},"geometry":{"type":"MultiLineString","coordinates":[[[27.1398,38.4277],[27.279,38.4383],[27.3276,38.4586]],[[27.326,38.4584],[27.5594,38.454],[27.7693,38.4957]],[[27.7646,38.496],[27.9563,38.5154],[28.0669,38.495]],[[27.1391,38.4284],[27.1792,38.449],[27.1786,38.4727],[27.0989,38.468],[27.0446,38.518],[27.0353,38.5437],[27.0726,38.6087],[27.0132,38.7117],[26.943,38.7638],[26.9845,38.8093],[26.9841,38.8437],[27.0634,38.8604],[27.0791,38.9018],[27.055,38.958],[27.0664,39.011],[27.1184,39.076],[27.1634,39.103],[27.1817,39.1414]]]}},{"type":"Feature","properties":{"Major_or_M":"0","Known_or_a":"0"},"geometry":{"type":"MultiLineString","coordinates":[[[27.7202,38.122],[27.7318,38.1681],[27.8561,38.1926],[27.954,38.2812]]]}},{"type":"Feature","properties":{"Major_or_M":"0","Known_or_a":"1"},"geometry":{"type":"MultiLineString","coordinates":[[[27.9523,38.2803],[27.9654,38.3382],[27.9544,38.3519],[27.9894,38.3765],[28.0024,38.4205],[28.0642,38.4756],[28.0669,38.495]]]}},{"type":"Feature","properties":{"Major_or_M":"1","Known_or_a":"0"},"geometry":{"type":"MultiLineString","coordinates":[[[28.0684,38.4948],[28.1789,38.5097],[28.3433,38.4533],[28.5989,38.3252]]]}},{"type":"Feature","properties":{"Major_or_M":"1","Known_or_a":"0"},"geometry":{"type":"MultiLineString","coordinates":[[[27.9455,38.6864],[28.0994,38.642],[28.1812,38.5872],[28.3975,38.5695],[28.5995,38.5888]]]}},{"type":"Feature","properties":{"Major_or_M":"1","Known_or_a":"1"},"geometry":{"type":"MultiLineString","coordinates":[[[28.5732,38.3426],[28.5986,38.3381]]]}},{"type":"Feature","properties":{"Major_or_M":"1","Known_or_a":"0"},"geometry":{"type":"MultiLineString","coordinates":[[[27.9774,38.5139],[27.9326,38.5868],[27.9352,38.6515],[27.9559,38.6714],[27.9133,38.7115],[27.9087,38.7764],[27.833,38.9261]]]}},{"type":"Feature","properties":{"Major_or_M":"1","Known_or_a":"0"},"geometry":{"type":"MultiLineString","coordinates":[[[27.0726,38.6087],[27.3119,38.6573],[27.4501,38.6274],[27.5911,38.6432],[27.6835,38.7025],[27.8572,38.8713]]]}},{"type":"Feature","properties":{"Major_or_M":"0","Known_or_a":"0"},"geometry":{"type":"MultiLineString","coordinates":[[[27.1375,38.4176],[27.0739,38.3939],[27.0123,38.4074],[26.9,38.3701]]]}},{"type":"Feature","properties":{"Major_or_M":"0","Known_or_a":"0"},"geometry":{"type":"MultiLineString","coordinates":[[[26.848,38.1201],[26.8216,38.1737],[26.7993,38.1808]]]}},{"type":"Feature","properties":{"Major_or_M":"0","Known_or_a":"1"},"geometry":{"type":"MultiLineString","coordinates":[[[26.7985,38.1801],[26.8284,38.2865],[26.7799,38.332],[26.779,38.3564],[26.8033,38.3488],[26.9,38.3701]]]}},{"type":"Feature","properties":{"Major_or_M":"1","Known_or_a":"1"},"geometry":{"type":"MultiLineString","coordinates":[[[26.9862,38.8411],[27.0403,38.8149]]]}},{"type":"Feature","properties":{"Major_or_M":"0","Known_or_a":"0"},"geometry":{"type":"MultiLineString","coordinates":[[[27.833,38.9261],[27.7207,38.9164],[27.6001,38.9447]]]}},{"type":"Feature","properties":{"Major_or_M":"0","Known_or_a":"0"},"geometry":{"type":"MultiLineString","coordinates":[[[27.2205,39.1541],[27.4205,39.3851],[27.3774,39.461],[27.394,39.5092],[27.545,39.6221],[27.5727,39.6666],[27.5783,39.7409],[27.6435,39.8123],[27.7816,39.8809],[27.807,39.9801],[27.8513,40.0342]]]}},{"type":"Feature","properties":{"Major_or_M":"0","Known_or_a":"0"},"geometry":{"type":"MultiLineString","coordinates":[[[27.1759,39.1424],[27.1047,39.2559],[27.1157,39.3314],[27.1006,39.3998],[27.0663,39.4362],[27.0081,39.4502],[26.9382,39.5061]]]}},{"type":"Feature","properties":{"Major_or_M":"1","Known_or_a":"0"},"geometry":{"type":"MultiLineString","coordinates":[[[34.7366,31.9204],[34.7026,31.9284]]]}},{"type":"Feature","properties":{"Major_or_M":"1","Known_or_a":"0"},"geometry":{"type":"MultiLineString","coordinates":[[[34.6576,31.7659],[34.6283,31.7868]]]}},{"type":"Feature","properties":{"Major_or_M":"0","Known_or_a":"1"},"geometry":{"type":"MultiLineString","coordinates":[[[35.0239,32.039],[34.9599,32.0645],[34.9359,32.114]]]}},{"type":"Feature","properties":{"Major_or_M":"1","Known_or_a":"0"},"geometry":{"type":"MultiLineString","coordinates":[[[34.9898,31.8493],[34.8941,31.9398]]]}},{"type":"Feature","properties":{"Major_or_M":"1","Known_or_a":"1"},"geometry":{"type":"MultiLineString","coordinates":[[[35.2367,31.792],[35.2276,31.8372],[35.2024,31.8581],[35.0095,31.9233],[34.967,31.9569],[34.8903,31.9659],[34.8177,32.0249],[34.7523,32.0508]]]}},{"type":"Feature","properties":{"Major_or_M":"0","Known_or_a":"1"},"geometry":{"type":"MultiLineString","coordinates":[[[35.231,31.8303],[35.2207,31.9509],[35.1684,32.0145],[35.092,32.0102],[35.0239,32.039],[34.9067,31.9962]]]}},{"type":"Feature","properties":{"Major_or_M":"1"},"geometry":{"type":"MultiLineString","coordinates":[[[35.0239,32.039],[35.111,32.0939]]]}},{"type":"Feature","properties":{"Major_or_M":"1","Known_or_a":"1"},"geometry":{"type":"MultiLineString","coordinates":[[[35.0593,31.9069],[35.0233,31.8684],[34.8899,31.807],[34.8547,31.7496]]]}},{"type":"Feature","properties":{"Major_or_M":"1","Known_or_a":"0"},"geometry":{"type":"MultiLineString","coordinates":[[[34.8547,31.7496],[34.8556,31.8458],[34.8947,31.9655]]]}},{"type":"Feature","properties":{"Major_or_M":"1","Known_or_a":"1"},"geometry":{"type":"MultiLineString","coordinates":[[[34.893,31.6204],[34.932,31.6806],[34.9889,31.6849],[35.0246,31.718],[35.1243,31.7456],[35.1433,31.7344],[35.2099,31.7644],[35.2241,31.7927]]]}},{"type":"Feature","properties":{"Major_or_M":"1","Known_or_a":"1"},"geometry":{"type":"MultiLineString","coordinates":[[[35.0998,31.7325],[35.1632,31.7104]]]}},{"type":"Feature","properties":{"Major_or_M":"0","Known_or_a":"0"},"geometry":{"type":"MultiLineString","coordinates":[[[35.2013,31.6269],[35.2251,31.678],[35.2046,31.7344]]]}},{"type":"Feature","properties":{"Major_or_M":"0","Known_or_a":"1"},"geometry":{"type":"MultiLineString","coordinates":[[[35.1387,31.4839],[35.0997,31.5391]]]}},{"type":"Feature","properties":{"Major_or_M":"1","Known_or_a":"1"},"geometry":{"type":"MultiLineString","coordinates":[[[34.8547,31.7496],[34.8565,31.6897],[34.9287,31.5355],[35.0001,31.4969],[35.0997,31.5391],[35.0971,31.5831],[35.1228,31.6664],[35.2151,31.7435],[35.2194,31.7844]]]}},{"type":"Feature","properties":{"Major_or_M":"1","Known_or_a":"1"},"geometry":{"type":"MultiLineString","coordinates":[[[34.7913,31.6423],[34.8838,31.639]]]}},{"type":"Feature","properties":{"Major_or_M":"1","Known_or_a":"1"},"geometry":{"type":"MultiLineString","coordinates":[[[34.8962,31.6797],[34.929,31.6773]]]}},{"type":"Feature","properties":{"Major_or_M":"1","Known_or_a":"0"},"geometry":{"type":"MultiLineString","coordinates":[[[34.6899,31.6476],[34.7739,31.6721],[34.8962,31.6797]]]}},{"type":"Feature","properties":{"Major_or_M":"1","Known_or_a":"0"},"geometry":{"type":"MultiLineString","coordinates":[[[34.5527,31.6706],[34.7913,31.6423]]]}},{"type":"Feature","properties":{"Major_or_M":"1"},"geometry":{"type":"MultiLineString","coordinates":[[[34.556,31.5821],[34.6576,31.7659]]]}},{"type":"Feature","properties":{"Major_or_M":"1","Known_or_a":"0"},"geometry":{"type":"MultiLineString","coordinates":[[[34.556,31.5821],[34.8604,31.5847]]]}},{"type":"Feature","properties":{"Major_or_M":"1","Known_or_a":"1"},"geometry":{"type":"MultiLineString","coordinates":[[[34.8604,31.5847],[34.9123,31.5862]]]}},{"type":"Feature","properties":{"Major_or_M":"1","Known_or_a":"0"},"geometry":{"type":"MultiLineString","coordinates":[[[34.556,31.5821],[34.2206,31.29],[34.0724,31.2085],[33.8317,31.1289],[33.6602,31.0831],[33.4731,31.0671],[33.3744,31.0377],[33.2815,31.0476],[33.119,31.0288],[32.8635,31.0288],[32.706,30.986],[32.6247,30.9911],[32.5734,31.0425]]]}},{"type":"Feature","properties":{"Major_or_M":"1","Known_or_a":"0"},"geometry":{"type":"MultiLineString","coordinates":[[[34.4418,31.5312],[34.4646,31.5121],[34.5457,31.261],[34.6513,31.1007]]]}},{"type":"Feature","properties":{"Major_or_M":"0","Known_or_a":"0"},"geometry":{"type":"MultiLineString","coordinates":[[[34.3955,31.452],[34.4072,31.2934],[34.3708,31.0054],[34.4211,30.9173],[34.4322,30.8648],[34.3672,30.6942],[34.3765,30.6317],[34.3433,30.5264],[34.3415,30.4811],[34.3669,30.4058]]]}},{"type":"Feature","properties":{"Major_or_M":"0","Known_or_a":"0"},"geometry":{"type":"MultiLineString","coordinates":[[[34.3701,30.4022],[34.4839,30.4215],[34.5232,30.4522],[34.611,30.4736],[34.6959,30.5818],[34.8032,30.6178],[34.8439,30.6585],[34.9242,30.7002]]]}},{"type":"Feature","properties":{"Major_or_M":"0","Known_or_a":"0"},"geometry":{"type":"MultiLineString","coordinates":[[[34.097,30.3914],[34.1389,30.4991]]]}},{"type":"Feature","properties":{"Major_or_M":"0","Known_or_a":"0"},"geometry":{"type":"MultiLineString","coordinates":[[[35.4695,31.0281],[35.4043,30.9809],[35.3187,30.9987]]]}},{"type":"Feature","properties":{"Major_or_M":"0","Known_or_a":"0"},"geometry":{"type":"MultiLineString","coordinates":[[[35.3478,30.6412],[35.3044,30.5035],[35.2767,30.2623]]]}},{"type":"Feature","properties":{"Major_or_M":"1","Known_or_a":"1"},"geometry":{"type":"MultiLineString","coordinates":[[[35.1621,30.53],[34.9636,30.592],[34.9229,30.6206],[34.9333,30.6695],[34.9197,30.7155],[34.8084,30.763],[34.7425,30.8394],[34.7461,30.9061],[34.7047,30.9232],[34.715,30.9311],[34.6983,30.9575],[34.695,31.0364],[34.6513,31.1007]]]}},{"type":"Feature","properties":{"Major_or_M":"1","Known_or_a":"0"},"geometry":{"type":"MultiLineString","coordinates":[[[35.3716,30.671],[35.238,30.8222],[35.1242,30.9054]]]}},{"type":"Feature","properties":{"Major_or_M":"1","Known_or_a":"1"},"geometry":{"type":"MultiLineString","coordinates":[[[35.1242,30.9054],[35.0724,30.9942],[35.066,31.0324]]]}},{"type":"Feature","properties":{"Major_or_M":"0","Known_or_a":"1"},"geometry":{"type":"MultiLineString","coordinates":[[[35.3187,30.9987],[35.1916,31.0513]]]}},{"type":"Feature","properties":{"Major_or_M":"0","Known_or_a":"0"},"geometry":{"type":"MultiLineString","coordinates":[[[35.1916,31.0513],[35.061,31.0364]]]}},{"type":"Feature","properties":{"Major_or_M":"1","Known_or_a":"0"},"geometry":{"type":"MultiLineString","coordinates":[[[35.066,31.0324],[34.9882,31.091],[35.0064,31.1138],[35.026,31.2237]]]}},{"type":"Feature","properties":{"Major_or_M":"0","Known_or_a":"0"},"geometry":{"type":"MultiLineString","coordinates":[[[35.3557,31.2104],[35.2609,31.2444],[34.9263,31.2184],[34.8435,31.2327],[34.7144,31.3069],[34.6741,31.4075],[34.4646,31.5121]]]}},{"type":"Feature","properties":{"Major_or_M":"0","Known_or_a":"1"},"geometry":{"type":"MultiLineString","coordinates":[[[34.9555,31.3504],[35.064,31.4397],[35.0812,31.5285]]]}},{"type":"Feature","properties":{"Major_or_M":"0"},"geometry":{"type":"MultiLineString","coordinates":[[[35.0747,31.309],[35.1368,31.4279],[35.137,31.4784],[35.1627,31.5264],[35.1394,31.5693],[35.1851,31.5938],[35.2013,31.6269]]]}},{"type":"Feature","properties":{"Major_or_M":"0","Known_or_a":"0"},"geometry":{"type":"MultiLineString","coordinates":[[[35.026,31.2237],[35.069,31.2766],[35.0747,31.309]]]}},{"type":"Feature","properties":{"Major_or_M":"0","Known_or_a":"0"},"geometry":{"type":"MultiLineString","coordinates":[[[34.9555,31.3504],[34.736,31.2134],[34.6448,31.0924],[34.498,30.975],[34.4619,30.9107],[34.403,30.8643],[34.2626,30.8226],[34.0845,30.8083],[33.8377,30.7105],[33.6819,30.7026],[33.5212,30.652],[33.4809,30.6623],[33.429,30.7062],[33.3605,30.6855],[33.3183,30.6898],[32.9495,30.8318],[32.8258,30.8986],[32.7602,30.997]]]}},{"type":"Feature","properties":{"Major_or_M":"0","Known_or_a":"0"},"geometry":{"type":"MultiLineString","coordinates":[[[33.8213,31.1263],[33.9025,30.9853],[34.1605,30.8197]]]}},{"type":"Feature","properties":{"Major_or_M":"0","Known_or_a":"0"},"geometry":{"type":"MultiLineString","coordinates":[[[33.7261,31.1103],[33.5726,31.1065],[33.4841,31.1203],[33.4214,31.1681],[33.3567,31.1913],[33.1279,31.2301],[32.7433,31.0677],[32.5978,31.044],[32.2004,31.0242],[32.1745,30.9918],[31.952,30.8762],[31.9149,30.8281],[31.6897,30.643],[31.6459,30.6463],[31.5136,30.583],[31.2683,30.7148],[31.1347,30.692],[30.6066,30.8533],[30.6013,30.9109],[30.4847,31.0166],[30.4533,31.0132],[30.2142,31.155],[30.0519,31.2978],[30.0024,31.2607],[30.0001,31.2307],[30.0272,31.2036],[30.1845,31.1384],[30.292,31.066],[30.4024,31.0513]]]}},{"type":"Feature","properties":{"Major_or_M":"0"},"geometry":{"type":"MultiLineString","coordinates":[[[7.2906,36.719],[7.2866,36.6644],[7.3263,36.6355],[7.3138,36.593],[7.3526,36.5495]]]}},{"type":"Feature","properties":{"Major_or_M":"1","Known_or_a":"0"},"geometry":{"type":"MultiLineString","coordinates":[[[7.7337,36.7978],[7.6632,36.6979],[7.5854,36.6592]]]}},{"type":"Feature","properties":{"Major_or_M":"0","Known_or_a":"0"},"geometry":{"type":"MultiLineString","coordinates":[[[7.7524,36.8887],[7.7103,36.8498],[7.67,36.8384],[7.466,36.8384],[7.4194,36.8694],[7.1844,36.9252]]]}},{"type":"Feature","properties":{"Major_or_M":"0","Known_or_a":"0"},"geometry":{"type":"MultiLineString","coordinates":[[[7.4575,36.5673],[7.4166,36.4743],[7.3463,36.4762],[7.2877,36.4452],[7.2529,36.4635]]]}},{"type":"Feature","properties":{"Major_or_M":"0","Known_or_a":"0"},"geometry":{"type":"MultiLineString","coordinates":[[[7.7011,36.533],[7.6429,36.4559],[7.5117,36.4755],[7.4153,36.468],[7.5005,36.3903],[7.5534,36.3993],[7.6212,36.37],[7.7222,36.3689]]]}},{"type":"Feature","properties":{"Major_or_M":"0","Known_or_a":"0"},"geometry":{"type":"MultiLineString","coordinates":[[[7.5005,36.3903],[7.5202,36.3236],[7.6458,36.2957]]]}},{"type":"Feature","properties":{"Major_or_M":"0","Known_or_a":"1"},"geometry":{"type":"MultiLineString","coordinates":[[[7.2515,36.231],[7.2385,36.272],[7.2481,36.3535]]]}},{"type":"Feature","properties":{"Major_or_M":"1","Known_or_a":"0"},"geometry":{"type":"MultiLineString","coordinates":[[[7.526,36.2081],[7.4743,36.2363],[7.3911,36.2456],[7.2928,36.2856],[7.2481,36.3535]]]}},{"type":"Feature","properties":{"Major_or_M":"0","Known_or_a":"0"},"geometry":{"type":"MultiLineString","coordinates":[[[7.3551,36.2588],[7.3006,36.2452]]]}},{"type":"Feature","properties":{"Major_or_M":"0","Known_or_a":"1"},"geometry":{"type":"MultiLineString","coordinates":[[[7.6699,36.1641],[7.5862,36.1535],[7.5262,36.2085]]]}},{"type":"Feature","properties":{"Major_or_M":"0","Known_or_a":"0"},"geometry":{"type":"MultiLineString","coordinates":[[[7.2713,36.2397],[7.4248,36.2049],[7.526,36.2081]]]}},{"type":"Feature","properties":{"Major_or_M":"0","Known_or_a":"1"},"geometry":{"type":"MultiLineString","coordinates":[[[7.1971,36.3973],[7.1149,36.4134]]]}},{"type":"Feature","properties":{"Major_or_M":"0","Known_or_a":"1"},"geometry":{"type":"MultiLineString","coordinates":[[[7.2143,36.4013],[7.1827,36.3504],[7.153,36.3322],[7.1502,36.3043]],[[7.0812,36.3885],[7.1452,36.3532],[7.153,36.3322]]]}},{"type":"Feature","properties":{"Major_or_M":"0","Known_or_a":"0"},"geometry":{"type":"MultiLineString","coordinates":[[[7.1502,36.3043],[7.0046,36.0912]]]}},{"type":"Feature","properties":{"Major_or_M":"0","Known_or_a":"0"},"geometry":{"type":"MultiLineString","coordinates":[[[7.0779,36.2082],[7.1721,36.146]]]}},{"type":"Feature","properties":{"Major_or_M":"0","Known_or_a":"1"},"geometry":{"type":"MultiLineString","coordinates":[[[5.3023,36.0925],[5.3938,36.193]]]}},{"type":"Feature","properties":{"Major_or_M":"0","Known_or_a":"1"},"geometry":{"type":"MultiLineString","coordinates":[[[7.2523,36.4648],[7.1198,36.4725],[7.0173,36.457]]]}},{"type":"Feature","properties":{"Major_or_M":"0","Known_or_a":"1"},"geometry":{"type":"MultiLineString","coordinates":[[[7.2388,36.4206],[7.3435,36.442]]]}},{"type":"Feature","properties":{"Major_or_M":"0","Known_or_a":"0"},"geometry":{"type":"MultiLineString","coordinates":[[[10.6932,34.6605],[10.6483,34.6803]]]}},{"type":"Feature","properties":{"Major_or_M":"0","Known_or_a":"0"},"geometry":{"type":"MultiLineString","coordinates":[[[9.2197,35.865],[9.2796,35.8824]]]}},{"type":"Feature","properties":{"Major_or_M":"0","Known_or_a":"0"},"geometry":{"type":"MultiLineString","coordinates":[[[5.0116,35.6358],[5.0801,35.6301]],[[5.0869,35.6287],[5.1747,35.6465],[5.2547,35.6401],[5.3068,35.6658],[5.3928,35.6774]]]}},{"type":"Feature","properties":{"Major_or_M":"0","Known_or_a":"1"},"geometry":{"type":"MultiLineString","coordinates":[[[5.6445,36.013],[5.8145,35.972],[5.8938,35.9042]]]}},{"type":"Feature","properties":{"Major_or_M":"0","Known_or_a":"1"},"geometry":{"type":"MultiLineString","coordinates":[[[5.9002,35.7971],[5.8731,35.7429],[5.919,35.6405]]]}},{"type":"Feature","properties":{"Major_or_M":"0","Known_or_a":"0"},"geometry":{"type":"MultiLineString","coordinates":[[[5.5465,36.0099],[5.6122,35.8871],[5.6814,35.8007],[5.6746,35.7537],[5.6318,35.6816],[5.6168,35.5517]]]}},{"type":"Feature","properties":{"Major_or_M":"0","Known_or_a":"1"},"geometry":{"type":"MultiLineString","coordinates":[[[5.8417,35.8764],[5.8938,35.9042],[5.9284,35.8997],[6.0628,35.8403]]]}},{"type":"Feature","properties":{"Major_or_M":"0","Known_or_a":"1"},"geometry":{"type":"MultiLineString","coordinates":[[[5.4864,35.8973],[5.4955,35.7744],[5.6596,35.6873],[5.7153,35.6752],[5.7596,35.6352],[5.8517,35.591]]]}},{"type":"Feature","properties":{"Major_or_M":"0","Known_or_a":"0"},"geometry":{"type":"MultiLineString","coordinates":[[[5.8738,35.7494],[5.8138,35.7002],[5.7109,35.6755]]]}},{"type":"Feature","properties":{"Major_or_M":"1","Known_or_a":"1"},"geometry":{"type":"MultiLineString","coordinates":[[[5.0353,47.3184],[5.1936,47.6582],[5.317,47.8702]]]}},{"type":"Feature","properties":{"Major_or_M":"1","Known_or_a":"1"},"geometry":{"type":"MultiLineString","coordinates":[[[5.317,47.8702],[5.4487,47.9901]]]}},{"type":"Feature","properties":{"Major_or_M":"0","Known_or_a":"1"},"geometry":{"type":"MultiLineString","coordinates":[[[5.8028,47.9908],[5.7557,47.9358],[5.4317,47.8716],[5.318,47.871]]]}},{"type":"Feature","properties":{"Major_or_M":"1","Known_or_a":"1"},"geometry":{"type":"MultiLineString","coordinates":[[[17.2211,47.9728],[17.2753,47.8978],[17.2939,47.8415],[17.4895,47.7387],[17.623,47.6895]]]}},{"type":"Feature","properties":{"Major_or_M":"0","Known_or_a":"0"},"geometry":{"type":"MultiLineString","coordinates":[[[5.3639,43.3057],[5.3525,43.3863],[5.4403,43.5348]]]}},{"type":"Feature","properties":{"Major_or_M":"0","Known_or_a":"0"},"geometry":{"type":"MultiLineString","coordinates":[[[5.1824,43.4024],[5.2352,43.4556]]]}},{"type":"Feature","properties":{"Major_or_M":"1","Known_or_a":"1"},"geometry":{"type":"MultiLineString","coordinates":[[[5.034,43.8405],[5.0395,43.8596],[5.1094,43.8785],[5.306,43.8588],[5.3561,43.8917],[5.4403,43.8835],[5.4849,43.8603],[5.5859,43.8617],[5.6785,43.8764],[5.8725,43.9549]]]}},{"type":"Feature","properties":{"Major_or_M":"1","Known_or_a":"1"},"geometry":{"type":"MultiLineString","coordinates":[[[5.0238,43.6476],[5.3386,43.5805],[5.4403,43.5348]]]}},{"type":"Feature","properties":{"Major_or_M":"1","Known_or_a":"0"},"geometry":{"type":"MultiLineString","coordinates":[[[5.8804,43.7666],[5.9701,43.7807],[6.0846,43.8262]]]}},{"type":"Feature","properties":{"Major_or_M":"0","Known_or_a":"0"},"geometry":{"type":"MultiLineString","coordinates":[[[6.0846,43.8262],[6.1222,43.8674],[6.1192,43.9281],[6.1917,43.9765],[6.2013,44.0565],[6.2316,44.0997]]]}},{"type":"Feature","properties":{"Major_or_M":"1","Known_or_a":"0"},"geometry":{"type":"MultiLineString","coordinates":[[[5.9321,44.2101],[5.9524,44.2036],[5.9653,44.1636],[6.016,44.1208],[6.0212,44.0618],[6.0988,44.048],[6.2316,44.0997]]]}},{"type":"Feature","properties":{"Major_or_M":"1","Known_or_a":"0"},"geometry":{"type":"MultiLineString","coordinates":[[[5.9321,44.2101],[5.9524,44.2036],[5.9653,44.1636],[6.016,44.1208],[6.0212,44.0618],[6.0779,44.0484],[6.1215,43.9924],[6.1111,43.9499],[6.1222,43.8674],[6.084,43.826]]]}},{"type":"Feature","properties":{"Major_or_M":"1","Known_or_a":"0"},"geometry":{"type":"MultiLineString","coordinates":[[[7.1207,43.5849],[7.1312,43.6477],[7.1897,43.6839]]]}},{"type":"Feature","properties":{"Major_or_M":"0","Known_or_a":"0"},"geometry":{"type":"MultiLineString","coordinates":[[[6.7514,43.8688],[6.792,43.9048],[6.7884,43.9327],[6.818,43.9584]]]}},{"type":"Feature","properties":{"Major_or_M":"0","Known_or_a":"1"},"geometry":{"type":"MultiLineString","coordinates":[[[7.1076,43.7282],[7.1439,43.6625]]]}},{"type":"Feature","properties":{"Major_or_M":"1","Known_or_a":"1"},"geometry":{"type":"MultiLineString","coordinates":[[[5.9321,44.2101],[5.9325,44.173],[5.9521,44.1516],[5.936,44.0791],[5.9439,44.052],[5.908,43.9799],[5.6785,43.8764],[5.5758,43.8628]]]}},{"type":"Feature","properties":{"Major_or_M":"1","Known_or_a":"0"},"geometry":{"type":"MultiLineString","coordinates":[[[5.9087,44.3903],[5.8557,44.3243],[5.8487,44.2918],[5.932,44.2102]]]}},{"type":"Feature","properties":{"Major_or_M":"1","Known_or_a":"1"},"geometry":{"type":"MultiLineString","coordinates":[[[5.9322,45.574],[5.8102,45.4587],[5.7381,45.4415],[5.6945,45.5247],[5.601,45.5818],[5.4344,45.5685],[5.2645,45.5842],[5.2163,45.6047],[5.0146,45.5568]]]}},{"type":"Feature","properties":{"Major_or_M":"1","Known_or_a":"0"},"geometry":{"type":"MultiLineString","coordinates":[[[5.0079,45.3916],[5.0386,45.3802],[5.2288,45.3962]],[[6.267,45.027],[6.0352,45.0181],[5.9937,45.0495],[5.9665,45.1038],[5.8241,45.0524],[5.7631,45.0503],[5.7092,45.1138],[5.7105,45.1996],[5.6566,45.2267],[5.5995,45.3091],[5.5003,45.3543],[5.3369,45.3427],[5.2566,45.3953],[5.2286,45.3965]]]}},{"type":"Feature","properties":{"Major_or_M":"0","Known_or_a":"0"},"geometry":{"type":"MultiLineString","coordinates":[[[5.5565,45.3209],[5.6627,45.3757],[5.7374,45.4423]]]}},{"type":"Feature","properties":{"Major_or_M":"1","Known_or_a":"1"},"geometry":{"type":"MultiLineString","coordinates":[[[5.2163,45.6047],[5.0372,45.6998]]]}},{"type":"Feature","properties":{"Major_or_M":"0","Known_or_a":"0"},"geometry":{"type":"MultiLineString","coordinates":[[[5.038,44.2345],[5.0023,44.2452]]]}},{"type":"Feature","properties":{"Major_or_M":"0","Known_or_a":"0"},"geometry":{"type":"MultiLineString","coordinates":[[[5.1061,44.3514],[5.0746,44.3083],[5.0695,44.2541],[5.038,44.2345]]]}},{"type":"Feature","properties":{"Major_or_M":"0","Known_or_a":"0"},"geometry":{"type":"MultiLineString","coordinates":[[[5.4932,44.8484],[5.5942,44.883],[5.7016,45.1614]]]}},{"type":"Feature","properties":{"Major_or_M":"1","Known_or_a":"1"},"geometry":{"type":"MultiLineString","coordinates":[[[6.8745,45.6846],[7.0052,45.7757],[7.1233,45.7147]]]}},{"type":"Feature","properties":{"Major_or_M":"1","Known_or_a":"1"},"geometry":{"type":"MultiLineString","coordinates":[[[6.3751,45.672],[6.4191,45.657],[6.4595,45.5266],[6.5186,45.4809],[6.5766,45.5399],[6.7065,45.5689],[6.7636,45.6141],[6.8436,45.6222],[6.835,45.636],[6.8559,45.6446],[6.8745,45.6846]]]}},{"type":"Feature","properties":{"Major_or_M":"1","Known_or_a":"1"},"geometry":{"type":"MultiLineString","coordinates":[[[6.3751,45.672],[6.415,45.7554],[6.3565,45.7711],[6.2937,45.7483],[6.2594,45.754],[6.2087,45.7818],[6.1937,45.8247],[6.1395,45.8461],[6.1216,45.9111]]]}},{"type":"Feature","properties":{"Major_or_M":"1","Known_or_a":"0"},"geometry":{"type":"MultiLineString","coordinates":[[[6.1216,45.9111],[6.0667,45.8718],[6.0503,45.7847],[6.0268,45.7626],[5.9218,45.7262],[5.9081,45.6376],[5.9322,45.574]]]}},{"type":"Feature","properties":{"Major_or_M":"1","Known_or_a":"1"},"geometry":{"type":"MultiLineString","coordinates":[[[6.1216,45.9111],[6.1381,45.9753],[6.1288,46.016],[6.0838,46.0731],[6.1431,46.1595],[6.1444,46.1958]]]}},{"type":"Feature","properties":{"Major_or_M":"1","Known_or_a":"0"},"geometry":{"type":"MultiLineString","coordinates":[[[5.7105,45.1996],[5.799,45.2213],[5.8926,45.2874],[5.9564,45.3599],[5.9886,45.4474],[6.0373,45.5017],[6.1405,45.5631],[6.2194,45.582],[6.3751,45.672]]]}},{"type":"Feature","properties":{"Major_or_M":"1","Known_or_a":"1"},"geometry":{"type":"MultiLineString","coordinates":[[[5.8243,45.9461],[5.9324,45.9145],[5.9581,45.8417],[5.9467,45.7625],[5.9238,45.7368],[5.906,45.6718],[5.9322,45.5743],[5.9115,45.5608]]]}},{"type":"Feature","properties":{"Major_or_M":"1","Known_or_a":"0"},"geometry":{"type":"MultiLineString","coordinates":[[[5.7063,45.7228],[5.7172,45.7067],[5.692,45.6436],[5.601,45.5818]],[[5.7062,45.7225],[5.6873,45.7603]]]}},{"type":"Feature","properties":{"Major_or_M":"1","Known_or_a":"0"},"geometry":{"type":"MultiLineString","coordinates":[[[6.2937,45.7483],[6.3565,45.7711],[6.415,45.7554],[6.3751,45.672]]]}},{"type":"Feature","properties":{"Major_or_M":"1","Known_or_a":"1"},"geometry":{"type":"MultiLineString","coordinates":[[[5.9322,45.5743],[6.0367,45.5018]]]}},{"type":"Feature","properties":{"Major_or_M":"1","Known_or_a":"0"},"geometry":{"type":"MultiLineString","coordinates":[[[5.718,44.4456],[5.728,44.4992],[5.7851,44.5243]]]}},{"type":"Feature","properties":{"Major_or_M":"1","Known_or_a":"0"},"geometry":{"type":"MultiLineString","coordinates":[[[6.3094,44.5084],[6.2285,44.4615]]]}},{"type":"Feature","properties":{"Major_or_M":"0","Known_or_a":"0"},"geometry":{"type":"MultiLineString","coordinates":[[[5.9115,45.5608],[5.8411,45.5585],[5.8206,45.5421],[5.8105,45.5549],[5.803,45.5377],[5.7331,45.5252],[5.7239,45.5496],[5.601,45.5818]]]}},{"type":"Feature","properties":{"Major_or_M":"1","Known_or_a":"0"},"geometry":{"type":"MultiLineString","coordinates":[[[5.7534,45.7035],[5.7172,45.7067]]]}},{"type":"Feature","properties":{"Major_or_M":"1","Known_or_a":"0"},"geometry":{"type":"MultiLineString","coordinates":[[[5.601,45.5818],[5.692,45.6436],[5.7172,45.7067],[5.7529,45.7032]]]}},{"type":"Feature","properties":{"Major_or_M":"1","Known_or_a":"1"},"geometry":{"type":"MultiLineString","coordinates":[[[5.318,47.871],[5.2404,47.9243]]]}},{"type":"Feature","properties":{"Major_or_M":"1","Known_or_a":"1"},"geometry":{"type":"MultiLineString","coordinates":[[[7.072,46.1166],[7.0542,46.1458],[7.027,46.1516],[6.9103,46.3486],[6.9167,46.4314],[6.7643,46.4971],[6.6294,46.5199]]]}},{"type":"Feature","properties":{"Major_or_M":"1","Known_or_a":"1"},"geometry":{"type":"MultiLineString","coordinates":[[[7.7277,47.545],[7.692,47.575],[7.5935,47.7648],[7.6892,47.9126],[7.7699,47.9983]]]}},{"type":"Feature","properties":{"Major_or_M":"1","Known_or_a":"1"},"geometry":{"type":"MultiLineString","coordinates":[[[7.3625,46.2308],[7.1969,46.1865],[7.072,46.1166]]]}},{"type":"Feature","properties":{"Major_or_M":"1","Known_or_a":"1"},"geometry":{"type":"MultiLineString","coordinates":[[[8.2148,47.5046],[8.0814,47.5328],[7.7277,47.545],[7.6742,47.5314],[7.5835,47.5585],[7.505,47.6463],[7.4886,47.7013],[7.5067,47.8134],[7.5293,47.8997],[7.5628,47.9547],[7.5614,47.9868]]]}},{"type":"Feature","properties":{"Major_or_M":"1","Known_or_a":"1"},"geometry":{"type":"MultiLineString","coordinates":[[[7.4942,47.6678],[7.0759,47.5465],[6.7993,47.4462]]]}},{"type":"Feature","properties":{"Major_or_M":"0","Known_or_a":"1"},"geometry":{"type":"MultiLineString","coordinates":[[[5.3878,47.049],[5.0308,47.0575]]]}},{"type":"Feature","properties":{"Major_or_M":"0","Known_or_a":"1"},"geometry":{"type":"MultiLineString","coordinates":[[[5.7454,47.5696],[5.8739,47.5796],[5.931,47.6232],[6.0031,47.6467],[6.0616,47.711],[6.0588,47.7331],[6.0945,47.756],[6.2868,47.8209],[6.4025,47.8359]]]}},{"type":"Feature","properties":{"Major_or_M":"0"},"geometry":{"type":"MultiLineString","coordinates":[[[6.4025,47.8359],[6.8518,47.6653],[6.8682,47.6475],[6.869,47.6039],[6.7993,47.4462]]]}},{"type":"Feature","properties":{"Major_or_M":"0","Known_or_a":"1"},"geometry":{"type":"MultiLineString","coordinates":[[[7.3625,46.2308],[7.5982,46.31],[7.8659,46.3122],[8.0119,46.34],[8.1811,46.4257],[8.3514,46.5713]]]}},{"type":"Feature","properties":{"Major_or_M":"0","Known_or_a":"0"},"geometry":{"type":"MultiLineString","coordinates":[[[10.6659,47.1176],[10.7359,47.1797],[10.7219,47.2456]]]}},{"type":"Feature","properties":{"Major_or_M":"0","Known_or_a":"0"},"geometry":{"type":"MultiLineString","coordinates":[[[13.8214,47.5552],[13.7707,47.5959],[13.7435,47.5909],[13.725,47.5481],[13.7041,47.5395],[13.6493,47.5467]]]}},{"type":"Feature","properties":{"Major_or_M":"1","Known_or_a":"0"},"geometry":{"type":"MultiLineString","coordinates":[[[10.6753,47.5643],[10.5797,47.5757],[10.4926,47.6357],[10.3812,47.6828],[10.3298,47.7385]]]}},{"type":"Feature","properties":{"Major_or_M":"1","Known_or_a":"0"},"geometry":{"type":"MultiLineString","coordinates":[[[13.7053,47.1096],[13.6903,47.1367],[13.5133,47.2602],[13.4769,47.3858],[13.4283,47.3908],[13.4083,47.4358],[13.312,47.433],[13.2206,47.4572],[13.1942,47.5286],[13.1935,47.605],[13.1578,47.6585],[13.0978,47.7042],[13.0943,47.7777],[13.0621,47.8041]]]}},{"type":"Feature","properties":{"Major_or_M":"1","Known_or_a":"0"},"geometry":{"type":"MultiLineString","coordinates":[[[13.0621,47.8041],[13.0107,47.812],[12.9736,47.8363],[12.8758,47.8363],[12.7602,47.8662],[12.6281,47.8655],[12.4932,47.9433],[12.3426,47.9184],[12.2833,47.9548],[12.1748,47.9233],[12.1684,47.8734],[12.1084,47.8698],[12.0863,47.842],[12.0563,47.8341],[11.855,47.8855],[11.8336,47.9162],[11.5645,47.9976]],[[11.3042,47.999],[11.1886,47.9805],[11.1765,47.9019],[11.1372,47.8712],[11.0215,47.9105],[10.8495,47.8955],[10.6868,47.8234],[10.5297,47.8141],[10.4512,47.767],[10.3339,47.7409],[10.2354,47.6902],[10.1304,47.6652],[10.0869,47.6709],[10.0127,47.6316],[9.8142,47.6152],[9.7528,47.5438],[9.7621,47.506],[9.7243,47.4943]]]}},{"type":"Feature","properties":{"Major_or_M":"0","Known_or_a":"0"},"geometry":{"type":"MultiLineString","coordinates":[[[15.0061,45.9154],[15.0427,45.9145],[15.0891,45.9609],[15.1914,45.9716],[15.1926,46.0472],[15.2485,46.1144],[15.2473,46.1757],[15.2807,46.2102],[15.2654,46.234],[15.2337,46.2036],[15.2301,46.1584],[15.1932,46.14],[15.2027,46.1096],[15.1653,46.0805],[15.2111,46.0448],[15.2557,46.0424],[15.2937,46.0097],[15.4633,45.9829],[15.4906,45.9313]]]}},{"type":"Feature","properties":{"Major_or_M":"1","Known_or_a":"1"},"geometry":{"type":"MultiLineString","coordinates":[[[13.8442,44.862],[13.8649,44.8905],[13.8692,44.9448],[13.7985,45.0312],[13.7749,45.1118],[13.665,45.1946],[13.6,45.2203],[13.7471,45.3252],[13.6664,45.4323],[13.6664,45.4695],[13.6986,45.5223],[13.7664,45.543],[13.7699,45.5822],[13.8121,45.6094],[13.7859,45.6395]]]}},{"type":"Feature","properties":{"Major_or_M":"1","Known_or_a":"1"},"geometry":{"type":"MultiLineString","coordinates":[[[13.7849,45.6408],[13.7642,45.68],[13.7064,45.7264],[13.5401,45.8057],[13.4366,45.8021],[13.3759,45.7664],[13.3459,45.78],[13.2531,45.9991],[13.2446,46.1262],[13.1689,46.2004],[13.1303,46.2789],[13.1468,46.3503],[13.1311,46.3753]]]}},{"type":"Feature","properties":{"Major_or_M":"1","Known_or_a":"1"},"geometry":{"type":"MultiLineString","coordinates":[[[13.0629,47.8049],[13.2717,47.9602],[13.3163,47.981],[13.4763,47.9982]]]}},{"type":"Feature","properties":{"Major_or_M":"0","Known_or_a":"0"},"geometry":{"type":"MultiLineString","coordinates":[[[14.1861,45.2203],[13.9323,45.1519],[13.83,45.1067],[13.7063,45.0942],[13.6494,45.0734]]]}},{"type":"Feature","properties":{"Major_or_M":"1","Known_or_a":"1"},"geometry":{"type":"MultiLineString","coordinates":[[[14.4445,45.331],[14.339,45.3684],[14.2097,45.3153],[14.1404,45.3174],[14.1297,45.2946],[14.1404,45.2596],[14.179,45.2382],[14.1911,45.1803],[14.1576,45.1368],[14.1233,45.1211],[14.1226,45.0868],[14.0605,45.0547],[14.0276,45.059],[13.9648,44.9462],[13.9755,44.8984],[13.9127,44.8919],[13.8442,44.862]]]}},{"type":"Feature","properties":{"Major_or_M":"0","Known_or_a":"1"},"geometry":{"type":"MultiLineString","coordinates":[[[13.8442,44.862],[13.8649,44.8905],[13.8692,44.9448],[13.7985,45.0312],[13.7749,45.1118],[13.665,45.1946],[13.6,45.2203],[13.7421,45.316],[13.7457,45.3374],[13.7273,45.3555],[13.8436,45.3555],[13.9107,45.4012],[13.9785,45.4083],[14.1854,45.3138],[14.339,45.3684],[14.4445,45.331]]]}},{"type":"Feature","properties":{"Major_or_M":"1","Known_or_a":"1"},"geometry":{"type":"MultiLineString","coordinates":[[[15.23,44.1155],[15.2917,44.1071],[15.7065,43.8363],[15.755,43.8192],[15.8407,43.8506],[15.9282,43.8211],[15.9311,43.7812],[16.0234,43.6955],[16.011,43.6631],[16.1256,43.5737],[16.2589,43.5261],[16.375,43.5582],[16.5049,43.5346]]]}},{"type":"Feature","properties":{"Major_or_M":"0","Known_or_a":"0"},"geometry":{"type":"MultiLineString","coordinates":[[[15.5835,44.0432],[15.616,44.0046],[15.6853,43.9646],[15.8052,43.9218],[15.8407,43.8506]]]}},{"type":"Feature","properties":{"Major_or_M":"0","Known_or_a":"0"},"geometry":{"type":"MultiLineString","coordinates":[[[15.7648,43.819],[15.8239,43.7877]]]}},{"type":"Feature","properties":{"Major_or_M":"0","Known_or_a":"0"},"geometry":{"type":"MultiLineString","coordinates":[[[15.8548,43.7861],[16.0111,43.6637],[15.9726,43.5848],[15.9947,43.547],[16.0468,43.517],[16.2589,43.5261]]]}},{"type":"Feature","properties":{"Major_or_M":"0","Known_or_a":"1"},"geometry":{"type":"MultiLineString","coordinates":[[[17.0737,44.281],[17.0154,44.3246],[16.9052,44.3154]]]}},{"type":"Feature","properties":{"Major_or_M":"1","Known_or_a":"1"},"geometry":{"type":"MultiLineString","coordinates":[[[14.9242,44.9969],[14.8564,45.1168],[14.6908,45.1932],[14.5723,45.2974],[14.4445,45.331]]]}},{"type":"Feature","properties":{"Major_or_M":"1","Known_or_a":"1"},"geometry":{"type":"MultiLineString","coordinates":[[[15.6859,44.0182],[15.6659,44.0903],[15.6245,44.1296],[15.6659,44.0903],[15.6865,44.1912]]]}},{"type":"Feature","properties":{"Major_or_M":"1","Known_or_a":"0"},"geometry":{"type":"MultiLineString","coordinates":[[[17.8649,45.4028],[18.1095,45.4028],[18.4367,45.5122],[18.5346,45.5197]]]}},{"type":"Feature","properties":{"Major_or_M":"1","Known_or_a":"0"},"geometry":{"type":"MultiLineString","coordinates":[[[18.6964,42.524],[18.7126,42.5444],[18.6769,42.6768],[18.7104,42.7132],[18.6967,42.7406]]]}},{"type":"Feature","properties":{"Major_or_M":"1","Known_or_a":"1"},"geometry":{"type":"MultiLineString","coordinates":[[[15.4053,46.3553],[15.1626,46.4638],[15.1027,46.5081],[15.0727,46.5652],[14.6902,46.5752],[14.5196,46.6237],[14.3804,46.6851],[14.289,46.643],[14.1577,46.6501],[13.9978,46.6116],[13.8743,46.6337],[13.4503,46.83]]]}},{"type":"Feature","properties":{"Major_or_M":"0","Known_or_a":"0"},"geometry":{"type":"MultiLineString","coordinates":[[[14.2896,45.9534],[14.3719,45.9414],[14.4624,45.9661],[14.5076,45.9395],[14.5699,45.9914]]]}},{"type":"Feature","properties":{"Major_or_M":"0","Known_or_a":"0"},"geometry":{"type":"MultiLineString","coordinates":[[[14.3822,44.6664],[14.4298,44.6997],[14.4393,44.7342],[14.4095,44.8091],[14.3334,44.8877],[14.3411,44.9007],[14.403,44.8984],[14.4244,44.9448],[14.3524,45.078],[14.3627,45.0924]]]}},{"type":"Feature","properties":{"Major_or_M":"0","Known_or_a":"0"},"geometry":{"type":"MultiLineString","coordinates":[[[15.1882,44.234],[15.23,44.1155]]]}},{"type":"Feature","properties":{"Major_or_M":"0","Known_or_a":"0"},"geometry":{"type":"MultiLineString","coordinates":[[[17.8223,42.8313],[17.7324,42.8241]]]}},{"type":"Feature","properties":{"Major_or_M":"1","Known_or_a":"1"},"geometry":{"type":"MultiLineString","coordinates":[[[19.0322,47.516],[19.012,47.5904]]]}},{"type":"Feature","properties":{"Major_or_M":"1","Known_or_a":"1"},"geometry":{"type":"MultiLineString","coordinates":[[[18.4299,47.7313],[18.5425,47.7416]]]}},{"type":"Feature","properties":{"Major_or_M":"0","Known_or_a":"0"},"geometry":{"type":"MultiLineString","coordinates":[[[18.6647,47.7155],[18.8151,47.5549],[18.8386,47.5007],[18.8379,47.4473]]]}},{"type":"Feature","properties":{"Major_or_M":"1","Known_or_a":"1"},"geometry":{"type":"MultiLineString","coordinates":[[[23.591,46.068],[23.526,46.1572],[23.6159,46.1676],[23.6616,46.194],[23.6812,46.2578],[23.7301,46.3149],[23.7137,46.3617],[23.8958,46.4111],[23.7565,46.5626]]]}},{"type":"Feature","properties":{"Major_or_M":"1","Known_or_a":"0"},"geometry":{"type":"MultiLineString","coordinates":[[[23.5922,46.0692],[23.4005,45.9758],[23.2528,45.9354],[23.1072,45.8658],[23.0223,45.8523],[22.881,45.9082],[22.5288,45.9234],[22.3775,45.9903],[22.1334,45.9941],[21.952,46.0831],[21.6784,46.0783],[21.5052,46.1174],[21.4238,46.1188],[21.3139,46.1852],[21.3039,46.16],[21.2611,46.141],[21.0389,46.1291],[20.9332,46.0791],[20.8761,46.0767],[20.6182,46.1038],[20.5663,46.1657],[20.4211,46.2081],[20.1913,46.2418],[20.1252,46.2674],[19.8906,46.2821],[19.7574,46.2831],[19.4238,46.2317],[19.1435,46.1098],[18.719,46.0699]]]}},{"type":"Feature","properties":{"Major_or_M":"1","Known_or_a":"0"},"geometry":{"type":"MultiLineString","coordinates":[[[18.8283,45.8286],[18.677,45.8251],[18.6187,45.8382],[18.4965,45.9114]]]}},{"type":"Feature","properties":{"Major_or_M":"1","Known_or_a":"1"},"geometry":{"type":"MultiLineString","coordinates":[[[20.4684,44.8175],[20.4893,44.7782],[20.6118,44.7616],[20.6755,44.7268],[20.7048,44.6843],[20.7905,44.6457],[20.8741,44.6509],[21.0577,44.7062],[21.1531,44.6899],[21.236,44.738]]]}},{"type":"Feature","properties":{"Major_or_M":"1","Known_or_a":"1"},"geometry":{"type":"MultiLineString","coordinates":[[[19.2777,44.8657],[19.3158,44.8009],[19.3051,44.7693],[19.2586,44.7229],[19.2355,44.664],[19.176,44.6081],[19.1569,44.5445]]]}},{"type":"Feature","properties":{"Major_or_M":"1","Known_or_a":"0"},"geometry":{"type":"MultiLineString","coordinates":[[[19.101,44.4332],[19.0103,44.4884],[18.976,44.5245],[18.976,44.574],[18.9275,44.6016],[18.8766,44.6696]]]}},{"type":"Feature","properties":{"Major_or_M":"1","Known_or_a":"0"},"geometry":{"type":"MultiLineString","coordinates":[[[19.331,44.2119],[19.2606,44.1252],[19.2492,44.09]]]}},{"type":"Feature","properties":{"Major_or_M":"0","Known_or_a":"0"},"geometry":{"type":"MultiLineString","coordinates":[[[20.1901,44.6585],[20.1486,44.4534],[20.0921,44.3439],[20.0403,44.304],[19.9104,44.2796]]]}},{"type":"Feature","properties":{"Major_or_M":"0","Known_or_a":"0"},"geometry":{"type":"MultiLineString","coordinates":[[[21.2765,43.6075],[21.3481,43.6335],[21.3719,43.668],[21.3321,43.8113],[21.3228,43.9352],[21.3279,43.95],[21.3799,43.9355]]]}},{"type":"Feature","properties":{"Major_or_M":"1","Known_or_a":"1"},"geometry":{"type":"MultiLineString","coordinates":[[[18.9931,42.7578],[19.0091,42.7495],[19.0169,42.6803],[19.0532,42.5917],[19.1008,42.5566],[19.2191,42.5161]]]}},{"type":"Feature","properties":{"Major_or_M":"0","Known_or_a":"0"},"geometry":{"type":"MultiLineString","coordinates":[[[20.273,42.6729],[20.4056,42.7496],[20.6287,42.7592],[20.6906,42.7913],[20.8045,42.8002],[20.8437,42.8609],[20.8782,42.8814]]]}},{"type":"Feature","properties":{"Major_or_M":"1","Known_or_a":"1"},"geometry":{"type":"MultiLineString","coordinates":[[[21.236,44.738],[21.2622,44.6199],[21.3088,44.539],[21.3421,44.4019],[21.3831,44.3291],[21.3864,44.2673],[21.3564,44.2263],[21.3474,44.0576],[21.4243,43.8121],[21.4538,43.7546],[21.508,43.7365],[21.5708,43.6319],[21.7524,43.522],[21.8236,43.38],[21.891,43.3286]]]}},{"type":"Feature","properties":{"Major_or_M":"1","Known_or_a":"1"},"geometry":{"type":"MultiLineString","coordinates":[[[23.3346,42.7286],[23.2152,42.8409],[23.0493,42.8671],[23.0072,42.9081],[22.9365,42.9313],[22.8691,43.0095],[22.7377,43.0245],[22.6863,43.0637],[22.6499,43.1179],[22.5707,43.1579],[22.54,43.1989],[22.4554,43.2258],[22.2979,43.2279],[22.239,43.2811],[22.1441,43.3314],[22.0706,43.3275],[22.0531,43.3054],[21.9831,43.3004],[21.891,43.3286]]]}},{"type":"Feature","properties":{"Major_or_M":"1","Known_or_a":"1"},"geometry":{"type":"MultiLineString","coordinates":[[[21.891,43.3286],[21.9888,43.3272],[22.0703,43.3781],[22.0983,43.4233],[22.1021,43.4957],[22.249,43.5823],[22.2614,43.6744],[22.3199,43.7991],[22.4385,43.8638],[22.6122,43.9284],[22.8997,44.0088]]]}},{"type":"Feature","properties":{"Major_or_M":"0","Known_or_a":"0"},"geometry":{"type":"MultiLineString","coordinates":[[[21.9765,42.5932],[21.9157,42.6207]]]}},{"type":"Feature","properties":{"Major_or_M":"0","Known_or_a":"1"},"geometry":{"type":"MultiLineString","coordinates":[[[22.1954,44.4709],[22.3717,44.5081],[22.4167,44.4924],[22.4425,44.4598]]]}},{"type":"Feature","properties":{"Major_or_M":"0","Known_or_a":"1"},"geometry":{"type":"MultiLineString","coordinates":[[[21.236,44.738],[21.3035,44.7591],[21.338,44.8105],[21.3751,44.7905],[21.3944,44.7327],[21.4255,44.7192],[21.5185,44.7613],[21.577,44.7327],[21.6298,44.6621],[21.9292,44.6341],[21.9855,44.6009],[22.0783,44.4816],[22.1718,44.4581],[22.2106,44.4926],[22.2844,44.6265],[22.4207,44.6604],[22.4772,44.6979],[22.5944,44.6158],[22.6558,44.6116],[22.6751,44.6323],[22.624,44.5659],[22.5576,44.5509],[22.4448,44.4688],[22.4455,44.4117],[22.4969,44.3674],[22.5147,44.3196],[22.5052,44.2429],[22.5816,44.2029],[22.735,44.1877],[22.9149,44.1006],[23.0134,44.0885],[23.0241,44.0749],[23.022,44.0471],[22.8997,44.0088]]]}},{"type":"Feature","properties":{"Major_or_M":"1","Known_or_a":"1"},"geometry":{"type":"MultiLineString","coordinates":[[[22.1837,45.4589],[22.4187,45.526],[22.7163,45.5074],[22.8792,45.5481],[22.9838,45.5952],[22.9977,45.6181],[22.9963,45.7848],[23.0223,45.8523],[23.1072,45.8658],[23.2528,45.9354],[23.4005,45.9758],[23.591,46.068]]]}},{"type":"Feature","properties":{"Major_or_M":"0","Known_or_a":"0"},"geometry":{"type":"MultiLineString","coordinates":[[[21.6224,45.433],[21.6837,45.3867],[21.7647,45.3722]]]}},{"type":"Feature","properties":{"Major_or_M":"1","Known_or_a":"1"},"geometry":{"type":"MultiLineString","coordinates":[[[22.1825,45.4577],[22.2608,45.2947],[22.3093,45.2469],[22.3022,45.1105],[22.3464,45.0549],[22.405,44.7072]]]}},{"type":"Feature","properties":{"Major_or_M":"1","Known_or_a":"1"},"geometry":{"type":"MultiLineString","coordinates":[[[22.5285,44.4253],[22.5749,44.4745],[22.5677,44.4938]]]}},{"type":"Feature","properties":{"Major_or_M":"1","Known_or_a":"1"},"geometry":{"type":"MultiLineString","coordinates":[[[23.0223,45.8523],[22.881,45.9082],[22.7991,45.9077]]]}},{"type":"Feature","properties":{"Major_or_M":"0","Known_or_a":"0"},"geometry":{"type":"MultiLineString","coordinates":[[[22.971,46.3827],[22.9471,46.4553],[22.9001,46.4571]]]}},{"type":"Feature","properties":{"Major_or_M":"0","Known_or_a":"0"},"geometry":{"type":"MultiLineString","coordinates":[[[23.1951,46.1247],[23.0602,46.2321],[23.0554,46.258],[23.098,46.3732]]]}},{"type":"Feature","properties":{"Major_or_M":"1","Known_or_a":"1"},"geometry":{"type":"MultiLineString","coordinates":[[[23.2228,46.985],[22.865,46.8746]]]}},{"type":"Feature","properties":{"Major_or_M":"1","Known_or_a":"1"},"geometry":{"type":"MultiLineString","coordinates":[[[23.2228,46.985],[23.2662,47.014],[23.2769,47.0401],[23.1746,47.0913],[23.1969,47.169]]]}},{"type":"Feature","properties":{"Major_or_M":"1","Known_or_a":"1"},"geometry":{"type":"MultiLineString","coordinates":[[[23.8634,45.9023],[23.6364,45.9309],[23.6007,45.9452],[23.5628,46.0141],[23.5014,46.0249]]]}},{"type":"Feature","properties":{"Major_or_M":"1","Known_or_a":"1"},"geometry":{"type":"MultiLineString","coordinates":[[[23.7565,46.5626],[23.7663,46.6662],[23.802,46.7366],[23.7981,46.7551],[23.7381,46.7899],[23.8132,46.9797],[23.9174,47.0632],[23.915,47.1127],[23.885,47.1774]]]}},{"type":"Feature","properties":{"Major_or_M":"0","Known_or_a":"0"},"geometry":{"type":"MultiLineString","coordinates":[[[22.8777,46.1253],[22.8197,46.117]]]}},{"type":"Feature","properties":{"Major_or_M":"0","Known_or_a":"0"},"geometry":{"type":"MultiLineString","coordinates":[[[24.1808,46.4956],[24.0536,46.4747],[23.8958,46.4111]]]}},{"type":"Feature","properties":{"Major_or_M":"1","Known_or_a":"1"},"geometry":{"type":"MultiLineString","coordinates":[[[23.7189,46.7488],[23.7028,46.7053],[23.7663,46.6662]]]}},{"type":"Feature","properties":{"Major_or_M":"0","Known_or_a":"0"},"geometry":{"type":"MultiLineString","coordinates":[[[23.6131,46.7637],[23.4849,46.7395],[23.3321,46.7567],[23.1295,46.8341],[22.865,46.8746]]]}},{"type":"Feature","properties":{"Major_or_M":"0","Known_or_a":"0"},"geometry":{"type":"MultiLineString","coordinates":[[[23.6131,46.7637],[23.7381,46.7899]]]}},{"type":"Feature","properties":{"Major_or_M":"0","Known_or_a":"0"},"geometry":{"type":"MultiLineString","coordinates":[[[24.2918,45.6818],[24.3315,45.743],[24.46,45.7917],[25.1624,45.8936],[25.2523,46.0059],[25.3146,45.9983],[25.4669,46.0201],[25.6318,46.1149],[25.8143,46.0772],[26.0323,46.062],[26.1304,46.0271],[26.3524,46.0707],[26.3824,46.085],[26.4802,46.1975],[26.5712,46.2256],[26.6687,46.227],[26.7914,46.2905],[26.8191,46.2917],[26.8863,46.2563],[26.9077,46.2284],[27.2504,46.0707],[27.2682,46.03]]]}},{"type":"Feature","properties":{"Major_or_M":"0","Known_or_a":"0"},"geometry":{"type":"MultiLineString","coordinates":[[[24.4526,43.7119],[24.3719,43.6298],[24.2249,43.5498],[24.2077,43.4221],[24.1213,43.3485],[24.0564,43.3264],[24.0377,43.212],[23.7835,43.1568],[23.7807,43.0302],[23.7455,43.0008],[23.7474,42.9161],[23.7721,42.8361],[23.7378,42.7952],[23.6693,42.7667]]]}},{"type":"Feature","properties":{"Major_or_M":"0","Known_or_a":"0"},"geometry":{"type":"MultiLineString","coordinates":[[[24.6951,43.2665],[24.7695,43.3139],[24.8313,43.3972],[25.2632,43.5776]]]}},{"type":"Feature","properties":{"Major_or_M":"1","Known_or_a":"1"},"geometry":{"type":"MultiLineString","coordinates":[[[23.6626,42.6059],[23.3346,42.7286]]]}},{"type":"Feature","properties":{"Major_or_M":"0","Known_or_a":"0"},"geometry":{"type":"MultiLineString","coordinates":[[[25.638,43.2349],[25.638,43.3057],[25.6694,43.4541],[25.6475,43.5328],[25.5809,43.6393]]]}},{"type":"Feature","properties":{"Major_or_M":"0","Known_or_a":"0"},"geometry":{"type":"MultiLineString","coordinates":[[[28.8375,44.8918],[28.7325,44.9182],[28.6997,44.9639],[28.5858,45.0253]]]}},{"type":"Feature","properties":{"Major_or_M":"0","Known_or_a":"0"},"geometry":{"type":"MultiLineString","coordinates":[[[27.9508,44.6984],[28.0517,44.6813],[28.3265,44.5685],[28.4821,44.4842],[28.5493,44.4087]]]}},{"type":"Feature","properties":{"Major_or_M":"0","Known_or_a":"0"},"geometry":{"type":"MultiLineString","coordinates":[[[28.1721,45.3401],[28.1254,45.3999]]]}},{"type":"Feature","properties":{"Major_or_M":"1","Known_or_a":"1"},"geometry":{"type":"MultiLineString","coordinates":[[[19.4001,40.5617],[19.4077,40.596],[19.5524,40.693],[19.5781,40.734]]]}},{"type":"Feature","properties":{"Major_or_M":"0","Known_or_a":"0"},"geometry":{"type":"MultiLineString","coordinates":[[[19.7589,40.775],[19.8326,40.7445],[20.0509,40.6987],[20.0878,40.6725],[20.1461,40.5904],[20.2367,40.5339],[20.3,40.471],[20.5313,40.4425],[20.6015,40.4534],[20.6405,40.4767],[20.7026,40.5676],[20.7788,40.6376],[20.8655,40.6994],[20.9102,40.6961],[20.9412,40.6794],[20.9864,40.6009],[21.0292,40.5619],[21.1049,40.5305],[21.2355,40.5243],[21.2565,40.5091],[21.276,40.4562],[21.3737,40.4224],[21.4037,40.3635],[21.6239,40.3435],[21.7172,40.3054],[21.7693,40.3072],[21.8969,40.3773],[22.0696,40.3925],[22.1351,40.4301],[22.2015,40.5316]]]}},{"type":"Feature","properties":{"Major_or_M":"0","Known_or_a":"0"},"geometry":{"type":"MultiLineString","coordinates":[[[22.2015,40.5316],[22.1932,40.577],[22.1195,40.6466],[22.1088,40.6746],[22.1347,40.7818]]]}},{"type":"Feature","properties":{"Major_or_M":"0","Known_or_a":"0"},"geometry":{"type":"MultiLineString","coordinates":[[[22.2015,40.5316],[22.3226,40.6043],[22.5543,40.6943],[22.5858,40.7129],[22.6023,40.7507]]]}},{"type":"Feature","properties":{"Major_or_M":"0","Known_or_a":"0"},"geometry":{"type":"MultiLineString","coordinates":[[[20.0068,40.3396],[19.9959,40.3932],[20.0202,40.4341],[20.0664,40.4696],[20.1316,40.4777],[20.1511,40.5058],[20.1939,40.5067],[20.2367,40.5339]]]}},{"type":"Feature","properties":{"Major_or_M":"0","Known_or_a":"0"},"geometry":{"type":"MultiLineString","coordinates":[[[22.491,40.5677],[22.4626,40.6593]]]}},{"type":"Feature","properties":{"Major_or_M":"1"},"geometry":{"type":"MultiLineString","coordinates":[[[23.3346,42.7286],[23.6296,42.6261],[23.6938,42.5868],[23.7248,42.5589],[23.7503,42.4877],[23.804,42.4195],[23.9628,42.3172]]]}},{"type":"Feature","properties":{"Major_or_M":"1","Known_or_a":"0"},"geometry":{"type":"MultiLineString","coordinates":[[[22.3603,42.2165],[22.2664,42.1049],[22.2578,42.0288],[22.1969,41.9384],[22.2369,41.8584],[22.1845,41.7965],[22.1817,41.7234],[22.116,41.7101],[22.0307,41.7414],[21.9685,41.6349],[21.977,41.5683],[21.8962,41.4531],[21.7905,41.4312],[21.7406,41.3799],[21.5922,41.3703],[21.4728,41.2923],[21.3814,41.1338],[21.3757,41.0767],[21.3458,41.0234]]]}},{"type":"Feature","properties":{"Major_or_M":"1","Known_or_a":"1"},"geometry":{"type":"MultiLineString","coordinates":[[[26.3813,40.9259],[26.2819,40.9489],[26.1636,40.8778],[26.115,40.866],[25.7754,40.8592],[25.7278,40.866],[25.6656,40.9491],[25.692,40.987],[25.697,41.0373],[25.3841,41.1389],[25.1354,41.1201],[24.9622,41.1322],[24.7762,41.0925]]]}},{"type":"Feature","properties":{"Major_or_M":"0","Known_or_a":"0"},"geometry":{"type":"MultiLineString","coordinates":[[[24.9196,41.1261],[24.8571,41.1958],[24.8157,41.2119],[24.7573,41.2261],[24.7206,41.2119],[24.6037,41.2429],[24.5626,41.2397],[24.3426,41.183],[24.2762,41.1476],[24.2512,41.1094],[24.2765,41.0396]]]}},{"type":"Feature","properties":{"Major_or_M":"0","Known_or_a":"0"},"geometry":{"type":"MultiLineString","coordinates":[[[23.9411,41.0463],[23.9684,40.9921]]]}},{"type":"Feature","properties":{"Major_or_M":"0","Known_or_a":"1"},"geometry":{"type":"MultiLineString","coordinates":[[[23.5563,41.0999],[23.8169,41.0331],[23.9128,41.0368],[23.9724,41.0709],[24.1203,41.0459]]]}},{"type":"Feature","properties":{"Major_or_M":"0","Known_or_a":"0"},"geometry":{"type":"MultiLineString","coordinates":[[[23.9724,41.0709],[24.1457,41.148],[24.2545,41.0939]]]}},{"type":"Feature","properties":{"Major_or_M":"0","Known_or_a":"1"},"geometry":{"type":"MultiLineString","coordinates":[[[24.367,40.9599],[24.264,40.9242],[24.1839,40.8766],[24.0706,40.8516],[23.9508,40.7966],[23.9015,40.788],[23.8406,40.8165]]]}},{"type":"Feature","properties":{"Major_or_M":"0","Known_or_a":"0"},"geometry":{"type":"MultiLineString","coordinates":[[[24.4012,40.9402],[24.3197,40.8867],[24.3042,40.8326],[24.1473,40.7419],[24.0414,40.7264],[23.9169,40.7901]]]}},{"type":"Feature","properties":{"Major_or_M":"0","Known_or_a":"0"},"geometry":{"type":"MultiLineString","coordinates":[[[23.0739,41.2701],[23.0998,41.1925],[23.1899,41.1672],[23.3218,41.0259],[23.4264,40.9516],[23.6671,40.8609],[23.8434,40.8243]]]}},{"type":"Feature","properties":{"Major_or_M":"0","Known_or_a":"0"},"geometry":{"type":"MultiLineString","coordinates":[[[23.3328,40.1956],[23.3578,40.1447],[23.4729,40.0424],[23.5991,39.9895]]]}},{"type":"Feature","properties":{"Major_or_M":"0","Known_or_a":"0"},"geometry":{"type":"MultiLineString","coordinates":[[[23.463,41.1241],[23.3833,41.0766],[23.3608,41.031],[23.3636,40.9992]]]}},{"type":"Feature","properties":{"Major_or_M":"0","Known_or_a":"0"},"geometry":{"type":"MultiLineString","coordinates":[[[23.3481,41.2856],[23.032,41.2653],[22.8882,41.2799],[22.8364,41.2534],[22.7736,41.1895],[22.7324,41.177]]]}},{"type":"Feature","properties":{"Major_or_M":"0","Known_or_a":"0"},"geometry":{"type":"MultiLineString","coordinates":[[[22.7714,41.1874],[22.8044,41.053],[22.8948,40.9759]]]}},{"type":"Feature","properties":{"Major_or_M":"0","Known_or_a":"0"},"geometry":{"type":"MultiLineString","coordinates":[[[22.9128,40.854],[22.9197,40.9188],[22.8908,40.9905],[22.8908,41.0366]]]}},{"type":"Feature","properties":{"Major_or_M":"0","Known_or_a":"0"},"geometry":{"type":"MultiLineString","coordinates":[[[22.966,40.6806],[22.9286,40.7594],[22.9652,40.8043],[22.8977,40.8685],[22.8577,40.9331],[22.8181,40.9506],[22.7425,40.9441]]]}},{"type":"Feature","properties":{"Major_or_M":"0","Known_or_a":"0"},"geometry":{"type":"MultiLineString","coordinates":[[[22.9857,40.7168],[23.0374,40.8688],[23.1368,40.9024],[23.2707,40.9913],[23.3689,40.9943]]]}},{"type":"Feature","properties":{"Major_or_M":"0","Known_or_a":"0"},"geometry":{"type":"MultiLineString","coordinates":[[[22.3843,40.5319],[22.428,40.5019],[22.5615,40.5073]]]}},{"type":"Feature","properties":{"Major_or_M":"0","Known_or_a":"0"},"geometry":{"type":"MultiLineString","coordinates":[[[22.599,41.0396],[22.7205,41.1001]]]}},{"type":"Feature","properties":{"Major_or_M":"0","Known_or_a":"0"},"geometry":{"type":"MultiLineString","coordinates":[[[29.627,40.6933],[29.5856,40.6577],[29.5601,40.6048]]]}},{"type":"Feature","properties":{"Major_or_M":"1","Known_or_a":"0"},"geometry":{"type":"MultiLineString","coordinates":[[[29.9253,40.7666],[29.9984,40.7693],[30.1451,40.7331],[30.2778,40.7544],[30.3926,40.7445],[30.4972,40.7652]]]}},{"type":"Feature","properties":{"Major_or_M":"0","Known_or_a":"0"},"geometry":{"type":"MultiLineString","coordinates":[[[20.9907,39.1585],[21.0507,39.1789],[21.074,39.2042]]]}},{"type":"Feature","properties":{"Major_or_M":"0","Known_or_a":"0"},"geometry":{"type":"MultiLineString","coordinates":[[[21.1763,38.8851],[21.1707,38.8592]]]}},{"type":"Feature","properties":{"Major_or_M":"0","Known_or_a":"0"},"geometry":{"type":"MultiLineString","coordinates":[[[26.1508,39.759],[26.2933,39.8095],[26.336,39.8396]]]}},{"type":"Feature","properties":{"Major_or_M":"0","Known_or_a":"0"},"geometry":{"type":"MultiLineString","coordinates":[[[26.5519,39.5433],[26.5323,39.5885],[26.4467,39.5858],[26.3322,39.5027]]]}},{"type":"Feature","properties":{"Major_or_M":"0","Known_or_a":"0"},"geometry":{"type":"MultiLineString","coordinates":[[[26.8072,39.2017],[26.9258,39.0948],[27.0644,39.104],[27.1817,39.1414]]]}},{"type":"Feature","properties":{"Major_or_M":"0","Known_or_a":"0"},"geometry":{"type":"MultiLineString","coordinates":[[[27.8872,39.6357],[27.6881,39.5378],[27.6354,39.3497],[27.5447,39.2019],[27.3456,39.188],[27.1817,39.1414]]]}},{"type":"Feature","properties":{"Major_or_M":"1","Known_or_a":"0"},"geometry":{"type":"MultiLineString","coordinates":[[[27.833,38.9261],[27.6673,39.1594],[27.6133,39.1923],[27.4378,39.2012],[27.1817,39.1414]]]}},{"type":"Feature","properties":{"Major_or_M":"1","Known_or_a":"0"},"geometry":{"type":"MultiLineString","coordinates":[[[28.1789,38.5097],[28.2475,38.5331],[28.2774,38.5825]]]}},{"type":"Feature","properties":{"Major_or_M":"1","Known_or_a":"0"},"geometry":{"type":"MultiLineString","coordinates":[[[27.3572,37.9436],[27.375,37.8902],[27.423,37.8728],[27.5034,37.8786],[27.5271,37.8598],[27.6058,37.8766],[27.7389,37.8619],[28.0823,37.8667],[28.1532,37.8996],[28.2365,37.9014],[28.3668,37.9351],[28.5633,37.916],[28.5817,37.8752]]]}},{"type":"Feature","properties":{"Major_or_M":"0","Known_or_a":"0"},"geometry":{"type":"MultiLineString","coordinates":[[[27.3475,37.9453],[27.3101,37.9445],[27.271,37.9114],[27.2792,37.888],[27.2599,37.8366],[27.292,37.7944],[27.4044,37.7557]]]}},{"type":"Feature","properties":{"Major_or_M":"0","Known_or_a":"0"},"geometry":{"type":"MultiLineString","coordinates":[[[27.8139,37.4181],[27.7828,37.3208]]]}},{"type":"Feature","properties":{"Major_or_M":"0","Known_or_a":"0"},"geometry":{"type":"MultiLineString","coordinates":[[[27.2729,37.5297],[27.2672,37.4651],[27.2399,37.422],[27.2476,37.3881]]]}},{"type":"Feature","properties":{"Major_or_M":"0","Known_or_a":"0"},"geometry":{"type":"MultiLineString","coordinates":[[[27.2476,37.3881],[27.2235,37.4196],[27.2226,37.4496],[27.2654,37.4916],[27.2729,37.5297]]]}},{"type":"Feature","properties":{"Major_or_M":"0","Known_or_a":"1"},"geometry":{"type":"MultiLineString","coordinates":[[[29.6641,38.4952],[29.7639,38.3378],[29.8567,38.322]]]}},{"type":"Feature","properties":{"Major_or_M":"1","Known_or_a":"1"},"geometry":{"type":"MultiLineString","coordinates":[[[32.5217,39.7945],[32.7193,39.9211],[32.8729,39.949]]]}},{"type":"Feature","properties":{"Major_or_M":"1","Known_or_a":"1"},"geometry":{"type":"MultiLineString","coordinates":[[[34.2878,37.9875],[34.0554,38.1192],[34.059,38.3516],[33.9951,38.4669],[34.0015,38.5169],[34.0301,38.5679],[33.8338,38.7474],[33.6806,38.9152],[33.4858,39.2396],[33.4242,39.2902],[33.3313,39.3081],[33.2174,39.3541],[33.0878,39.4763],[32.9872,39.5399],[32.9512,39.6051],[32.8949,39.6183],[32.8537,39.6501],[32.8337,39.6954],[32.8229,39.8244],[32.8635,39.9019],[32.8643,39.9588],[32.7315,39.9603],[32.5966,40.0103]]]}},{"type":"Feature","properties":{"Major_or_M":"0","Known_or_a":"0"},"geometry":{"type":"MultiLineString","coordinates":[[[32.2385,38.2537],[32.1631,38.3297]]]}},{"type":"Feature","properties":{"Major_or_M":"1","Known_or_a":"1"},"geometry":{"type":"MultiLineString","coordinates":[[[36.5263,39.9754],[36.5435,39.917],[36.6049,39.8651]]]}},{"type":"Feature","properties":{"Major_or_M":"0","Known_or_a":"1"},"geometry":{"type":"MultiLineString","coordinates":[[[36.5153,38.4905],[36.4622,38.4197],[36.4428,38.3496]]]}},{"type":"Feature","properties":{"Major_or_M":"0","Known_or_a":"1"},"geometry":{"type":"MultiLineString","coordinates":[[[36.9214,38.2463],[36.9438,38.3849],[36.9223,38.4281],[36.9434,38.4397],[36.7873,38.5163],[36.5153,38.4905],[36.4087,38.6361],[36.2325,38.6749],[36.0339,38.6773],[35.9073,38.6437],[35.8832,38.624]]]}},{"type":"Feature","properties":{"Major_or_M":"1","Known_or_a":"0"},"geometry":{"type":"MultiLineString","coordinates":[[[30.7022,36.8967],[30.857,36.9668]]]}},{"type":"Feature","properties":{"Major_or_M":"1","Known_or_a":"1"},"geometry":{"type":"MultiLineString","coordinates":[[[29.5195,37.1574],[29.5512,37.0019],[29.6319,36.9722],[29.6629,36.9221],[29.6593,36.8969],[29.6075,36.8361],[29.5697,36.831]]]}},{"type":"Feature","properties":{"Major_or_M":"0","Known_or_a":"1"},"geometry":{"type":"MultiLineString","coordinates":[[[29.9893,36.275],[30.0154,36.3032],[30.0171,36.3311],[29.9949,36.312],[29.9914,36.2813]]]}},{"type":"Feature","properties":{"Major_or_M":"0","Known_or_a":"0"},"geometry":{"type":"MultiLineString","coordinates":[[[29.9638,36.3751],[29.9452,36.3403],[29.9921,36.2954]]]}},{"type":"Feature","properties":{"Major_or_M":"0","Known_or_a":"1"},"geometry":{"type":"MultiLineString","coordinates":[[[30.1729,36.3401],[30.4345,36.384],[30.4516,36.4094],[30.4431,36.4744],[30.5438,36.5268]]]}},{"type":"Feature","properties":{"Major_or_M":"1","Known_or_a":"0"},"geometry":{"type":"MultiLineString","coordinates":[[[30.603,36.9783],[30.7209,36.9921]]]}},{"type":"Feature","properties":{"Major_or_M":"0","Known_or_a":"1"},"geometry":{"type":"MultiLineString","coordinates":[[[31.7328,37.6828],[31.9294,37.899]]]}},{"type":"Feature","properties":{"Major_or_M":"0","Known_or_a":"1"},"geometry":{"type":"MultiLineString","coordinates":[[[31.397,36.7752],[31.461,36.7921],[31.4809,36.8192],[31.5799,36.872]]]}},{"type":"Feature","properties":{"Major_or_M":"0","Known_or_a":"0"},"geometry":{"type":"MultiLineString","coordinates":[[[5.1254,36.4575],[5.0013,36.466]]]}},{"type":"Feature","properties":{"Major_or_M":"0","Known_or_a":"0"},"geometry":{"type":"MultiLineString","coordinates":[[[9.6413,36.405],[9.7012,36.3188]]]}},{"type":"Feature","properties":{"Major_or_M":"0","Known_or_a":"0"},"geometry":{"type":"MultiLineString","coordinates":[[[9.7012,36.3188],[9.8345,36.3493],[9.9035,36.3974]]]}},{"type":"Feature","properties":{"Major_or_M":"0","Known_or_a":"0"},"geometry":{"type":"MultiLineString","coordinates":[[[9.6403,36.405],[9.4481,36.3793]]]}},{"type":"Feature","properties":{"Major_or_M":"0","Known_or_a":"0"},"geometry":{"type":"MultiLineString","coordinates":[[[8.686,36.453],[8.735,36.5624]]]}},{"type":"Feature","properties":{"Major_or_M":"0","Known_or_a":"0"},"geometry":{"type":"MultiLineString","coordinates":[[[8.735,36.5624],[8.6841,36.669],[8.685,36.749],[8.6926,36.8727],[8.7502,36.9317],[8.7507,36.9541]]]}},{"type":"Feature","properties":{"Major_or_M":"0","Known_or_a":"0"},"geometry":{"type":"MultiLineString","coordinates":[[[8.686,36.453],[8.5657,36.4922]]]}},{"type":"Feature","properties":{"Major_or_M":"0","Known_or_a":"0"},"geometry":{"type":"MultiLineString","coordinates":[[[8.7058,36.1784],[8.7886,36.2754],[8.7905,36.2978],[8.7691,36.3516],[8.686,36.453]]]}},{"type":"Feature","properties":{"Major_or_M":"0","Known_or_a":"0"},"geometry":{"type":"MultiLineString","coordinates":[[[8.5657,36.4922],[8.4182,36.4588],[8.2921,36.2484]]]}},{"type":"Feature","properties":{"Major_or_M":"0","Known_or_a":"0"},"geometry":{"type":"MultiLineString","coordinates":[[[8.5657,36.4922],[8.6224,36.5316],[8.735,36.5624]]]}},{"type":"Feature","properties":{"Major_or_M":"1","Known_or_a":"0"},"geometry":{"type":"MultiLineString","coordinates":[[[11.0927,36.8395],[11.0284,36.8005],[10.8615,36.5734]]]}},{"type":"Feature","properties":{"Major_or_M":"1","Known_or_a":"0"},"geometry":{"type":"MultiLineString","coordinates":[[[10.64,35.8363],[10.6867,35.7838],[10.8719,35.6797],[10.7988,35.549],[10.7151,35.3044]],[[9.1302,35.2578],[9.2955,35.298],[9.3226,35.3246],[9.5722,35.4036]],[[10.7532,34.7274],[10.8623,34.8443],[10.9147,34.9228],[10.9311,34.9761],[10.8973,35.1022],[10.844,35.194],[10.7149,35.3039]]]}},{"type":"Feature","properties":{"Major_or_M":"0","Known_or_a":"0"},"geometry":{"type":"MultiLineString","coordinates":[[[8.3675,36.2332],[8.0595,36.175],[7.8925,36.1198],[7.7592,36.1303],[7.6707,36.1631]]]}},{"type":"Feature","properties":{"Major_or_M":"0","Known_or_a":"0"},"geometry":{"type":"MultiLineString","coordinates":[[[8.5657,36.4922],[8.5333,36.4425],[8.5228,36.3568]]]}},{"type":"Feature","properties":{"Major_or_M":"0","Known_or_a":"0"},"geometry":{"type":"MultiLineString","coordinates":[[[9.2149,36.424],[9.1016,36.3788],[9.1606,36.365]]]}},{"type":"Feature","properties":{"Major_or_M":"0","Known_or_a":"0"},"geometry":{"type":"MultiLineString","coordinates":[[[9.8502,37.2673],[9.7726,37.2416],[9.7555,37.2149],[9.7584,37.1488],[9.7388,37.1241],[9.6832,37.1279]]]}},{"type":"Feature","properties":{"Major_or_M":"1","Known_or_a":"0"},"geometry":{"type":"MultiLineString","coordinates":[[[10.8615,36.5734],[10.7866,36.4716],[10.6301,36.4031],[10.5788,36.4016]]]}},{"type":"Feature","properties":{"Major_or_M":"0","Known_or_a":"0"},"geometry":{"type":"MultiLineString","coordinates":[[[10.1614,36.6072],[10.1852,36.8009]]]}},{"type":"Feature","properties":{"Major_or_M":"1","Known_or_a":"0"},"geometry":{"type":"MultiLineString","coordinates":[[[10.64,35.8363],[10.6377,35.7851],[10.614,35.7555],[10.6201,35.6708],[10.6487,35.4986],[10.7082,35.4072],[10.7149,35.3039]]]}},{"type":"Feature","properties":{"Major_or_M":"1","Known_or_a":"0"},"geometry":{"type":"MultiLineString","coordinates":[[[9.7274,35.5985],[9.7349,35.6377]]]}},{"type":"Feature","properties":{"Major_or_M":"1","Known_or_a":"0"},"geometry":{"type":"MultiLineString","coordinates":[[[9.5712,35.4031],[9.7274,35.5985],[10.001,35.6466],[10.2042,35.639],[10.337,35.6718],[10.64,35.8363]],[[9.5722,35.4036],[9.4231,35.2837],[9.1302,35.2578]]]}},{"type":"Feature","properties":{"Major_or_M":"0","Known_or_a":"0"},"geometry":{"type":"MultiLineString","coordinates":[[[9.7468,35.585],[9.375,35.8227],[9.4787,35.6523],[9.5125,35.51],[9.5708,35.4027],[9.3302,35.452],[9.0861,35.5571]]]}},{"type":"Feature","properties":{"Major_or_M":"1","Known_or_a":"0"},"geometry":{"type":"MultiLineString","coordinates":[[[10.0235,34.1258],[10.0258,34.1567],[9.9996,34.2019],[10.0114,34.2384],[10.0628,34.2427],[10.1033,34.3055],[10.1804,34.3798],[10.1747,34.4178],[10.2794,34.4474],[10.336,34.4474],[10.4296,34.4992]],[[10.0179,34.032],[10.0224,34.1257]]]}},{"type":"Feature","properties":{"Major_or_M":"0","Known_or_a":"0"},"geometry":{"type":"MultiLineString","coordinates":[[[9.1302,35.2578],[9.5358,35.0541],[9.6976,34.9999]]]}},{"type":"Feature","properties":{"Major_or_M":"1","Known_or_a":"0"},"geometry":{"type":"MultiLineString","coordinates":[[[8.5918,34.9855],[8.5729,35.074],[8.4908,35.2204],[8.4965,35.4427],[8.4613,35.5744]]]}},{"type":"Feature","properties":{"Major_or_M":"1","Known_or_a":"0"},"geometry":{"type":"MultiLineString","coordinates":[[[8.5552,35.6394],[8.7265,35.5657],[8.9018,35.578],[9.0151,35.5515],[9.0869,35.5566]]]}},{"type":"Feature","properties":{"Major_or_M":"1","Known_or_a":"0"},"geometry":{"type":"MultiLineString","coordinates":[[[9.2197,35.865],[9.0907,35.8184],[9.0255,35.7736]]]}},{"type":"Feature","properties":{"Major_or_M":"1","Known_or_a":"0"},"geometry":{"type":"MultiLineString","coordinates":[[[8.6905,35.5746],[9.0255,35.7736]]]}},{"type":"Feature","properties":{"Major_or_M":"1","Known_or_a":"0"},"geometry":{"type":"MultiLineString","coordinates":[[[10.9863,35.3777],[10.7151,35.3044]]]}},{"type":"Feature","properties":{"Major_or_M":"1","Known_or_a":"0"},"geometry":{"type":"MultiLineString","coordinates":[[[10.7534,34.7275],[10.8069,35.2495],[10.8235,35.2739],[11.0413,35.3994]]]}},{"type":"Feature","properties":{"Major_or_M":"0","Known_or_a":"0"},"geometry":{"type":"MultiLineString","coordinates":[[[8.5918,34.9855],[8.5357,34.9477]]]}},{"type":"Feature","properties":{"Major_or_M":"1","Known_or_a":"1"},"geometry":{"type":"MultiLineString","coordinates":[[[9.7813,33.8785],[9.7226,33.9477],[9.5578,34.0852]]]}},{"type":"Feature","properties":{"Major_or_M":"0","Known_or_a":"0"},"geometry":{"type":"MultiLineString","coordinates":[[[9.2227,35.8979],[9.2189,35.8646]]]}},{"type":"Feature","properties":{"Major_or_M":"0","Known_or_a":"0"},"geometry":{"type":"MultiLineString","coordinates":[[[10.4419,35.4365],[10.4189,35.4591]]]}},{"type":"Feature","properties":{"Major_or_M":"0","Known_or_a":"1"},"geometry":{"type":"MultiLineString","coordinates":[[[5.5392,34.6339],[5.7148,34.8426],[5.8012,35.0485],[6.3566,35.3409],[6.3568,35.3842],[6.3333,35.4056],[6.3297,35.436],[6.2622,35.4905]]]}},{"type":"Feature","properties":{"Major_or_M":"0","Known_or_a":"1"},"geometry":{"type":"MultiLineString","coordinates":[[[6.1826,35.6997],[6.3171,35.6628]]]}},{"type":"Feature","properties":{"Major_or_M":"0","Known_or_a":"0"},"geometry":{"type":"MultiLineString","coordinates":[[[7.423,34.6814],[7.3249,34.7004],[7.2488,34.7423]]]}},{"type":"Feature","properties":{"Major_or_M":"0","Known_or_a":"1"},"geometry":{"type":"MultiLineString","coordinates":[[[5.1983,35.0485],[5.2825,35.0913],[5.3839,35.117],[5.451,35.1663]]]}},{"type":"Feature","properties":{"Major_or_M":"0","Known_or_a":"0"},"geometry":{"type":"MultiLineString","coordinates":[[[7.1197,35.8791],[7.3938,35.8006],[7.433,35.7535],[7.528,35.6928],[7.71,35.6014],[7.8092,35.57],[7.8535,35.5118],[7.9456,35.4469]]]}},{"type":"Feature","properties":{"Major_or_M":"0","Known_or_a":"1"},"geometry":{"type":"MultiLineString","coordinates":[[[5.2936,35.9435],[5.2839,35.8478],[5.264,35.8093],[5.1447,35.7136],[5.0841,35.6308]]]}},{"type":"Feature","properties":{"Major_or_M":"0","Known_or_a":"1"},"geometry":{"type":"MultiLineString","coordinates":[[[5.3289,36.0384],[5.2936,35.9435]]]}},{"type":"Feature","properties":{"Major_or_M":"0","Known_or_a":"1"},"geometry":{"type":"MultiLineString","coordinates":[[[5.0144,35.6748],[5.0687,35.6486],[5.165,35.5223],[5.2554,35.5374],[5.3481,35.5842],[5.3938,35.6456],[5.3928,35.6774]]]}},{"type":"Feature","properties":{"Major_or_M":"0","Known_or_a":"0"},"geometry":{"type":"MultiLineString","coordinates":[[[6.0632,35.781],[6.0637,35.8459],[6.0886,35.9036],[6.0886,36.0333]]]}},{"type":"Feature","properties":{"Major_or_M":"0","Known_or_a":"1"},"geometry":{"type":"MultiLineString","coordinates":[[[5.9103,35.6042],[5.9145,35.5355],[5.9603,35.5075],[6.0642,35.4989]]]}},{"type":"Feature","properties":{"Major_or_M":"0","Known_or_a":"1"},"geometry":{"type":"MultiLineString","coordinates":[[[5.4864,35.8973],[5.3403,36.0327],[5.3289,36.0384],[5.3155,36.0105]]]}},{"type":"Feature","properties":{"Major_or_M":"0","Known_or_a":"1"},"geometry":{"type":"MultiLineString","coordinates":[[[5.2893,35.9199],[5.3673,35.8464],[5.4558,35.85],[5.5529,35.8157],[5.6814,35.8007]],[[5.6818,35.8016],[5.9166,35.7957],[6.0027,35.765],[6.0944,35.7834],[6.1956,35.767],[6.3217,35.7156],[6.3538,35.6794],[6.366,35.6277],[6.4667,35.5049]]]}},{"type":"Feature","properties":{"Major_or_M":"0","Known_or_a":"1"},"geometry":{"type":"MultiLineString","coordinates":[[[6.1679,35.7718],[6.1826,35.6997]]]}},{"type":"Feature","properties":{"Major_or_M":"0","Known_or_a":"1"},"geometry":{"type":"MultiLineString","coordinates":[[[7.4869,34.4529],[7.2556,34.482],[7.0723,34.5621]]]}},{"type":"Feature","properties":{"Major_or_M":"0","Known_or_a":"1"},"geometry":{"type":"MultiLineString","coordinates":[[[5.7498,35.644],[5.6761,35.6167],[5.6368,35.571]]]}},{"type":"Feature","properties":{"Major_or_M":"0","Known_or_a":"1"},"geometry":{"type":"MultiLineString","coordinates":[[[5.8417,35.8764],[5.7546,35.8792],[5.7175,35.8644],[5.6839,35.8322],[5.6818,35.8016]]]}},{"type":"Feature","properties":{"Major_or_M":"0","Known_or_a":"1"},"geometry":{"type":"MultiLineString","coordinates":[[[5.9103,35.6042],[5.9207,35.646],[5.9686,35.7013],[5.9728,35.7367],[6.0027,35.765]]]}},{"type":"Feature","properties":{"Major_or_M":"1","Known_or_a":"0"},"geometry":{"type":"MultiLineString","coordinates":[[[9.5578,34.0852],[9.5294,34.1276],[9.4837,34.1571],[9.1734,34.2294],[9.0059,34.3246],[8.884,34.3531],[8.7932,34.408]]]}},{"type":"Feature","properties":{"Major_or_M":"0","Known_or_a":"1"},"geometry":{"type":"MultiLineString","coordinates":[[[5.3928,35.6774],[5.456,35.7165],[5.4955,35.7744]]]}},{"type":"Feature","properties":{"Major_or_M":"0","Known_or_a":"1"},"geometry":{"type":"MultiLineString","coordinates":[[[5.7546,35.8792],[5.7189,35.9392],[5.726,36.0006]]]}},{"type":"Feature","properties":{"Major_or_M":"0","Known_or_a":"0"},"geometry":{"type":"MultiLineString","coordinates":[[[13.5597,30.4034],[13.7814,30.1732],[14.0463,30.0714],[14.2009,30.0607],[14.3128,30.0173]]]}},{"type":"Feature","properties":{"Major_or_M":"1","Known_or_a":"0"},"geometry":{"type":"MultiLineString","coordinates":[[[13.6612,32.7503],[13.5812,32.7374],[13.4004,32.8173],[13.3518,32.8202]]]}},{"type":"Feature","properties":{"Major_or_M":"1","Known_or_a":"1"},"geometry":{"type":"MultiLineString","coordinates":[[[14.296,32.6406],[14.4268,32.5277],[14.5721,32.4641]]]}},{"type":"Feature","properties":{"Major_or_M":"1","Known_or_a":"1"},"geometry":{"type":"MultiLineString","coordinates":[[[10.1004,33.8801],[10.0367,33.9515],[10.0157,33.9953],[10.0179,34.032]]]}},{"type":"Feature","properties":{"Major_or_M":"0","Known_or_a":"1"},"geometry":{"type":"MultiLineString","coordinates":[[[11.0384,33.4774],[11.1114,33.4944]]]}},{"type":"Feature","properties":{"Major_or_M":"1","Known_or_a":"0"},"geometry":{"type":"MultiLineString","coordinates":[[[10.7983,33.4488],[10.8932,33.475],[11.0384,33.4774]]]}},{"type":"Feature","properties":{"Major_or_M":"1","Known_or_a":"1"},"geometry":{"type":"MultiLineString","coordinates":[[[10.6734,33.5442],[10.4754,33.5935]]]}},{"type":"Feature","properties":{"Major_or_M":"1","Known_or_a":"1"},"geometry":{"type":"MultiLineString","coordinates":[[[10.1794,33.7983],[10.2758,33.6611]]]}},{"type":"Feature","properties":{"Major_or_M":"1","Known_or_a":"0"},"geometry":{"type":"MultiLineString","coordinates":[[[10.2758,33.6611],[10.3498,33.6669],[10.3517,33.5556]]]}},{"type":"Feature","properties":{"Major_or_M":"0","Known_or_a":"0"},"geometry":{"type":"MultiLineString","coordinates":[[[15.5102,30.9652],[15.6975,31.0559],[15.8802,31.2308],[15.9624,31.289]]]}},{"type":"Feature","properties":{"Major_or_M":"0","Known_or_a":"0"},"geometry":{"type":"MultiLineString","coordinates":[[[10.3422,30.192],[10.4155,30.1929],[10.5868,30.1396]]]}},{"type":"Feature","properties":{"Major_or_M":"0","Known_or_a":"0"},"geometry":{"type":"MultiLineString","coordinates":[[[9.5196,30.1483],[9.5148,30.1138]]]}},{"type":"Feature","properties":{"Major_or_M":"0","Known_or_a":"0"},"geometry":{"type":"MultiLineString","coordinates":[[[12.8222,28.4233],[12.6818,28.4599],[12.594,28.4564],[12.4206,28.3921],[12.2992,28.395],[12.2514,28.3336],[12.2214,28.3236],[11.8955,28.4371]]]}},{"type":"Feature","properties":{"Major_or_M":"0","Known_or_a":"0"},"geometry":{"type":"MultiLineString","coordinates":[[[13.6723,26.6289],[13.6676,26.5206],[13.6227,26.3992],[13.7369,26.2636],[13.8804,26.0145]]]}},{"type":"Feature","properties":{"Major_or_M":"0","Known_or_a":"0"},"geometry":{"type":"MultiLineString","coordinates":[[[14.9073,27.2728],[14.9315,27.2675],[15.0719,27.139],[15.0695,27.0843],[14.9517,26.8975],[14.9505,26.8273],[15.0135,26.65],[15.0064,26.6203],[15.0409,26.4763],[15.0362,26.3895],[15.0596,26.294],[15.1248,26.1655]]]}},{"type":"Feature","properties":{"Major_or_M":"0","Known_or_a":"0"},"geometry":{"type":"MultiLineString","coordinates":[[[16.1449,29.1616],[15.9564,29.1311],[15.7754,29.0673]]]}},{"type":"Feature","properties":{"Major_or_M":"0","Known_or_a":"0"},"geometry":{"type":"MultiLineString","coordinates":[[[16.2208,27.6518],[16.0723,27.5033],[16.0188,27.4812],[15.8111,27.4869],[15.5869,27.4584],[15.2875,27.3156],[14.9716,27.2942],[14.8957,27.2666],[14.8659,27.2242],[14.825,27.2064],[14.7493,27.2235],[14.6415,27.2099],[14.6022,27.1857],[14.5152,27.0636],[14.4295,27.0594]]]}},{"type":"Feature","properties":{"Major_or_M":"1","Known_or_a":"0"},"geometry":{"type":"MultiLineString","coordinates":[[[16.2566,31.225],[16.5701,31.2061]]]}},{"type":"Feature","properties":{"Major_or_M":"0","Known_or_a":"0"},"geometry":{"type":"MultiLineString","coordinates":[[[15.401,30.5871],[15.3541,30.7863],[15.4046,30.8367],[15.4645,30.9462],[15.5102,30.9652]]]}},{"type":"Feature","properties":{"Major_or_M":"0","Known_or_a":"0"},"geometry":{"type":"MultiLineString","coordinates":[[[16.1449,29.1616],[16.1143,29.2334],[16.0869,29.3869],[16.0731,29.5958],[16.0292,29.6908],[16.1771,29.8695],[16.2282,30.1271],[16.3659,30.2905],[16.478,30.6214],[16.4733,30.7261],[16.5289,30.9216],[16.5848,31.2103]]]}},{"type":"Feature","properties":{"Major_or_M":"0","Known_or_a":"0"},"geometry":{"type":"MultiLineString","coordinates":[[[16.1449,29.1616],[16.3302,29.024]]]}},{"type":"Feature","properties":{"Major_or_M":"0","Known_or_a":"0"},"geometry":{"type":"MultiLineString","coordinates":[[[17.3519,29.2292],[17.3394,29.3024]]]}},{"type":"Feature","properties":{"Major_or_M":"0","Known_or_a":"0"},"geometry":{"type":"MultiLineString","coordinates":[[[19.1976,29.2165],[19.5802,29.1637],[19.7094,29.1744],[19.8562,29.1445],[19.9543,29.1418]]]}},{"type":"Feature","properties":{"Major_or_M":"0","Known_or_a":"0"},"geometry":{"type":"MultiLineString","coordinates":[[[18.9222,29.0279],[19.04,29.085],[19.1197,29.1706],[19.1976,29.2165]]]}},{"type":"Feature","properties":{"Major_or_M":"0","Known_or_a":"0"},"geometry":{"type":"MultiLineString","coordinates":[[[20.8714,32.4919],[20.8721,32.4484],[20.9106,32.3842],[20.8871,32.2914],[20.9877,32.0494],[21.0248,31.5861]]]}},{"type":"Feature","properties":{"Major_or_M":"1","Known_or_a":"1"},"geometry":{"type":"MultiLineString","coordinates":[[[19.9674,30.6768],[20.1408,30.8852],[20.1942,31.002],[20.2266,31.1514],[20.1961,31.2856],[20.1532,31.3537],[20.127,31.4608],[20.039,31.6416],[20.008,31.7916],[20.0085,31.942],[20.0877,32.0973],[20.0793,32.1282]]]}},{"type":"Feature","properties":{"Major_or_M":"1"},"geometry":{"type":"MultiLineString","coordinates":[[[20.1719,31.5706],[20.0458,31.6243]]]}},{"type":"Feature","properties":{"Major_or_M":"0","Known_or_a":"0"},"geometry":{"type":"MultiLineString","coordinates":[[[20.6187,32.2567],[20.8871,32.3036]]]}},{"type":"Feature","properties":{"Major_or_M":"0","Known_or_a":"0"},"geometry":{"type":"MultiLineString","coordinates":[[[21.3016,29.1859],[21.355,29.1298],[21.4649,29.0577],[21.522,29.0384],[21.6216,29.0505],[21.8029,29.1762],[22.1157,29.2875],[22.2949,29.4039],[22.3706,29.4153],[22.4698,29.4838],[22.7126,29.5852],[22.9429,29.7351],[23.0321,29.7622],[23.0918,29.8065]]]}},{"type":"Feature","properties":{"Major_or_M":"0","Known_or_a":"0"},"geometry":{"type":"MultiLineString","coordinates":[[[22.6437,32.7727],[22.6272,32.6743],[22.5258,32.602],[22.4984,32.5525],[22.4234,32.3705],[22.4075,32.2537],[22.2839,32.1488]]]}},{"type":"Feature","properties":{"Major_or_M":"0","Known_or_a":"0"},"geometry":{"type":"MultiLineString","coordinates":[[[20.1719,31.5706],[20.2882,31.5627],[20.4588,31.5863],[20.6922,31.5749],[20.7742,31.5977],[20.9562,31.6141],[21.0248,31.5861]]]}},{"type":"Feature","properties":{"Major_or_M":"1","Known_or_a":"1"},"geometry":{"type":"MultiLineString","coordinates":[[[21.868,32.8272],[21.9722,32.8943]]]}},{"type":"Feature","properties":{"Major_or_M":"1","Known_or_a":"0"},"geometry":{"type":"MultiLineString","coordinates":[[[22.0678,32.7044],[22.1677,32.6544],[22.3612,32.6359],[22.5187,32.5911]]]}},{"type":"Feature","properties":{"Major_or_M":"0","Known_or_a":"0"},"geometry":{"type":"MultiLineString","coordinates":[[[22.1766,32.7779],[22.1858,32.7936],[22.1579,32.8836]]]}},{"type":"Feature","properties":{"Major_or_M":"0","Known_or_a":"0"},"geometry":{"type":"MultiLineString","coordinates":[[[19.9543,29.1418],[20.1308,29.1369],[20.4391,29.1897],[20.6033,29.2018],[20.871,29.2011],[21.0131,29.1847],[21.2001,29.2018],[21.3015,29.1811],[21.3612,29.2101],[21.529,29.2506],[21.5771,29.2789]]]}},{"type":"Feature","properties":{"Major_or_M":"1","Known_or_a":"1"},"geometry":{"type":"MultiLineString","coordinates":[[[7.689,45.0741],[7.7766,45.0512],[7.9717,44.928],[8.2,44.9042]]]}},{"type":"Feature","properties":{"Major_or_M":"1","Known_or_a":"0"},"geometry":{"type":"MultiLineString","coordinates":[[[7.8958,44.6829],[8.0289,44.6995],[8.1993,44.9037]],[[8.2,44.9042],[8.2742,44.9156],[8.3494,44.8913],[8.4798,44.9118],[8.5307,44.8904],[8.6473,44.8823],[8.861,44.9013]]]}},{"type":"Feature","properties":{"Major_or_M":"1","Known_or_a":"0"},"geometry":{"type":"MultiLineString","coordinates":[[[9.6702,45.7072],[9.5977,45.7051],[9.4879,45.7405],[9.4513,45.7643],[9.4252,45.8116],[9.3631,45.8307],[9.1655,45.807],[9.0813,45.8127]]]}},{"type":"Feature","properties":{"Major_or_M":"1","Known_or_a":"1"},"geometry":{"type":"MultiLineString","coordinates":[[[9.1784,45.4769],[9.1443,45.1932]]]}},{"type":"Feature","properties":{"Major_or_M":"1","Known_or_a":"1"},"geometry":{"type":"MultiLineString","coordinates":[[[9.771,45.1895],[9.3367,45.1632],[9.1443,45.1932]],[[9.7704,45.1893],[10.0259,45.1422]]]}},{"type":"Feature","properties":{"Major_or_M":"0","Known_or_a":"0"},"geometry":{"type":"MultiLineString","coordinates":[[[9.1443,45.1932],[9.2038,45.2619],[9.4177,45.3117]]]}},{"type":"Feature","properties":{"Major_or_M":"1","Known_or_a":"1"},"geometry":{"type":"MultiLineString","coordinates":[[[7.3142,45.7443],[7.2819,45.7958],[7.1788,45.8325],[7.1535,45.8697],[7.1941,45.9086],[7.204,45.9792],[7.1374,46.0378],[7.1411,46.0727],[7.0458,46.0819],[7.0401,46.0919],[7.072,46.1166]]]}},{"type":"Feature","properties":{"Major_or_M":"1","Known_or_a":"0"},"geometry":{"type":"MultiLineString","coordinates":[[[9.1411,45.1825],[9.1242,45.1005],[9.1373,45.0752],[9.1304,45.0246]]]}},{"type":"Feature","properties":{"Major_or_M":"0","Known_or_a":"0"},"geometry":{"type":"MultiLineString","coordinates":[[[8.6209,45.4489],[8.7329,45.6035],[8.8577,45.7293],[9.0641,45.8201]]]}},{"type":"Feature","properties":{"Major_or_M":"0","Known_or_a":"0"},"geometry":{"type":"MultiLineString","coordinates":[[[9.6702,45.7072],[9.6134,45.5864],[9.3961,45.5311],[9.2282,45.5107],[9.1784,45.4769]]]}},{"type":"Feature","properties":{"Major_or_M":"0","Known_or_a":"0"},"geometry":{"type":"MultiLineString","coordinates":[[[10.7952,45.1631],[10.6967,45.1586],[10.6791,45.1719],[10.661,45.2557],[10.6072,45.3175],[10.3402,45.4427],[10.2368,45.5379]]]}},{"type":"Feature","properties":{"Major_or_M":"0","Known_or_a":"1"},"geometry":{"type":"MultiLineString","coordinates":[[[9.3479,45.8333],[9.4035,45.8526]]]}},{"type":"Feature","properties":{"Major_or_M":"1","Known_or_a":"1"},"geometry":{"type":"MultiLineString","coordinates":[[[10.2368,45.5379],[9.9441,45.5812],[9.7535,45.6908],[9.6702,45.7072]]]}},{"type":"Feature","properties":{"Major_or_M":"0","Known_or_a":"0"},"geometry":{"type":"MultiLineString","coordinates":[[[10.2368,45.5379],[10.1023,45.4574],[10.0052,45.3099],[9.9876,45.2304],[10.0257,45.1429]]]}},{"type":"Feature","properties":{"Major_or_M":"0","Known_or_a":"0"},"geometry":{"type":"MultiLineString","coordinates":[[[10.3266,44.8052],[10.4646,44.8523],[10.5103,44.9037]]]}},{"type":"Feature","properties":{"Major_or_M":"0","Known_or_a":"0"},"geometry":{"type":"MultiLineString","coordinates":[[[9.4245,46.1666],[9.3257,46.1096],[9.2898,46.0225],[9.3275,45.9159],[9.4035,45.8526],[9.4243,45.8116]]]}},{"type":"Feature","properties":{"Major_or_M":"0","Known_or_a":"0"},"geometry":{"type":"MultiLineString","coordinates":[[[11.2879,44.5163],[11.1817,44.6454],[11.1401,44.7211]]]}},{"type":"Feature","properties":{"Major_or_M":"0","Known_or_a":"0"},"geometry":{"type":"MultiLineString","coordinates":[[[10.9389,44.6482],[11.5126,44.8583],[11.6637,45.2329]]]}},{"type":"Feature","properties":{"Major_or_M":"0","Known_or_a":"0"},"geometry":{"type":"MultiLineString","coordinates":[[[10.8946,43.9357],[10.8889,43.9701]]]}},{"type":"Feature","properties":{"Major_or_M":"0","Known_or_a":"0"},"geometry":{"type":"MultiLineString","coordinates":[[[12.8603,42.4059],[12.795,42.4396],[12.7096,42.5514],[12.6303,42.5576]]]}},{"type":"Feature","properties":{"Major_or_M":"0","Known_or_a":"0"},"geometry":{"type":"MultiLineString","coordinates":[[[12.7457,42.5828],[12.7033,42.5508]]]}},{"type":"Feature","properties":{"Major_or_M":"0","Known_or_a":"0"},"geometry":{"type":"MultiLineString","coordinates":[[[12.5577,42.0863],[12.605,42.1467]]]}},{"type":"Feature","properties":{"Major_or_M":"0","Known_or_a":"0"},"geometry":{"type":"MultiLineString","coordinates":[[[13.6471,42.5819],[13.6436,42.6314],[13.7136,42.6573]]]}},{"type":"Feature","properties":{"Major_or_M":"0","Known_or_a":"0"},"geometry":{"type":"MultiLineString","coordinates":[[[12.8884,43.1899],[12.9879,43.178],[13.0776,43.2244],[13.2057,43.2387],[13.2644,43.2751],[13.292,43.3319]]]}},{"type":"Feature","properties":{"Major_or_M":"0","Known_or_a":"0"},"geometry":{"type":"MultiLineString","coordinates":[[[13.2059,43.2388],[13.2986,43.2087],[13.4001,43.1987]]]}},{"type":"Feature","properties":{"Major_or_M":"0","Known_or_a":"0"},"geometry":{"type":"MultiLineString","coordinates":[[[13.5256,43.5359],[13.4611,43.4564],[13.3394,43.4029]]]}},{"type":"Feature","properties":{"Major_or_M":"0","Known_or_a":"0"},"geometry":{"type":"MultiLineString","coordinates":[[[11.9055,43.1387],[11.7722,43.1892]]]}},{"type":"Feature","properties":{"Major_or_M":"0","Known_or_a":"0"},"geometry":{"type":"MultiLineString","coordinates":[[[12.7394,42.7461],[12.8365,42.7501],[12.9261,42.8257],[12.9603,42.7961],[13.0897,42.7943]]]}},{"type":"Feature","properties":{"Major_or_M":"0","Known_or_a":"0"},"geometry":{"type":"MultiLineString","coordinates":[[[13.0581,42.0919],[13.0308,42.1357]]]}},{"type":"Feature","properties":{"Major_or_M":"0","Known_or_a":"0"},"geometry":{"type":"MultiLineString","coordinates":[[[13.3937,42.0895],[13.5124,42.1426]]]}},{"type":"Feature","properties":{"Major_or_M":"1","Known_or_a":"1"},"geometry":{"type":"MultiLineString","coordinates":[[[12.4869,41.8948],[12.8022,41.8221],[12.8547,41.7869],[12.9632,41.756]]]}},{"type":"Feature","properties":{"Major_or_M":"0","Known_or_a":"0"},"geometry":{"type":"MultiLineString","coordinates":[[[12.4266,41.9023],[12.3517,41.9313],[12.3269,41.969],[12.1141,41.9764],[12.1053,41.9912]]]}},{"type":"Feature","properties":{"Major_or_M":"0","Known_or_a":"0"},"geometry":{"type":"MultiLineString","coordinates":[[[12.4637,41.8972],[12.4126,41.9562],[12.4025,42.0203]]]}},{"type":"Feature","properties":{"Major_or_M":"0","Known_or_a":"1"},"geometry":{"type":"MultiLineString","coordinates":[[[13.1049,41.9259],[13.0733,41.9322],[13.0009,42.0237]]]}},{"type":"Feature","properties":{"Major_or_M":"0","Known_or_a":"1"},"geometry":{"type":"MultiLineString","coordinates":[[[12.667,41.925],[12.512,41.9025]]]}},{"type":"Feature","properties":{"Major_or_M":"0","Known_or_a":"1"},"geometry":{"type":"MultiLineString","coordinates":[[[12.5154,42.0024],[12.5539,42.0222],[12.6301,42.0248]]]}},{"type":"Feature","properties":{"Major_or_M":"0","Known_or_a":"0"},"geometry":{"type":"MultiLineString","coordinates":[[[12.2635,41.787],[12.2393,41.821]],[[12.2322,41.8273],[12.1472,41.9194],[12.1009,41.9367]]]}},{"type":"Feature","properties":{"Major_or_M":"1","Known_or_a":"1"},"geometry":{"type":"MultiLineString","coordinates":[[[12.2745,41.757],[12.2587,41.7757]]]}},{"type":"Feature","properties":{"Major_or_M":"0","Known_or_a":"1"},"geometry":{"type":"MultiLineString","coordinates":[[[12.6181,41.7642],[12.6353,41.8221],[12.7072,41.8888]]]}},{"type":"Feature","properties":{"Major_or_M":"0","Known_or_a":"0"},"geometry":{"type":"MultiLineString","coordinates":[[[12.9616,41.4334],[12.861,41.4825],[12.8244,41.5937]]]}},{"type":"Feature","properties":{"Major_or_M":"0","Known_or_a":"0"},"geometry":{"type":"MultiLineString","coordinates":[[[12.7132,41.7992],[12.8001,41.8217],[12.8527,41.7239],[12.8216,41.5853],[12.746,41.4828],[12.7447,41.4559]]]}},{"type":"Feature","properties":{"Major_or_M":"0","Known_or_a":"0"},"geometry":{"type":"MultiLineString","coordinates":[[[12.7588,41.456],[12.7657,41.5034]]]}},{"type":"Feature","properties":{"Major_or_M":"0","Known_or_a":"0"},"geometry":{"type":"MultiLineString","coordinates":[[[12.7694,41.4949],[12.8588,41.4866]]]}},{"type":"Feature","properties":{"Major_or_M":"0","Known_or_a":"0"},"geometry":{"type":"MultiLineString","coordinates":[[[12.4319,41.6484],[12.4715,41.6634]]]}},{"type":"Feature","properties":{"Major_or_M":"0","Known_or_a":"0"},"geometry":{"type":"MultiLineString","coordinates":[[[12.4743,41.8515],[12.4794,41.788],[12.453,41.7184],[12.4819,41.684],[12.4719,41.668]]]}},{"type":"Feature","properties":{"Major_or_M":"0","Known_or_a":"0"},"geometry":{"type":"MultiLineString","coordinates":[[[12.626,41.7184],[12.6527,41.7327],[12.5223,41.6993],[12.452,41.6304]]]}},{"type":"Feature","properties":{"Major_or_M":"0","Known_or_a":"0"},"geometry":{"type":"MultiLineString","coordinates":[[[12.4767,41.6503],[12.5138,41.5949],[12.5054,41.5833]]]}},{"type":"Feature","properties":{"Major_or_M":"0","Known_or_a":"1"},"geometry":{"type":"MultiLineString","coordinates":[[[12.5261,41.5755],[12.5138,41.5949],[12.5384,41.6122]]]}},{"type":"Feature","properties":{"Major_or_M":"0","Known_or_a":"0"},"geometry":{"type":"MultiLineString","coordinates":[[[12.509,41.5804],[12.5416,41.6091]]]}},{"type":"Feature","properties":{"Major_or_M":"0","Known_or_a":"0"},"geometry":{"type":"MultiLineString","coordinates":[[[12.6299,41.5332],[12.5788,41.5156]]]}},{"type":"Feature","properties":{"Major_or_M":"0","Known_or_a":"0"},"geometry":{"type":"MultiLineString","coordinates":[[[12.5769,41.5185],[12.5306,41.5993]]]}},{"type":"Feature","properties":{"Major_or_M":"0","Known_or_a":"1"},"geometry":{"type":"MultiLineString","coordinates":[[[12.6259,41.7182],[12.592,41.6941],[12.6365,41.671],[12.656,41.7004]]]}},{"type":"Feature","properties":{"Major_or_M":"0","Known_or_a":"1"},"geometry":{"type":"MultiLineString","coordinates":[[[12.6567,41.7291],[12.6598,41.6986],[12.7028,41.7229],[12.7088,41.7058]]]}},{"type":"Feature","properties":{"Major_or_M":"0","Known_or_a":"1"},"geometry":{"type":"MultiLineString","coordinates":[[[12.7719,41.6854],[12.6974,41.68]]]}},{"type":"Feature","properties":{"Major_or_M":"0","Known_or_a":"1"},"geometry":{"type":"MultiLineString","coordinates":[[[12.6188,41.753],[12.6492,41.7448]]]}},{"type":"Feature","properties":{"Major_or_M":"0","Known_or_a":"0"},"geometry":{"type":"MultiLineString","coordinates":[[[12.6181,41.7642],[12.6492,41.764]]]}},{"type":"Feature","properties":{"Major_or_M":"0","Known_or_a":"0"},"geometry":{"type":"MultiLineString","coordinates":[[[12.6257,41.7574],[12.6469,41.7638]]]}},{"type":"Feature","properties":{"Major_or_M":"0","Known_or_a":"0"},"geometry":{"type":"MultiLineString","coordinates":[[[12.6454,41.7525],[12.6659,41.7654],[12.6851,41.7396]]]}},{"type":"Feature","properties":{"Major_or_M":"0","Known_or_a":"0"},"geometry":{"type":"MultiLineString","coordinates":[[[12.6695,41.7231],[12.6963,41.7427],[12.7126,41.7979]]]}},{"type":"Feature","properties":{"Major_or_M":"0","Known_or_a":"1"},"geometry":{"type":"MultiLineString","coordinates":[[[12.6994,41.6828],[12.6966,41.7024],[12.6688,41.7177],[12.5744,41.6569],[12.5497,41.6168]]]}},{"type":"Feature","properties":{"Major_or_M":"0","Known_or_a":"1"},"geometry":{"type":"MultiLineString","coordinates":[[[12.5392,41.605],[12.6379,41.6309],[12.6533,41.6491],[12.6365,41.671]]]}},{"type":"Feature","properties":{"Major_or_M":"0","Known_or_a":"0"},"geometry":{"type":"MultiLineString","coordinates":[[[12.5611,41.62],[12.6165,41.6438],[12.6366,41.6709]]]}},{"type":"Feature","properties":{"Major_or_M":"0","Known_or_a":"1"},"geometry":{"type":"MultiLineString","coordinates":[[[12.6749,41.6683],[12.6932,41.6767]]]}},{"type":"Feature","properties":{"Major_or_M":"0","Known_or_a":"0"},"geometry":{"type":"MultiLineString","coordinates":[[[12.8047,41.6138],[12.742,41.6285],[12.6967,41.591],[12.6532,41.6496]]]}},{"type":"Feature","properties":{"Major_or_M":"0","Known_or_a":"0"},"geometry":{"type":"MultiLineString","coordinates":[[[12.6207,41.6469],[12.6749,41.6683],[12.6552,41.6485]]]}},{"type":"Feature","properties":{"Major_or_M":"0","Known_or_a":"0"},"geometry":{"type":"MultiLineString","coordinates":[[[12.9416,41.5075],[12.9535,41.5571],[12.9725,41.5706],[12.9863,41.5448],[13.044,41.5073],[13.1246,41.5175],[13.1656,41.5462],[13.1455,41.5731],[13.0413,41.6335],[13.0251,41.6903]]]}},{"type":"Feature","properties":{"Major_or_M":"0","Known_or_a":"0"},"geometry":{"type":"MultiLineString","coordinates":[[[12.3395,41.8165],[12.2847,41.8334],[12.2308,41.8863],[12.2941,41.9504],[12.3184,42.0435]]]}},{"type":"Feature","properties":{"Major_or_M":"0","Known_or_a":"1"},"geometry":{"type":"MultiLineString","coordinates":[[[12.0963,42.0011],[12.107,42.0126]],[[12.1039,42.0137],[12.1089,42.0141]]]}},{"type":"Feature","properties":{"Major_or_M":"0","Known_or_a":"1"},"geometry":{"type":"MultiLineString","coordinates":[[[12.1162,42.0176],[12.1213,42.0428]]]}},{"type":"Feature","properties":{"Major_or_M":"0","Known_or_a":"0"},"geometry":{"type":"MultiLineString","coordinates":[[[12.0807,42.0428],[12.1055,42.0162]]]}},{"type":"Feature","properties":{"Major_or_M":"0","Known_or_a":"0"},"geometry":{"type":"MultiLineString","coordinates":[[[12.042,42.0345],[12.09,41.996]]]}},{"type":"Feature","properties":{"Major_or_M":"0","Known_or_a":"1"},"geometry":{"type":"MultiLineString","coordinates":[[[12.0423,42.0095],[12.0804,42.0018]]]}},{"type":"Feature","properties":{"Major_or_M":"0","Known_or_a":"1"},"geometry":{"type":"MultiLineString","coordinates":[[[12.0972,41.994],[12.1132,42.0073]],[[12.1197,42.0096],[12.1291,42.0208]]]}},{"type":"Feature","properties":{"Major_or_M":"0","Known_or_a":"1"},"geometry":{"type":"MultiLineString","coordinates":[[[12.122,41.966],[12.1009,41.9367],[12.1279,41.94]]]}},{"type":"Feature","properties":{"Major_or_M":"0","Known_or_a":"0"},"geometry":{"type":"MultiLineString","coordinates":[[[12.0982,41.9982],[12.0459,41.9619],[12.1009,41.9367],[12.0989,41.9974]]]}},{"type":"Feature","properties":{"Major_or_M":"0","Known_or_a":"0"},"geometry":{"type":"MultiLineString","coordinates":[[[12.1977,41.9221],[12.221,41.9327]]]}},{"type":"Feature","properties":{"Major_or_M":"0","Known_or_a":"1"},"geometry":{"type":"MultiLineString","coordinates":[[[12.2244,41.9337],[12.2297,41.9226]]]}},{"type":"Feature","properties":{"Major_or_M":"0","Known_or_a":"0"},"geometry":{"type":"MultiLineString","coordinates":[[[12.1923,41.8697],[12.2771,41.8917],[12.3306,41.8879]]]}},{"type":"Feature","properties":{"Major_or_M":"0","Known_or_a":"0"},"geometry":{"type":"MultiLineString","coordinates":[[[12.3459,41.8221],[12.3239,41.8629],[12.3517,41.9313]]]}},{"type":"Feature","properties":{"Major_or_M":"0","Known_or_a":"0"},"geometry":{"type":"MultiLineString","coordinates":[[[12.357,41.9306],[12.4095,41.9684]]]}},{"type":"Feature","properties":{"Major_or_M":"0","Known_or_a":"0"},"geometry":{"type":"MultiLineString","coordinates":[[[12.327,41.969],[12.3966,42.0149]]]}},{"type":"Feature","properties":{"Major_or_M":"0","Known_or_a":"0"},"geometry":{"type":"MultiLineString","coordinates":[[[12.3743,42.0055],[12.3469,41.9385]]]}},{"type":"Feature","properties":{"Major_or_M":"1","Known_or_a":"1"},"geometry":{"type":"MultiLineString","coordinates":[[[12.4431,41.9047],[12.4687,41.9071]]]}},{"type":"Feature","properties":{"Major_or_M":"0","Known_or_a":"0"},"geometry":{"type":"MultiLineString","coordinates":[[[12.505,41.9302],[12.5124,41.923]]]}},{"type":"Feature","properties":{"Major_or_M":"0","Known_or_a":"1"},"geometry":{"type":"MultiLineString","coordinates":[[[12.503,41.9159],[12.5221,41.91]]]}},{"type":"Feature","properties":{"Major_or_M":"0","Known_or_a":"1"},"geometry":{"type":"MultiLineString","coordinates":[[[12.5668,41.9309],[12.546,41.9618],[12.516,41.9718]]]}},{"type":"Feature","properties":{"Major_or_M":"0","Known_or_a":"1"},"geometry":{"type":"MultiLineString","coordinates":[[[12.505,41.971],[12.5338,41.9346],[12.5509,41.9769],[12.5471,42.0204],[12.5756,41.9951]]]}},{"type":"Feature","properties":{"Major_or_M":"0","Known_or_a":"1"},"geometry":{"type":"MultiLineString","coordinates":[[[12.6173,42.0007],[12.5761,41.9935],[12.5977,42.0346]]]}},{"type":"Feature","properties":{"Major_or_M":"0","Known_or_a":"1"},"geometry":{"type":"MultiLineString","coordinates":[[[12.6103,42.0342],[12.6373,42.0207]]]}},{"type":"Feature","properties":{"Major_or_M":"0","Known_or_a":"1"},"geometry":{"type":"MultiLineString","coordinates":[[[12.758,42.0147],[12.7429,42.0267],[12.7537,42.0373]]]}},{"type":"Feature","properties":{"Major_or_M":"0","Known_or_a":"1"},"geometry":{"type":"MultiLineString","coordinates":[[[12.7407,42.0269],[12.6467,42.0256]]]}},{"type":"Feature","properties":{"Major_or_M":"0","Known_or_a":"1"},"geometry":{"type":"MultiLineString","coordinates":[[[12.6373,42.0435],[12.6898,42.0025]]]}},{"type":"Feature","properties":{"Major_or_M":"0","Known_or_a":"0"},"geometry":{"type":"MultiLineString","coordinates":[[[12.9977,42.0243],[13.025,41.9557],[12.9871,41.9445],[12.9559,41.906],[12.9761,41.8834],[12.9685,41.8221]]]}},{"type":"Feature","properties":{"Major_or_M":"0","Known_or_a":"1"},"geometry":{"type":"MultiLineString","coordinates":[[[12.738,41.6272],[12.7366,41.6433]]]}},{"type":"Feature","properties":{"Major_or_M":"0","Known_or_a":"0"},"geometry":{"type":"MultiLineString","coordinates":[[[12.7229,41.6768],[12.7366,41.6433],[12.7731,41.6755],[12.7939,41.622]]]}},{"type":"Feature","properties":{"Major_or_M":"0","Known_or_a":"0"},"geometry":{"type":"MultiLineString","coordinates":[[[12.8234,41.6456],[12.8903,41.6505]]]}},{"type":"Feature","properties":{"Major_or_M":"0","Known_or_a":"0"},"geometry":{"type":"MultiLineString","coordinates":[[[12.7737,41.6826],[12.8602,41.6835],[12.9066,41.644]]]}},{"type":"Feature","properties":{"Major_or_M":"0","Known_or_a":"0"},"geometry":{"type":"MultiLineString","coordinates":[[[12.8862,41.7779],[12.8612,41.6151]]]}},{"type":"Feature","properties":{"Major_or_M":"0","Known_or_a":"0"},"geometry":{"type":"MultiLineString","coordinates":[[[12.8251,41.5978],[12.9066,41.644]]]}},{"type":"Feature","properties":{"Major_or_M":"0","Known_or_a":"0"},"geometry":{"type":"MultiLineString","coordinates":[[[12.6997,41.5524],[12.7567,41.5155],[12.7821,41.5163],[12.8922,41.5767],[12.8911,41.6326]]]}},{"type":"Feature","properties":{"Major_or_M":"0","Known_or_a":"0"},"geometry":{"type":"MultiLineString","coordinates":[[[13.0307,41.6831],[13.0896,41.6729],[13.1016,41.651],[13.0689,41.6299],[13.0833,41.607]]]}},{"type":"Feature","properties":{"Major_or_M":"0","Known_or_a":"0"},"geometry":{"type":"MultiLineString","coordinates":[[[12.9193,41.6405],[12.9802,41.5767],[13.0326,41.6096],[13.0767,41.6086]]]}},{"type":"Feature","properties":{"Major_or_M":"0","Known_or_a":"0"},"geometry":{"type":"MultiLineString","coordinates":[[[13.0042,41.688],[12.9853,41.6685],[13.0052,41.623],[13.0774,41.5746],[13.094,41.5391],[13.0657,41.5053]]]}},{"type":"Feature","properties":{"Major_or_M":"0","Known_or_a":"0"},"geometry":{"type":"MultiLineString","coordinates":[[[12.9768,41.5693],[13.0222,41.5618],[13.06,41.5239],[13.0582,41.4987]]]}},{"type":"Feature","properties":{"Major_or_M":"0","Known_or_a":"0"},"geometry":{"type":"MultiLineString","coordinates":[[[13.1658,41.4901],[13.1018,41.4758],[13.0569,41.4881],[12.9961,41.5118],[12.977,41.5549]]]}},{"type":"Feature","properties":{"Major_or_M":"0","Known_or_a":"0"},"geometry":{"type":"MultiLineString","coordinates":[[[12.9645,41.589],[12.9734,41.5706]]]}},{"type":"Feature","properties":{"Major_or_M":"0","Known_or_a":"0"},"geometry":{"type":"MultiLineString","coordinates":[[[12.9725,41.5706],[12.9327,41.5774],[12.8914,41.5463]]]}},{"type":"Feature","properties":{"Major_or_M":"0"},"geometry":{"type":"MultiLineString","coordinates":[[[12.8987,41.58],[12.937,41.591]]]}},{"type":"Feature","properties":{"Major_or_M":"0","Known_or_a":"1"},"geometry":{"type":"MultiLineString","coordinates":[[[12.9193,41.6405],[12.9039,41.6352],[12.9217,41.6032],[12.9614,41.5857]]]}},{"type":"Feature","properties":{"Major_or_M":"0","Known_or_a":"0"},"geometry":{"type":"MultiLineString","coordinates":[[[12.9549,41.5949],[12.9634,41.6129],[13.0053,41.623]]]}},{"type":"Feature","properties":{"Major_or_M":"0","Known_or_a":"0"},"geometry":{"type":"MultiLineString","coordinates":[[[12.92,41.6408],[13.0028,41.6355]]]}},{"type":"Feature","properties":{"Major_or_M":"0","Known_or_a":"0"},"geometry":{"type":"MultiLineString","coordinates":[[[12.9214,41.6448],[12.8967,41.6629],[12.8986,41.6959]]]}},{"type":"Feature","properties":{"Major_or_M":"0","Known_or_a":"0"},"geometry":{"type":"MultiLineString","coordinates":[[[12.785,41.6945],[12.8522,41.6989],[12.8767,41.724]]]}},{"type":"Feature","properties":{"Major_or_M":"0","Known_or_a":"0"},"geometry":{"type":"MultiLineString","coordinates":[[[12.5064,41.8769],[12.6804,41.7569]]]}},{"type":"Feature","properties":{"Major_or_M":"0","Known_or_a":"0"},"geometry":{"type":"MultiLineString","coordinates":[[[12.5591,41.9197],[12.5789,41.8365],[12.6949,41.8925],[12.6413,41.9137]]]}},{"type":"Feature","properties":{"Major_or_M":"0","Known_or_a":"1"},"geometry":{"type":"MultiLineString","coordinates":[[[12.5578,41.8757],[12.6671,41.8824]]]}},{"type":"Feature","properties":{"Major_or_M":"0","Known_or_a":"0"},"geometry":{"type":"MultiLineString","coordinates":[[[12.5546,41.8117],[12.5259,41.9287]]]}},{"type":"Feature","properties":{"Major_or_M":"0","Known_or_a":"0"},"geometry":{"type":"MultiLineString","coordinates":[[[12.5224,41.9015],[12.5294,41.911]]]}},{"type":"Feature","properties":{"Major_or_M":"0","Known_or_a":"0"},"geometry":{"type":"MultiLineString","coordinates":[[[12.5182,41.8912],[12.5756,41.8864]]]}},{"type":"Feature","properties":{"Major_or_M":"0","Known_or_a":"0"},"geometry":{"type":"MultiLineString","coordinates":[[[12.56,41.7732],[12.5835,41.7956]]]}},{"type":"Feature","properties":{"Major_or_M":"0","Known_or_a":"0"},"geometry":{"type":"MultiLineString","coordinates":[[[12.5789,41.8363],[12.5538,41.7533],[12.592,41.6941],[12.5792,41.6754]]]}},{"type":"Feature","properties":{"Major_or_M":"0"},"geometry":{"type":"MultiLineString","coordinates":[[[12.5413,41.7103],[12.5727,41.6871]]]}},{"type":"Feature","properties":{"Major_or_M":"0","Known_or_a":"0"},"geometry":{"type":"MultiLineString","coordinates":[[[12.5406,41.6652],[12.5839,41.7007]]]}},{"type":"Feature","properties":{"Major_or_M":"0","Known_or_a":"1"},"geometry":{"type":"MultiLineString","coordinates":[[[12.573,41.687],[12.5747,41.657]]]}},{"type":"Feature","properties":{"Major_or_M":"0","Known_or_a":"0"},"geometry":{"type":"MultiLineString","coordinates":[[[12.5121,41.7949],[12.4976,41.778],[12.5019,41.7335]]]}},{"type":"Feature","properties":{"Major_or_M":"0","Known_or_a":"0"},"geometry":{"type":"MultiLineString","coordinates":[[[12.465,41.74],[12.5144,41.7229],[12.5369,41.6729]]]}},{"type":"Feature","properties":{"Major_or_M":"0","Known_or_a":"0"},"geometry":{"type":"MultiLineString","coordinates":[[[12.4616,41.7077],[12.4822,41.7227],[12.5719,41.7176]]]}},{"type":"Feature","properties":{"Major_or_M":"0","Known_or_a":"0"},"geometry":{"type":"MultiLineString","coordinates":[[[12.5685,41.7241],[12.6125,41.7347]]]}},{"type":"Feature","properties":{"Major_or_M":"0"},"geometry":{"type":"MultiLineString","coordinates":[[[12.5872,41.7296],[12.5897,41.7225]]]}},{"type":"Feature","properties":{"Major_or_M":"0","Known_or_a":"0"},"geometry":{"type":"MultiLineString","coordinates":[[[12.5628,41.7328],[12.6119,41.7404]]]}},{"type":"Feature","properties":{"Major_or_M":"0","Known_or_a":"0"},"geometry":{"type":"MultiLineString","coordinates":[[[12.6136,41.7454],[12.5697,41.7471]]]}},{"type":"Feature","properties":{"Major_or_M":"0","Known_or_a":"0"},"geometry":{"type":"MultiLineString","coordinates":[[[12.6025,41.7456],[12.6017,41.7396]]]}},{"type":"Feature","properties":{"Major_or_M":"0","Known_or_a":"0"},"geometry":{"type":"MultiLineString","coordinates":[[[12.5701,41.7349],[12.5694,41.7614],[12.5936,41.7865]]]}},{"type":"Feature","properties":{"Major_or_M":"0","Known_or_a":"0"},"geometry":{"type":"MultiLineString","coordinates":[[[12.4121,41.7831],[12.3951,41.7599],[12.3892,41.6836]]]}},{"type":"Feature","properties":{"Major_or_M":"0","Known_or_a":"0"},"geometry":{"type":"MultiLineString","coordinates":[[[12.3538,41.8002],[12.4191,41.7159]]]}},{"type":"Feature","properties":{"Major_or_M":"0","Known_or_a":"0"},"geometry":{"type":"MultiLineString","coordinates":[[[12.3955,41.7981],[12.463,41.7469]]]}},{"type":"Feature","properties":{"Major_or_M":"0","Known_or_a":"0"},"geometry":{"type":"MultiLineString","coordinates":[[[12.448,41.7502],[12.4348,41.6976]]]}},{"type":"Feature","properties":{"Major_or_M":"0","Known_or_a":"0"},"geometry":{"type":"MultiLineString","coordinates":[[[12.4114,41.8004],[12.5102,41.7623],[12.6104,41.76]]]}},{"type":"Feature","properties":{"Major_or_M":"0","Known_or_a":"0"},"geometry":{"type":"MultiLineString","coordinates":[[[12.5884,41.7913],[12.6148,41.7921]]]}},{"type":"Feature","properties":{"Major_or_M":"0","Known_or_a":"1"},"geometry":{"type":"MultiLineString","coordinates":[[[12.5686,41.8093],[12.5914,41.8102]]]}},{"type":"Feature","properties":{"Major_or_M":"0","Known_or_a":"0"},"geometry":{"type":"MultiLineString","coordinates":[[[12.6111,41.7581],[12.5146,41.8261]]]}},{"type":"Feature","properties":{"Major_or_M":"0","Known_or_a":"0"},"geometry":{"type":"MultiLineString","coordinates":[[[12.5586,41.7894],[12.4461,41.8311]]]}},{"type":"Feature","properties":{"Major_or_M":"0","Known_or_a":"0"},"geometry":{"type":"MultiLineString","coordinates":[[[12.4118,41.8175],[12.4251,41.8365],[12.4258,41.9414]]]}},{"type":"Feature","properties":{"Major_or_M":"0","Known_or_a":"1"},"geometry":{"type":"MultiLineString","coordinates":[[[12.4693,41.927],[12.4904,41.9247]]]}},{"type":"Feature","properties":{"Major_or_M":"0","Known_or_a":"0"},"geometry":{"type":"MultiLineString","coordinates":[[[12.5356,41.951],[12.5422,42.0048]]]}},{"type":"Feature","properties":{"Major_or_M":"0","Known_or_a":"1"},"geometry":{"type":"MultiLineString","coordinates":[[[12.578,41.9917],[12.5289,41.9817]]]}},{"type":"Feature","properties":{"Major_or_M":"0","Known_or_a":"1"},"geometry":{"type":"MultiLineString","coordinates":[[[12.5444,42.0187],[12.5494,41.9944]]]}},{"type":"Feature","properties":{"Major_or_M":"0","Known_or_a":"0"},"geometry":{"type":"MultiLineString","coordinates":[[[12.404,42.018],[12.4821,41.9604]]]}},{"type":"Feature","properties":{"Major_or_M":"0","Known_or_a":"0"},"geometry":{"type":"MultiLineString","coordinates":[[[12.1141,41.9764],[12.151,41.9387],[12.1633,42.0007],[12.2032,42.043]]]}},{"type":"Feature","properties":{"Major_or_M":"0","Known_or_a":"0"},"geometry":{"type":"MultiLineString","coordinates":[[[12.2033,41.919],[12.2309,41.8867]]]}},{"type":"Feature","properties":{"Major_or_M":"0","Known_or_a":"0"},"geometry":{"type":"MultiLineString","coordinates":[[[12.2792,41.8381],[12.3539,41.8485],[12.4597,41.8921]]]}},{"type":"Feature","properties":{"Major_or_M":"0","Known_or_a":"0"},"geometry":{"type":"MultiLineString","coordinates":[[[12.4778,41.8294],[12.5155,41.8317]]]}},{"type":"Feature","properties":{"Major_or_M":"0","Known_or_a":"0"},"geometry":{"type":"MultiLineString","coordinates":[[[12.477,41.8639],[12.4925,41.8627]]]}},{"type":"Feature","properties":{"Major_or_M":"0","Known_or_a":"0"},"geometry":{"type":"MultiLineString","coordinates":[[[12.48,41.7919],[12.5111,41.8177]]]}},{"type":"Feature","properties":{"Major_or_M":"0","Known_or_a":"0"},"geometry":{"type":"MultiLineString","coordinates":[[[12.6237,41.7563],[12.6385,41.7784]]]}},{"type":"Feature","properties":{"Major_or_M":"0"},"geometry":{"type":"MultiLineString","coordinates":[[[12.6612,41.7663],[12.6586,41.7747]]]}},{"type":"Feature","properties":{"Major_or_M":"0","Known_or_a":"1"},"geometry":{"type":"MultiLineString","coordinates":[[[12.6008,41.8656],[12.6232,41.8368]]]}},{"type":"Feature","properties":{"Major_or_M":"0","Known_or_a":"1"},"geometry":{"type":"MultiLineString","coordinates":[[[12.6375,41.8247],[12.5866,41.8564],[12.5643,41.9214]]]}},{"type":"Feature","properties":{"Major_or_M":"0","Known_or_a":"1"},"geometry":{"type":"MultiLineString","coordinates":[[[12.5661,41.9217],[12.5931,41.9036],[12.6095,41.8088],[12.6337,41.78]]]}},{"type":"Feature","properties":{"Major_or_M":"0","Known_or_a":"0"},"geometry":{"type":"MultiLineString","coordinates":[[[12.7554,41.8618],[12.7734,41.746]]]}},{"type":"Feature","properties":{"Major_or_M":"0","Known_or_a":"0"},"geometry":{"type":"MultiLineString","coordinates":[[[12.6779,41.8133],[12.6812,41.7564],[12.7193,41.7318]]]}},{"type":"Feature","properties":{"Major_or_M":"0","Known_or_a":"1"},"geometry":{"type":"MultiLineString","coordinates":[[[12.6501,41.853],[12.7033,41.8001]]]}},{"type":"Feature","properties":{"Major_or_M":"0","Known_or_a":"1"},"geometry":{"type":"MultiLineString","coordinates":[[[12.6865,41.7928],[12.6978,41.801]]]}},{"type":"Feature","properties":{"Major_or_M":"0","Known_or_a":"0"},"geometry":{"type":"MultiLineString","coordinates":[[[12.7327,41.8078],[12.7432,41.8319]]]}},{"type":"Feature","properties":{"Major_or_M":"0","Known_or_a":"1"},"geometry":{"type":"MultiLineString","coordinates":[[[12.7431,41.8317],[12.8029,41.8704]]]}},{"type":"Feature","properties":{"Major_or_M":"0","Known_or_a":"0"},"geometry":{"type":"MultiLineString","coordinates":[[[12.8563,41.827],[12.8855,41.8464],[12.8361,41.8754],[12.8212,41.9511],[12.8608,41.9368],[12.8929,41.8914],[12.8981,41.8562],[12.8632,41.854]]]}},{"type":"Feature","properties":{"Major_or_M":"0","Known_or_a":"0"},"geometry":{"type":"MultiLineString","coordinates":[[[12.9018,41.8665],[12.9514,41.8639],[12.9565,41.8957]]]}},{"type":"Feature","properties":{"Major_or_M":"0"},"geometry":{"type":"MultiLineString","coordinates":[[[12.8938,41.8384],[12.93,41.8433],[12.9448,41.8638]]]}},{"type":"Feature","properties":{"Major_or_M":"0","Known_or_a":"0"},"geometry":{"type":"MultiLineString","coordinates":[[[12.847,41.7446],[12.8684,41.8228]]]}},{"type":"Feature","properties":{"Major_or_M":"0","Known_or_a":"0"},"geometry":{"type":"MultiLineString","coordinates":[[[12.8816,41.7818],[12.8881,41.8355]]]}},{"type":"Feature","properties":{"Major_or_M":"0","Known_or_a":"0"},"geometry":{"type":"MultiLineString","coordinates":[[[12.7037,41.7343],[12.7426,41.7315],[12.7889,41.7507],[12.7927,41.7768],[12.8426,41.795]]]}},{"type":"Feature","properties":{"Major_or_M":"0","Known_or_a":"1"},"geometry":{"type":"MultiLineString","coordinates":[[[12.8427,41.7951],[12.8815,41.8375]]]}},{"type":"Feature","properties":{"Major_or_M":"0","Known_or_a":"1"},"geometry":{"type":"MultiLineString","coordinates":[[[12.8046,41.8186],[12.8858,41.8338]]]}},{"type":"Feature","properties":{"Major_or_M":"0","Known_or_a":"0"},"geometry":{"type":"MultiLineString","coordinates":[[[12.7779,41.828],[12.741,41.8849],[12.7027,41.8785]]]}},{"type":"Feature","properties":{"Major_or_M":"0"},"geometry":{"type":"MultiLineString","coordinates":[[[12.6948,41.8925],[12.671,41.9242],[12.7009,41.8944]]]}},{"type":"Feature","properties":{"Major_or_M":"0","Known_or_a":"0"},"geometry":{"type":"MultiLineString","coordinates":[[[12.6898,42.0025],[12.7755,41.9693]]]}},{"type":"Feature","properties":{"Major_or_M":"0","Known_or_a":"0"},"geometry":{"type":"MultiLineString","coordinates":[[[12.755,42.0431],[12.7594,41.9953],[12.7757,41.99]]]}},{"type":"Feature","properties":{"Major_or_M":"0","Known_or_a":"0"},"geometry":{"type":"MultiLineString","coordinates":[[[12.6861,41.9554],[12.7916,41.9761]]]}},{"type":"Feature","properties":{"Major_or_M":"0","Known_or_a":"0"},"geometry":{"type":"MultiLineString","coordinates":[[[12.7924,42.0432],[12.8002,42.0211],[12.7827,41.987],[12.8017,41.9674]]]}},{"type":"Feature","properties":{"Major_or_M":"0","Known_or_a":"0"},"geometry":{"type":"MultiLineString","coordinates":[[[12.786,41.9319],[12.7754,41.99],[12.7854,41.9994]]]}},{"type":"Feature","properties":{"Major_or_M":"0","Known_or_a":"0"},"geometry":{"type":"MultiLineString","coordinates":[[[12.7579,41.9575],[12.7504,42.0092]]]}},{"type":"Feature","properties":{"Major_or_M":"0","Known_or_a":"0"},"geometry":{"type":"MultiLineString","coordinates":[[[12.6367,41.9455],[12.7553,42.0108]]]}},{"type":"Feature","properties":{"Major_or_M":"0","Known_or_a":"0"},"geometry":{"type":"MultiLineString","coordinates":[[[12.6961,42.0432],[12.626,41.9682]]]}},{"type":"Feature","properties":{"Major_or_M":"0","Known_or_a":"1"},"geometry":{"type":"MultiLineString","coordinates":[[[12.567,41.9516],[12.626,41.9682]]]}},{"type":"Feature","properties":{"Major_or_M":"0","Known_or_a":"0"},"geometry":{"type":"MultiLineString","coordinates":[[[12.6291,41.9172],[12.6264,41.9596],[12.6438,41.9791]]]}},{"type":"Feature","properties":{"Major_or_M":"0","Known_or_a":"0"},"geometry":{"type":"MultiLineString","coordinates":[[[12.9489,41.9293],[12.9183,41.9116],[12.8156,41.899]]]}},{"type":"Feature","properties":{"Major_or_M":"0","Known_or_a":"0"},"geometry":{"type":"MultiLineString","coordinates":[[[12.8319,41.9294],[12.8084,41.9295],[12.7894,41.958]]]}},{"type":"Feature","properties":{"Major_or_M":"0","Known_or_a":"1"},"geometry":{"type":"MultiLineString","coordinates":[[[12.6694,41.9247],[12.6954,41.9357],[12.7033,41.912],[12.6813,41.9214]]]}},{"type":"Feature","properties":{"Major_or_M":"0","Known_or_a":"0"},"geometry":{"type":"MultiLineString","coordinates":[[[12.6955,41.9167],[12.7226,41.9275]]]}},{"type":"Feature","properties":{"Major_or_M":"0","Known_or_a":"0"},"geometry":{"type":"MultiLineString","coordinates":[[[12.6956,41.9357],[12.73,41.9293],[12.7612,41.9571]]]}},{"type":"Feature","properties":{"Major_or_M":"0","Known_or_a":"0"},"geometry":{"type":"MultiLineString","coordinates":[[[12.7033,41.912],[12.7208,41.8955],[12.7289,41.9158]]]}},{"type":"Feature","properties":{"Major_or_M":"0","Known_or_a":"0"},"geometry":{"type":"MultiLineString","coordinates":[[[12.7,41.8923],[12.753,41.9246],[12.8381,41.8276]]]}},{"type":"Feature","properties":{"Major_or_M":"0","Known_or_a":"0"},"geometry":{"type":"MultiLineString","coordinates":[[[12.8688,41.8427],[12.8102,41.8698]]]}},{"type":"Feature","properties":{"Major_or_M":"0","Known_or_a":"0"},"geometry":{"type":"MultiLineString","coordinates":[[[12.7939,41.7544],[12.7693,41.7154],[12.7758,41.6888]]]}},{"type":"Feature","properties":{"Major_or_M":"0","Known_or_a":"0"},"geometry":{"type":"MultiLineString","coordinates":[[[12.6973,41.7026],[12.7876,41.7503]]]}},{"type":"Feature","properties":{"Major_or_M":"0","Known_or_a":"0"},"geometry":{"type":"MultiLineString","coordinates":[[[12.7017,41.7024],[12.7756,41.6948]]]}},{"type":"Feature","properties":{"Major_or_M":"0","Known_or_a":"1"},"geometry":{"type":"MultiLineString","coordinates":[[[12.7235,41.6959],[12.7163,41.6824]]]}},{"type":"Feature","properties":{"Major_or_M":"0","Known_or_a":"0"},"geometry":{"type":"MultiLineString","coordinates":[[[12.4947,41.6148],[12.533,41.6176]]]}},{"type":"Feature","properties":{"Major_or_M":"0","Known_or_a":"0"},"geometry":{"type":"MultiLineString","coordinates":[[[12.4804,41.6637],[12.5336,41.6204]]]}},{"type":"Feature","properties":{"Major_or_M":"0","Known_or_a":"0"},"geometry":{"type":"MultiLineString","coordinates":[[[12.5418,41.6045],[12.5978,41.5952],[12.6466,41.62]]]}},{"type":"Feature","properties":{"Major_or_M":"0","Known_or_a":"0"},"geometry":{"type":"MultiLineString","coordinates":[[[12.551,41.5476],[12.6329,41.5547]]]}},{"type":"Feature","properties":{"Major_or_M":"0","Known_or_a":"0"},"geometry":{"type":"MultiLineString","coordinates":[[[12.5339,41.5677],[12.7007,41.5533]]]}},{"type":"Feature","properties":{"Major_or_M":"0","Known_or_a":"0"},"geometry":{"type":"MultiLineString","coordinates":[[[12.5682,41.5966],[12.6204,41.5584]]]}},{"type":"Feature","properties":{"Major_or_M":"0","Known_or_a":"0"},"geometry":{"type":"MultiLineString","coordinates":[[[12.5845,41.5803],[12.6362,41.5791]]]}},{"type":"Feature","properties":{"Major_or_M":"0","Known_or_a":"0"},"geometry":{"type":"MultiLineString","coordinates":[[[12.5695,41.5692],[12.5462,41.5794]]]}},{"type":"Feature","properties":{"Major_or_M":"0","Known_or_a":"0"},"geometry":{"type":"MultiLineString","coordinates":[[[12.4499,41.9937],[12.4421,41.9666]]]}},{"type":"Feature","properties":{"Major_or_M":"0","Known_or_a":"1"},"geometry":{"type":"MultiLineString","coordinates":[[[12.5358,41.9822],[12.5133,41.9808]]]}},{"type":"Feature","properties":{"Major_or_M":"0","Known_or_a":"1"},"geometry":{"type":"MultiLineString","coordinates":[[[12.7208,41.8955],[12.7529,41.9281]]]}},{"type":"Feature","properties":{"Major_or_M":"0","Known_or_a":"0"},"geometry":{"type":"MultiLineString","coordinates":[[[12.755,41.9434],[12.7529,41.9281],[12.7715,41.9382]]]}},{"type":"Feature","properties":{"Major_or_M":"0"},"geometry":{"type":"MultiLineString","coordinates":[[[12.7273,41.8955],[12.7822,41.9095],[12.8194,41.8983]]]}},{"type":"Feature","properties":{"Major_or_M":"0","Known_or_a":"1"},"geometry":{"type":"MultiLineString","coordinates":[[[12.7599,41.9497],[12.7933,41.9635]]]}},{"type":"Feature","properties":{"Major_or_M":"0","Known_or_a":"1"},"geometry":{"type":"MultiLineString","coordinates":[[[12.777,41.9424],[12.7888,41.9538]]]}},{"type":"Feature","properties":{"Major_or_M":"0","Known_or_a":"0"},"geometry":{"type":"MultiLineString","coordinates":[[[12.7562,41.9232],[12.8278,41.8901],[12.885,41.9002]]]}},{"type":"Feature","properties":{"Major_or_M":"0","Known_or_a":"0"},"geometry":{"type":"MultiLineString","coordinates":[[[12.7596,41.9253],[12.8316,41.9181]]]}},{"type":"Feature","properties":{"Major_or_M":"0","Known_or_a":"1"},"geometry":{"type":"MultiLineString","coordinates":[[[12.7882,41.9298],[12.7889,41.9119]]]}},{"type":"Feature","properties":{"Major_or_M":"0","Known_or_a":"1"},"geometry":{"type":"MultiLineString","coordinates":[[[12.7779,41.9216],[12.7897,41.9276]]]}},{"type":"Feature","properties":{"Major_or_M":"0","Known_or_a":"0"},"geometry":{"type":"MultiLineString","coordinates":[[[12.756,41.8992],[12.771,41.8953]]]}},{"type":"Feature","properties":{"Major_or_M":"0","Known_or_a":"1"},"geometry":{"type":"MultiLineString","coordinates":[[[12.6891,41.874],[12.7099,41.8874]]]}},{"type":"Feature","properties":{"Major_or_M":"0","Known_or_a":"0"},"geometry":{"type":"MultiLineString","coordinates":[[[12.7233,41.8899],[12.7432,41.8385]]]}},{"type":"Feature","properties":{"Major_or_M":"0","Known_or_a":"0"},"geometry":{"type":"MultiLineString","coordinates":[[[13.0171,41.6971],[13.0574,41.8074]]]}},{"type":"Feature","properties":{"Major_or_M":"0","Known_or_a":"0"},"geometry":{"type":"MultiLineString","coordinates":[[[13.1465,41.7476],[13.0496,41.8082],[13.057,41.8373],[13.0131,41.9038],[13.0204,41.9172],[12.9858,41.9382]]]}},{"type":"Feature","properties":{"Major_or_M":"0","Known_or_a":"1"},"geometry":{"type":"MultiLineString","coordinates":[[[12.9857,41.9381],[12.937,41.9874]]]}},{"type":"Feature","properties":{"Major_or_M":"0","Known_or_a":"0"},"geometry":{"type":"MultiLineString","coordinates":[[[12.9622,41.914],[12.9421,41.9504]]]}},{"type":"Feature","properties":{"Major_or_M":"0","Known_or_a":"1"},"geometry":{"type":"MultiLineString","coordinates":[[[12.8843,41.9663],[12.9313,41.9681],[12.942,41.9505]]]}},{"type":"Feature","properties":{"Major_or_M":"0","Known_or_a":"1"},"geometry":{"type":"MultiLineString","coordinates":[[[12.931,41.9543],[12.9662,41.9522]]]}},{"type":"Feature","properties":{"Major_or_M":"0","Known_or_a":"1"},"geometry":{"type":"MultiLineString","coordinates":[[[12.9373,41.9586],[12.9407,41.9661]]]}},{"type":"Feature","properties":{"Major_or_M":"0","Known_or_a":"0"},"geometry":{"type":"MultiLineString","coordinates":[[[12.9317,41.9684],[12.9249,42.0269]]]}},{"type":"Feature","properties":{"Major_or_M":"0","Known_or_a":"0"},"geometry":{"type":"MultiLineString","coordinates":[[[12.9358,41.9892],[12.9104,41.9692]]]}},{"type":"Feature","properties":{"Major_or_M":"0","Known_or_a":"0"},"geometry":{"type":"MultiLineString","coordinates":[[[12.8903,41.9682],[12.8683,41.9804],[12.8276,41.9544]]]}},{"type":"Feature","properties":{"Major_or_M":"0","Known_or_a":"0"},"geometry":{"type":"MultiLineString","coordinates":[[[12.7994,41.9626],[12.8158,41.953],[12.8843,41.9663]]]}},{"type":"Feature","properties":{"Major_or_M":"0","Known_or_a":"0"},"geometry":{"type":"MultiLineString","coordinates":[[[13.1691,41.8428],[13.0375,41.8221],[12.9099,41.8277]]]}},{"type":"Feature","properties":{"Major_or_M":"0","Known_or_a":"0"},"geometry":{"type":"MultiLineString","coordinates":[[[13.0338,41.6568],[13.0536,41.6875],[13.0,41.7275],[13.0004,41.7851],[12.9719,41.8202]]]}},{"type":"Feature","properties":{"Major_or_M":"0","Known_or_a":"0"},"geometry":{"type":"MultiLineString","coordinates":[[[13.1682,41.7618],[13.0731,41.7098],[13.0,41.7295],[12.9479,41.7126],[12.9134,41.7216]]]}},{"type":"Feature","properties":{"Major_or_M":"0","Known_or_a":"1"},"geometry":{"type":"MultiLineString","coordinates":[[[12.9073,41.7295],[12.9167,41.7688]]]}},{"type":"Feature","properties":{"Major_or_M":"0","Known_or_a":"0"},"geometry":{"type":"MultiLineString","coordinates":[[[12.9197,41.6457],[12.9189,41.6668],[12.9354,41.6736],[12.9122,41.7217]]]}},{"type":"Feature","properties":{"Major_or_M":"0","Known_or_a":"0"},"geometry":{"type":"MultiLineString","coordinates":[[[12.8757,41.7074],[12.9209,41.6919]]]}},{"type":"Feature","properties":{"Major_or_M":"0","Known_or_a":"0"},"geometry":{"type":"MultiLineString","coordinates":[[[12.8833,41.7383],[12.9081,41.7251]]]}},{"type":"Feature","properties":{"Major_or_M":"0","Known_or_a":"0"},"geometry":{"type":"MultiLineString","coordinates":[[[12.8926,41.7341],[12.9071,41.7089]]]}},{"type":"Feature","properties":{"Major_or_M":"0","Known_or_a":"1"},"geometry":{"type":"MultiLineString","coordinates":[[[12.9152,41.7164],[12.9075,41.7069],[12.9204,41.703]]]}},{"type":"Feature","properties":{"Major_or_M":"0","Known_or_a":"0"},"geometry":{"type":"MultiLineString","coordinates":[[[12.9149,41.7255],[12.9492,41.7475]]]}},{"type":"Feature","properties":{"Major_or_M":"0","Known_or_a":"0"},"geometry":{"type":"MultiLineString","coordinates":[[[12.9784,41.7268],[12.8819,41.7427]]]}},{"type":"Feature","properties":{"Major_or_M":"0","Known_or_a":"0"},"geometry":{"type":"MultiLineString","coordinates":[[[12.9551,41.7132],[12.9983,41.6881],[13.0204,41.6926]]]}},{"type":"Feature","properties":{"Major_or_M":"0","Known_or_a":"0"},"geometry":{"type":"MultiLineString","coordinates":[[[13.0236,41.6992],[13.0328,41.7043]]]}},{"type":"Feature","properties":{"Major_or_M":"0","Known_or_a":"0"},"geometry":{"type":"MultiLineString","coordinates":[[[12.9286,41.6814],[12.9977,41.6885]]]}},{"type":"Feature","properties":{"Major_or_M":"0","Known_or_a":"0"},"geometry":{"type":"MultiLineString","coordinates":[[[13.1513,41.7415],[13.0896,41.6729]]]}},{"type":"Feature","properties":{"Major_or_M":"0","Known_or_a":"0"},"geometry":{"type":"MultiLineString","coordinates":[[[13.1675,41.6807],[13.0915,41.7135]]]}},{"type":"Feature","properties":{"Major_or_M":"0","Known_or_a":"1"},"geometry":{"type":"MultiLineString","coordinates":[[[12.9626,41.4354],[13.0529,41.4996]]]}},{"type":"Feature","properties":{"Major_or_M":"0","Known_or_a":"1"},"geometry":{"type":"MultiLineString","coordinates":[[[12.9496,41.5014],[13.0355,41.4922]]]}},{"type":"Feature","properties":{"Major_or_M":"0","Known_or_a":"1"},"geometry":{"type":"MultiLineString","coordinates":[[[12.9631,41.4336],[12.9417,41.5074]]]}},{"type":"Feature","properties":{"Major_or_M":"0","Known_or_a":"0"},"geometry":{"type":"MultiLineString","coordinates":[[[13.169,41.8311],[13.128,41.8173],[13.1397,41.7538]]]}},{"type":"Feature","properties":{"Major_or_M":"0","Known_or_a":"0"},"geometry":{"type":"MultiLineString","coordinates":[[[13.1207,41.8305],[13.1401,41.8275]]]}},{"type":"Feature","properties":{"Major_or_M":"0","Known_or_a":"0"},"geometry":{"type":"MultiLineString","coordinates":[[[13.0977,41.9283],[13.096,41.8884],[13.1693,41.8528]]]}},{"type":"Feature","properties":{"Major_or_M":"0","Known_or_a":"0"},"geometry":{"type":"MultiLineString","coordinates":[[[13.1128,41.9199],[13.146,41.9143],[13.1696,41.8875]]]}},{"type":"Feature","properties":{"Major_or_M":"0","Known_or_a":"1"},"geometry":{"type":"MultiLineString","coordinates":[[[13.1559,41.9029],[13.147,41.8889]]]}},{"type":"Feature","properties":{"Major_or_M":"0","Known_or_a":"0"},"geometry":{"type":"MultiLineString","coordinates":[[[12.6652,41.4589],[12.7306,41.5082],[12.744,41.4792]]]}},{"type":"Feature","properties":{"Major_or_M":"0","Known_or_a":"1"},"geometry":{"type":"MultiLineString","coordinates":[[[12.7454,41.4818],[12.7467,41.5085]]]}},{"type":"Feature","properties":{"Major_or_M":"0","Known_or_a":"1"},"geometry":{"type":"MultiLineString","coordinates":[[[12.757,41.5154],[12.7493,41.5138]]]}},{"type":"Feature","properties":{"Major_or_M":"0","Known_or_a":"1"},"geometry":{"type":"MultiLineString","coordinates":[[[12.7258,41.5413],[12.7306,41.5082],[12.7408,41.5113]]]}},{"type":"Feature","properties":{"Major_or_M":"0","Known_or_a":"1"},"geometry":{"type":"MultiLineString","coordinates":[[[12.7246,41.5327],[12.7432,41.5148]]]}},{"type":"Feature","properties":{"Major_or_M":"0","Known_or_a":"1"},"geometry":{"type":"MultiLineString","coordinates":[[[12.6457,41.4718],[12.6563,41.4582]]]}},{"type":"Feature","properties":{"Major_or_M":"0","Known_or_a":"0"},"geometry":{"type":"MultiLineString","coordinates":[[[12.6622,41.7947],[12.6796,41.784]]]}},{"type":"Feature","properties":{"Major_or_M":"0","Known_or_a":"0"},"geometry":{"type":"MultiLineString","coordinates":[[[12.6764,41.7184],[12.7072,41.7411],[12.6942,41.7406]]]}},{"type":"Feature","properties":{"Major_or_M":"0","Known_or_a":"0"},"geometry":{"type":"MultiLineString","coordinates":[[[12.7075,41.741],[12.6979,41.7786],[12.667,41.7749]]]}},{"type":"Feature","properties":{"Major_or_M":"0","Known_or_a":"0"},"geometry":{"type":"MultiLineString","coordinates":[[[12.6809,41.8494],[12.7067,41.8013]]]}},{"type":"Feature","properties":{"Major_or_M":"0","Known_or_a":"0"},"geometry":{"type":"MultiLineString","coordinates":[[[12.5319,41.8098],[12.5568,41.7654]]]}},{"type":"Feature","properties":{"Major_or_M":"0","Known_or_a":"0"},"geometry":{"type":"MultiLineString","coordinates":[[[12.5254,41.7731],[12.5417,41.782]]]}},{"type":"Feature","properties":{"Major_or_M":"0","Known_or_a":"1"},"geometry":{"type":"MultiLineString","coordinates":[[[12.5051,41.7872],[12.5178,41.7814]]]}},{"type":"Feature","properties":{"Major_or_M":"0","Known_or_a":"1"},"geometry":{"type":"MultiLineString","coordinates":[[[12.4117,41.8002],[12.4477,41.8119],[12.4438,41.8297]]]}},{"type":"Feature","properties":{"Major_or_M":"0","Known_or_a":"1"},"geometry":{"type":"MultiLineString","coordinates":[[[12.4479,41.8121],[12.4508,41.8277]]]}},{"type":"Feature","properties":{"Major_or_M":"0","Known_or_a":"0"},"geometry":{"type":"MultiLineString","coordinates":[[[12.1643,42.0015],[12.1567,42.0427]]]}},{"type":"Feature","properties":{"Major_or_M":"0","Known_or_a":"0"},"geometry":{"type":"MultiLineString","coordinates":[[[12.4063,42.0436],[12.4106,42.016],[12.4909,41.9957]]]}},{"type":"Feature","properties":{"Major_or_M":"0","Known_or_a":"0"},"geometry":{"type":"MultiLineString","coordinates":[[[12.4899,42.006],[12.5093,42.0437]]]}},{"type":"Feature","properties":{"Major_or_M":"0","Known_or_a":"0"},"geometry":{"type":"MultiLineString","coordinates":[[[12.4119,42.0256],[12.4802,41.9957]]]}},{"type":"Feature","properties":{"Major_or_M":"0","Known_or_a":"0"},"geometry":{"type":"MultiLineString","coordinates":[[[12.4464,42.0437],[12.4841,42.006]]]}},{"type":"Feature","properties":{"Major_or_M":"0","Known_or_a":"0"},"geometry":{"type":"MultiLineString","coordinates":[[[12.4619,42.0434],[12.4924,42.0032]]]}},{"type":"Feature","properties":{"Major_or_M":"0","Known_or_a":"1"},"geometry":{"type":"MultiLineString","coordinates":[[[12.4958,41.9351],[12.5357,41.9821]]]}},{"type":"Feature","properties":{"Major_or_M":"0","Known_or_a":"1"},"geometry":{"type":"MultiLineString","coordinates":[[[12.4824,41.908],[12.4958,41.9351]]]}},{"type":"Feature","properties":{"Major_or_M":"0","Known_or_a":"0"},"geometry":{"type":"MultiLineString","coordinates":[[[12.498,41.8506],[12.5162,41.846]]]}},{"type":"Feature","properties":{},"geometry":{"type":"MultiLineString","coordinates":[[[12.5035,41.8665],[12.5605,41.8073]]]}},{"type":"Feature","properties":{},"geometry":{"type":"MultiLineString","coordinates":[[[12.4969,41.8983],[12.5099,41.9042]]]}},{"type":"Feature","properties":{"Major_or_M":"1","Known_or_a":"0"},"geometry":{"type":"MultiLineString","coordinates":[[[5.0342,43.8299],[5.0095,43.821]]]}}]}